State,District,Market,Crop,Date,Min_Price_Rs_per_Quintal,Max_Price_Rs_per_Quintal,Modal_Price_Rs_per_Quintal
Andhra Pradesh,Guntur,Central Mandi,Rice,2020-01-01,1864.56,2188.83,2026.7
Andhra Pradesh,Guntur,Central Mandi,Rice,2020-02-01,2079.3,2440.91,2260.1
Andhra Pradesh,Guntur,Agricultural Market,Rice,2020-03-01,2383.3,2797.79,2590.54
Andhra Pradesh,Guntur,Main Market,Rice,2020-04-01,2205.4,2588.94,2397.17
Andhra Pradesh,Guntur,Agricultural Market,Rice,2020-05-01,2209.72,2594.02,2401.87
Andhra Pradesh,Guntur,Central Mandi,Rice,2020-06-01,2172.8,2550.67,2361.74
Andhra Pradesh,Guntur,Main Market,Rice,2020-07-01,1948.72,2287.63,2118.17
Andhra Pradesh,Guntur,Central Mandi,Rice,2020-08-01,1788.04,2099.01,1943.53
Andhra Pradesh,Guntur,Main Market,Rice,2020-09-01,1969.15,2311.61,2140.38
Andhra Pradesh,Guntur,Central Mandi,Rice,2020-10-01,1631.19,1914.88,1773.04
Andhra Pradesh,Guntur,Main Market,Rice,2020-11-01,1729.81,2030.64,1880.23
Andhra Pradesh,Guntur,Central Mandi,Rice,2020-12-01,1981.04,2325.56,2153.3
Andhra Pradesh,Guntur,Central Mandi,Rice,2021-01-01,1929.53,2265.1,2097.31
Andhra Pradesh,Guntur,Main Market,Rice,2021-02-01,2187.18,2567.55,2377.36
Andhra Pradesh,Guntur,Agricultural Market,Rice,2021-03-01,2213.66,2598.64,2406.15
Andhra Pradesh,Guntur,Central Mandi,Rice,2021-04-01,2306.0,2707.05,2506.53
Andhra Pradesh,Guntur,Central Mandi,Rice,2021-05-01,2502.36,2937.55,2719.96
Andhra Pradesh,Guntur,Main Market,Rice,2021-06-01,2320.03,2723.51,2521.77
Andhra Pradesh,Guntur,Agricultural Market,Rice,2021-07-01,2147.19,2520.61,2333.9
Andhra Pradesh,Guntur,Central Mandi,Rice,2021-08-01,1775.99,2084.86,1930.42
Andhra Pradesh,Guntur,Agricultural Market,Rice,2021-09-01,1862.94,2186.93,2024.93
Andhra Pradesh,Guntur,Agricultural Market,Rice,2021-10-01,1970.3,2312.96,2141.63
Andhra Pradesh,Guntur,Main Market,Rice,2021-11-01,1977.53,2321.44,2149.49
Andhra Pradesh,Guntur,Central Mandi,Rice,2021-12-01,1955.17,2295.2,2125.19
Andhra Pradesh,Guntur,Agricultural Market,Rice,2022-01-01,2281.6,2678.4,2480.0
Andhra Pradesh,Guntur,Agricultural Market,Rice,2022-02-01,2298.4,2698.12,2498.26
Andhra Pradesh,Guntur,Central Mandi,Rice,2022-03-01,2150.07,2523.99,2337.03
Andhra Pradesh,Guntur,Agricultural Market,Rice,2022-04-01,2035.83,2389.89,2212.86
Andhra Pradesh,Guntur,Main Market,Rice,2022-05-01,2279.63,2676.09,2477.86
Andhra Pradesh,Guntur,Central Mandi,Rice,2022-06-01,2282.89,2679.91,2481.4
Andhra Pradesh,Guntur,Agricultural Market,Rice,2022-07-01,2035.69,2389.72,2212.7
Andhra Pradesh,Guntur,Main Market,Rice,2022-08-01,1993.89,2340.66,2167.28
Andhra Pradesh,Guntur,Agricultural Market,Rice,2022-09-01,2008.05,2357.28,2182.66
Andhra Pradesh,Guntur,Central Mandi,Rice,2022-10-01,1847.84,2169.21,2008.52
Andhra Pradesh,Guntur,Agricultural Market,Rice,2022-11-01,1927.71,2262.96,2095.34
Andhra Pradesh,Guntur,Agricultural Market,Rice,2022-12-01,2136.4,2507.95,2322.18
Andhra Pradesh,Guntur,Agricultural Market,Rice,2023-01-01,2177.34,2556.0,2366.67
Andhra Pradesh,Guntur,Main Market,Rice,2023-02-01,2367.21,2778.9,2573.06
Andhra Pradesh,Guntur,Central Mandi,Rice,2023-03-01,2553.33,2997.39,2775.36
Andhra Pradesh,Guntur,Main Market,Rice,2023-04-01,2423.76,2845.29,2634.52
Andhra Pradesh,Guntur,Agricultural Market,Rice,2023-05-01,2362.63,2773.52,2568.08
Andhra Pradesh,Guntur,Main Market,Rice,2023-06-01,2275.09,2670.76,2472.93
Andhra Pradesh,Guntur,Central Mandi,Rice,2023-07-01,2152.32,2526.64,2339.48
Andhra Pradesh,Guntur,Main Market,Rice,2023-08-01,1969.76,2312.32,2141.04
Andhra Pradesh,Guntur,Main Market,Rice,2023-09-01,1947.76,2286.5,2117.13
Andhra Pradesh,Guntur,Main Market,Rice,2023-10-01,1893.16,2222.4,2057.78
Andhra Pradesh,Guntur,Central Mandi,Rice,2023-11-01,1942.01,2279.75,2110.88
Andhra Pradesh,Guntur,Central Mandi,Rice,2023-12-01,1972.89,2316.0,2144.44
Andhra Pradesh,Guntur,Main Market,Rice,2024-01-01,2390.22,2805.91,2598.06
Andhra Pradesh,Guntur,Main Market,Rice,2024-02-01,2234.9,2623.58,2429.24
Andhra Pradesh,Guntur,Main Market,Rice,2024-03-01,2326.36,2730.95,2528.65
Andhra Pradesh,Guntur,Central Mandi,Rice,2024-04-01,2628.29,3085.38,2856.84
Andhra Pradesh,Guntur,Agricultural Market,Rice,2024-05-01,2393.06,2809.24,2601.15
Andhra Pradesh,Guntur,Main Market,Rice,2024-06-01,2406.64,2825.19,2615.92
Andhra Pradesh,Guntur,Agricultural Market,Rice,2024-07-01,2217.66,2603.34,2410.5
Andhra Pradesh,Guntur,Central Mandi,Rice,2024-08-01,2176.22,2554.69,2365.46
Andhra Pradesh,Guntur,Main Market,Rice,2024-09-01,1977.48,2321.39,2149.43
Andhra Pradesh,Guntur,Central Mandi,Rice,2024-10-01,2060.15,2418.43,2239.29
Andhra Pradesh,Guntur,Main Market,Rice,2024-11-01,2002.12,2350.31,2176.21
Andhra Pradesh,Guntur,Main Market,Rice,2024-12-01,1900.92,2231.51,2066.22
Andhra Pradesh,Guntur,Agricultural Market,Rice,2025-01-01,2268.73,2663.29,2466.01
Andhra Pradesh,Guntur,Central Mandi,Rice,2025-02-01,2612.19,3066.49,2839.34
Andhra Pradesh,Guntur,Central Mandi,Rice,2025-03-01,2097.83,2462.67,2280.25
Andhra Pradesh,Guntur,Main Market,Rice,2025-04-01,2630.36,3087.81,2859.08
Andhra Pradesh,Guntur,Main Market,Rice,2025-05-01,2285.95,2683.51,2484.73
Andhra Pradesh,Guntur,Agricultural Market,Rice,2025-06-01,2493.88,2927.6,2710.74
Andhra Pradesh,Guntur,Main Market,Rice,2025-07-01,2290.84,2689.25,2490.05
Andhra Pradesh,Guntur,Agricultural Market,Rice,2025-08-01,2066.65,2426.07,2246.36
Andhra Pradesh,Guntur,Main Market,Rice,2025-09-01,1947.82,2286.57,2117.19
Andhra Pradesh,Guntur,Agricultural Market,Rice,2025-10-01,2150.72,2524.76,2337.74
Andhra Pradesh,Guntur,Agricultural Market,Rice,2025-11-01,2031.17,2384.42,2207.79
Andhra Pradesh,Guntur,Central Mandi,Rice,2025-12-01,2268.79,2663.37,2466.08
Andhra Pradesh,Guntur,Agricultural Market,Maize,2020-01-01,1824.7,2142.04,1983.37
Andhra Pradesh,Guntur,Main Market,Maize,2020-02-01,1663.4,1952.68,1808.04
Andhra Pradesh,Guntur,Agricultural Market,Maize,2020-03-01,1895.65,2225.32,2060.49
Andhra Pradesh,Guntur,Central Mandi,Maize,2020-04-01,1960.43,2301.37,2130.9
Andhra Pradesh,Guntur,Main Market,Maize,2020-05-01,2126.71,2496.57,2311.64
Andhra Pradesh,Guntur,Main Market,Maize,2020-06-01,1803.78,2117.49,1960.63
Andhra Pradesh,Guntur,Main Market,Maize,2020-07-01,1939.16,2276.4,2107.78
Andhra Pradesh,Guntur,Central Mandi,Maize,2020-08-01,1849.21,2170.81,2010.01
Andhra Pradesh,Guntur,Main Market,Maize,2020-09-01,1521.75,1786.41,1654.08
Andhra Pradesh,Guntur,Central Mandi,Maize,2020-10-01,1513.01,1776.14,1644.57
Andhra Pradesh,Guntur,Central Mandi,Maize,2020-11-01,1589.19,1865.57,1727.38
Andhra Pradesh,Guntur,Main Market,Maize,2020-12-01,1584.71,1860.31,1722.51
Andhra Pradesh,Guntur,Agricultural Market,Maize,2021-01-01,1822.37,2139.3,1980.83
Andhra Pradesh,Guntur,Main Market,Maize,2021-02-01,1935.26,2271.83,2103.54
Andhra Pradesh,Guntur,Agricultural Market,Maize,2021-03-01,1997.2,2344.53,2170.86
Andhra Pradesh,Guntur,Agricultural Market,Maize,2021-04-01,1774.94,2083.63,1929.29
Andhra Pradesh,Guntur,Main Market,Maize,2021-05-01,2115.38,2483.27,2299.32
Andhra Pradesh,Guntur,Main Market,Maize,2021-06-01,1795.12,2107.32,1951.22
Andhra Pradesh,Guntur,Agricultural Market,Maize,2021-07-01,1711.16,2008.76,1859.96
Andhra Pradesh,Guntur,Agricultural Market,Maize,2021-08-01,1756.06,2061.46,1908.76
Andhra Pradesh,Guntur,Central Mandi,Maize,2021-09-01,1563.59,1835.52,1699.56
Andhra Pradesh,Guntur,Central Mandi,Maize,2021-10-01,1535.97,1803.1,1669.54
Andhra Pradesh,Guntur,Main Market,Maize,2021-11-01,1691.34,1985.49,1838.41
Andhra Pradesh,Guntur,Main Market,Maize,2021-12-01,1804.94,2118.84,1961.89
Andhra Pradesh,Guntur,Agricultural Market,Maize,2022-01-01,1804.21,2117.99,1961.1
Andhra Pradesh,Guntur,Central Mandi,Maize,2022-02-01,1776.0,2084.87,1930.43
Andhra Pradesh,Guntur,Central Mandi,Maize,2022-03-01,1902.64,2233.53,2068.09
Andhra Pradesh,Guntur,Agricultural Market,Maize,2022-04-01,2235.88,2624.72,2430.3
Andhra Pradesh,Guntur,Central Mandi,Maize,2022-05-01,2137.31,2509.02,2323.17
Andhra Pradesh,Guntur,Agricultural Market,Maize,2022-06-01,1914.84,2247.85,2081.34
Andhra Pradesh,Guntur,Central Mandi,Maize,2022-07-01,1946.95,2285.55,2116.25
Andhra Pradesh,Guntur,Central Mandi,Maize,2022-08-01,1932.69,2268.8,2100.74
Andhra Pradesh,Guntur,Agricultural Market,Maize,2022-09-01,1473.92,1730.25,1602.09
Andhra Pradesh,Guntur,Central Mandi,Maize,2022-10-01,1562.17,1833.85,1698.01
Andhra Pradesh,Guntur,Main Market,Maize,2022-11-01,1543.24,1811.62,1677.43
Andhra Pradesh,Guntur,Central Mandi,Maize,2022-12-01,1813.47,2128.85,1971.16
Andhra Pradesh,Guntur,Agricultural Market,Maize,2023-01-01,1921.75,2255.96,2088.85
Andhra Pradesh,Guntur,Central Mandi,Maize,2023-02-01,1925.85,2260.78,2093.32
Andhra Pradesh,Guntur,Central Mandi,Maize,2023-03-01,1959.54,2300.33,2129.93
Andhra Pradesh,Guntur,Agricultural Market,Maize,2023-04-01,2036.72,2390.93,2213.83
Andhra Pradesh,Guntur,Central Mandi,Maize,2023-05-01,1923.68,2258.23,2090.95
Andhra Pradesh,Guntur,Central Mandi,Maize,2023-06-01,1759.19,2065.14,1912.17
Andhra Pradesh,Guntur,Main Market,Maize,2023-07-01,1832.88,2151.64,1992.26
Andhra Pradesh,Guntur,Agricultural Market,Maize,2023-08-01,1897.47,2227.46,2062.46
Andhra Pradesh,Guntur,Agricultural Market,Maize,2023-09-01,1651.02,1938.15,1794.59
Andhra Pradesh,Guntur,Agricultural Market,Maize,2023-10-01,1748.24,2052.28,1900.26
Andhra Pradesh,Guntur,Main Market,Maize,2023-11-01,1683.45,1976.22,1829.83
Andhra Pradesh,Guntur,Central Mandi,Maize,2023-12-01,1742.15,2045.13,1893.64
Andhra Pradesh,Guntur,Agricultural Market,Maize,2024-01-01,1846.63,2167.78,2007.21
Andhra Pradesh,Guntur,Central Mandi,Maize,2024-02-01,1866.98,2191.67,2029.33
Andhra Pradesh,Guntur,Agricultural Market,Maize,2024-03-01,2083.79,2446.19,2264.99
Andhra Pradesh,Guntur,Agricultural Market,Maize,2024-04-01,2303.68,2704.32,2504.0
Andhra Pradesh,Guntur,Central Mandi,Maize,2024-05-01,2263.49,2657.14,2460.31
Andhra Pradesh,Guntur,Central Mandi,Maize,2024-06-01,1866.97,2191.66,2029.32
Andhra Pradesh,Guntur,Central Mandi,Maize,2024-07-01,1818.67,2134.96,1976.81
Andhra Pradesh,Guntur,Agricultural Market,Maize,2024-08-01,1728.65,2029.28,1878.97
Andhra Pradesh,Guntur,Agricultural Market,Maize,2024-09-01,1879.32,2206.15,2042.74
Andhra Pradesh,Guntur,Main Market,Maize,2024-10-01,1625.2,1907.84,1766.52
Andhra Pradesh,Guntur,Agricultural Market,Maize,2024-11-01,1599.09,1877.19,1738.14
Andhra Pradesh,Guntur,Agricultural Market,Maize,2024-12-01,1648.59,1935.3,1791.95
Andhra Pradesh,Guntur,Central Mandi,Maize,2025-01-01,1898.36,2228.51,2063.43
Andhra Pradesh,Guntur,Agricultural Market,Maize,2025-02-01,2168.41,2545.52,2356.96
Andhra Pradesh,Guntur,Main Market,Maize,2025-03-01,2176.16,2554.62,2365.39
Andhra Pradesh,Guntur,Central Mandi,Maize,2025-04-01,1991.01,2337.27,2164.14
Andhra Pradesh,Guntur,Main Market,Maize,2025-05-01,2121.99,2491.04,2306.52
Andhra Pradesh,Guntur,Main Market,Maize,2025-06-01,2199.82,2582.39,2391.1
Andhra Pradesh,Guntur,Main Market,Maize,2025-07-01,1983.21,2328.12,2155.66
Andhra Pradesh,Guntur,Main Market,Maize,2025-08-01,1814.29,2129.82,1972.06
Andhra Pradesh,Guntur,Agricultural Market,Maize,2025-09-01,1595.32,1872.77,1734.05
Andhra Pradesh,Guntur,Agricultural Market,Maize,2025-10-01,1643.32,1929.12,1786.22
Andhra Pradesh,Guntur,Agricultural Market,Maize,2025-11-01,1688.23,1981.84,1835.04
Andhra Pradesh,Guntur,Agricultural Market,Maize,2025-12-01,1953.87,2293.67,2123.77
Andhra Pradesh,Guntur,Main Market,Cotton,2020-01-01,6095.76,7155.9,6625.83
Andhra Pradesh,Guntur,Agricultural Market,Cotton,2020-02-01,5979.21,7019.07,6499.14
Andhra Pradesh,Guntur,Central Mandi,Cotton,2020-03-01,7317.86,8590.53,7954.19
Andhra Pradesh,Guntur,Main Market,Cotton,2020-04-01,7624.89,8950.96,8287.92
Andhra Pradesh,Guntur,Main Market,Cotton,2020-05-01,6408.69,7523.25,6965.97
Andhra Pradesh,Guntur,Agricultural Market,Cotton,2020-06-01,5914.69,6943.33,6429.01
Andhra Pradesh,Guntur,Agricultural Market,Cotton,2020-07-01,5546.02,6510.55,6028.29
Andhra Pradesh,Guntur,Central Mandi,Cotton,2020-08-01,5778.0,6782.87,6280.43
Andhra Pradesh,Guntur,Central Mandi,Cotton,2020-09-01,5658.33,6642.39,6150.36
Andhra Pradesh,Guntur,Central Mandi,Cotton,2020-10-01,5794.54,6802.29,6298.42
Andhra Pradesh,Guntur,Main Market,Cotton,2020-11-01,5470.45,6421.84,5946.15
Andhra Pradesh,Guntur,Agricultural Market,Cotton,2020-12-01,5864.01,6883.84,6373.92
Andhra Pradesh,Guntur,Agricultural Market,Cotton,2021-01-01,6555.49,7695.58,7125.53
Andhra Pradesh,Guntur,Main Market,Cotton,2021-02-01,6725.28,7894.9,7310.09
Andhra Pradesh,Guntur,Agricultural Market,Cotton,2021-03-01,7048.76,8274.63,7661.69
Andhra Pradesh,Guntur,Agricultural Market,Cotton,2021-04-01,6928.66,8133.64,7531.15
Andhra Pradesh,Guntur,Central Mandi,Cotton,2021-05-01,6844.04,8034.31,7439.18
Andhra Pradesh,Guntur,Central Mandi,Cotton,2021-06-01,6915.99,8118.77,7517.38
Andhra Pradesh,Guntur,Main Market,Cotton,2021-07-01,6620.99,7772.47,7196.73
Andhra Pradesh,Guntur,Agricultural Market,Cotton,2021-08-01,6253.16,7340.67,6796.92
Andhra Pradesh,Guntur,Main Market,Cotton,2021-09-01,6073.14,7129.33,6601.23
Andhra Pradesh,Guntur,Main Market,Cotton,2021-10-01,5781.2,6786.62,6283.91
Andhra Pradesh,Guntur,Agricultural Market,Cotton,2021-11-01,5557.45,6523.96,6040.71
Andhra Pradesh,Guntur,Main Market,Cotton,2021-12-01,6723.17,7892.41,7307.79
Andhra Pradesh,Guntur,Main Market,Cotton,2022-01-01,6603.73,7752.2,7177.96
Andhra Pradesh,Guntur,Main Market,Cotton,2022-02-01,6838.87,8028.24,7433.56
Andhra Pradesh,Guntur,Central Mandi,Cotton,2022-03-01,6556.6,7696.88,7126.74
Andhra Pradesh,Guntur,Agricultural Market,Cotton,2022-04-01,7136.11,8377.17,7756.64
Andhra Pradesh,Guntur,Central Mandi,Cotton,2022-05-01,7412.35,8701.46,8056.9
Andhra Pradesh,Guntur,Agricultural Market,Cotton,2022-06-01,6667.39,7826.94,7247.17
Andhra Pradesh,Guntur,Agricultural Market,Cotton,2022-07-01,5711.96,6705.34,6208.65
Andhra Pradesh,Guntur,Main Market,Cotton,2022-08-01,6868.17,8062.64,7465.41
Andhra Pradesh,Guntur,Main Market,Cotton,2022-09-01,6173.88,7247.6,6710.74
Andhra Pradesh,Guntur,Main Market,Cotton,2022-10-01,5895.38,6920.66,6408.02
Andhra Pradesh,Guntur,Central Mandi,Cotton,2022-11-01,5754.63,6755.44,6255.04
Andhra Pradesh,Guntur,Main Market,Cotton,2022-12-01,5965.19,7002.62,6483.9
Andhra Pradesh,Guntur,Agricultural Market,Cotton,2023-01-01,6779.14,7958.12,7368.63
Andhra Pradesh,Guntur,Central Mandi,Cotton,2023-02-01,7358.2,8637.88,7998.04
Andhra Pradesh,Guntur,Main Market,Cotton,2023-03-01,8553.59,10041.17,9297.38
Andhra Pradesh,Guntur,Central Mandi,Cotton,2023-04-01,7643.36,8972.64,8308.0
Andhra Pradesh,Guntur,Central Mandi,Cotton,2023-05-01,6853.61,8045.54,7449.58
Andhra Pradesh,Guntur,Agricultural Market,Cotton,2023-06-01,7607.86,8930.96,8269.41
Andhra Pradesh,Guntur,Agricultural Market,Cotton,2023-07-01,6898.52,8098.26,7498.39
Andhra Pradesh,Guntur,Main Market,Cotton,2023-08-01,6779.44,7958.48,7368.96
Andhra Pradesh,Guntur,Central Mandi,Cotton,2023-09-01,5872.85,6894.22,6383.53
Andhra Pradesh,Guntur,Central Mandi,Cotton,2023-10-01,5464.99,6415.42,5940.21
Andhra Pradesh,Guntur,Agricultural Market,Cotton,2023-11-01,6275.65,7367.07,6821.36
Andhra Pradesh,Guntur,Agricultural Market,Cotton,2023-12-01,6446.47,7567.6,7007.03
Andhra Pradesh,Guntur,Main Market,Cotton,2024-01-01,6255.74,7343.69,6799.72
Andhra Pradesh,Guntur,Main Market,Cotton,2024-02-01,7400.66,8687.73,8044.19
Andhra Pradesh,Guntur,Agricultural Market,Cotton,2024-03-01,7816.03,9175.34,8495.69
Andhra Pradesh,Guntur,Agricultural Market,Cotton,2024-04-01,8341.31,9791.97,9066.64
Andhra Pradesh,Guntur,Main Market,Cotton,2024-05-01,8099.62,9508.25,8803.94
Andhra Pradesh,Guntur,Central Mandi,Cotton,2024-06-01,7432.2,8724.76,8078.48
Andhra Pradesh,Guntur,Agricultural Market,Cotton,2024-07-01,7441.76,8735.98,8088.87
Andhra Pradesh,Guntur,Central Mandi,Cotton,2024-08-01,6401.32,7514.6,6957.96
Andhra Pradesh,Guntur,Main Market,Cotton,2024-09-01,5930.96,6962.43,6446.7
Andhra Pradesh,Guntur,Main Market,Cotton,2024-10-01,5546.27,6510.84,6028.55
Andhra Pradesh,Guntur,Agricultural Market,Cotton,2024-11-01,6383.42,7493.58,6938.5
Andhra Pradesh,Guntur,Central Mandi,Cotton,2024-12-01,6379.74,7489.26,6934.5
Andhra Pradesh,Guntur,Main Market,Cotton,2025-01-01,7440.16,8734.1,8087.13
Andhra Pradesh,Guntur,Main Market,Cotton,2025-02-01,7677.95,9013.25,8345.6
Andhra Pradesh,Guntur,Central Mandi,Cotton,2025-03-01,7313.61,8585.54,7949.58
Andhra Pradesh,Guntur,Main Market,Cotton,2025-04-01,8360.48,9814.48,9087.48
Andhra Pradesh,Guntur,Main Market,Cotton,2025-05-01,7919.13,9296.37,8607.75
Andhra Pradesh,Guntur,Main Market,Cotton,2025-06-01,7113.84,8351.03,7732.44
Andhra Pradesh,Guntur,Main Market,Cotton,2025-07-01,7204.11,8457.0,7830.56
Andhra Pradesh,Guntur,Agricultural Market,Cotton,2025-08-01,6354.94,7460.14,6907.54
Andhra Pradesh,Guntur,Agricultural Market,Cotton,2025-09-01,6688.23,7851.4,7269.81
Andhra Pradesh,Guntur,Central Mandi,Cotton,2025-10-01,6187.33,7263.39,6725.36
Andhra Pradesh,Guntur,Central Mandi,Cotton,2025-11-01,7269.58,8533.85,7901.72
Andhra Pradesh,Guntur,Central Mandi,Cotton,2025-12-01,6630.16,7783.23,7206.7
Andhra Pradesh,Guntur,Main Market,Groundnut,2020-01-01,5100.96,5988.08,5544.52
Andhra Pradesh,Guntur,Main Market,Groundnut,2020-02-01,5621.04,6598.61,6109.82
Andhra Pradesh,Guntur,Agricultural Market,Groundnut,2020-03-01,5313.51,6237.6,5775.55
Andhra Pradesh,Guntur,Central Mandi,Groundnut,2020-04-01,6162.29,7234.0,6698.15
Andhra Pradesh,Guntur,Central Mandi,Groundnut,2020-05-01,5860.05,6879.18,6369.61
Andhra Pradesh,Guntur,Central Mandi,Groundnut,2020-06-01,5665.44,6650.73,6158.08
Andhra Pradesh,Guntur,Main Market,Groundnut,2020-07-01,4603.2,5403.76,5003.48
Andhra Pradesh,Guntur,Agricultural Market,Groundnut,2020-08-01,4640.09,5447.06,5043.57
Andhra Pradesh,Guntur,Central Mandi,Groundnut,2020-09-01,4898.01,5749.84,5323.93
Andhra Pradesh,Guntur,Main Market,Groundnut,2020-10-01,4734.44,5557.82,5146.13
Andhra Pradesh,Guntur,Central Mandi,Groundnut,2020-11-01,4908.5,5762.16,5335.33
Andhra Pradesh,Guntur,Central Mandi,Groundnut,2020-12-01,4921.88,5777.85,5349.86
Andhra Pradesh,Guntur,Agricultural Market,Groundnut,2021-01-01,4763.68,5592.14,5177.91
Andhra Pradesh,Guntur,Main Market,Groundnut,2021-02-01,5702.64,6694.41,6198.53
Andhra Pradesh,Guntur,Agricultural Market,Groundnut,2021-03-01,6210.69,7290.81,6750.75
Andhra Pradesh,Guntur,Main Market,Groundnut,2021-04-01,6516.09,7649.32,7082.7
Andhra Pradesh,Guntur,Main Market,Groundnut,2021-05-01,5490.57,6445.45,5968.01
Andhra Pradesh,Guntur,Agricultural Market,Groundnut,2021-06-01,5791.6,6798.84,6295.22
Andhra Pradesh,Guntur,Main Market,Groundnut,2021-07-01,4962.36,5825.38,5393.87
Andhra Pradesh,Guntur,Main Market,Groundnut,2021-08-01,5262.79,6178.06,5720.42
Andhra Pradesh,Guntur,Central Mandi,Groundnut,2021-09-01,4551.72,5343.32,4947.52
Andhra Pradesh,Guntur,Main Market,Groundnut,2021-10-01,4697.27,5514.19,5105.73
Andhra Pradesh,Guntur,Central Mandi,Groundnut,2021-11-01,5217.97,6125.44,5671.7
Andhra Pradesh,Guntur,Central Mandi,Groundnut,2021-12-01,5303.38,6225.7,5764.54
Andhra Pradesh,Guntur,Central Mandi,Groundnut,2022-01-01,5661.25,6645.82,6153.53
Andhra Pradesh,Guntur,Main Market,Groundnut,2022-02-01,5896.3,6921.74,6409.02
Andhra Pradesh,Guntur,Main Market,Groundnut,2022-03-01,6184.29,7259.82,6722.06
Andhra Pradesh,Guntur,Main Market,Groundnut,2022-04-01,6057.43,7110.89,6584.16
Andhra Pradesh,Guntur,Main Market,Groundnut,2022-05-01,6037.3,7087.27,6562.29
Andhra Pradesh,Guntur,Central Mandi,Groundnut,2022-06-01,5708.65,6701.45,6205.05
Andhra Pradesh,Guntur,Agricultural Market,Groundnut,2022-07-01,5597.33,6570.78,6084.06
Andhra Pradesh,Guntur,Agricultural Market,Groundnut,2022-08-01,4907.85,5761.39,5334.62
Andhra Pradesh,Guntur,Main Market,Groundnut,2022-09-01,4994.27,5862.84,5428.56
Andhra Pradesh,Guntur,Central Mandi,Groundnut,2022-10-01,4424.64,5194.14,4809.39
Andhra Pradesh,Guntur,Central Mandi,Groundnut,2022-11-01,4756.42,5583.62,5170.02
Andhra Pradesh,Guntur,Agricultural Market,Groundnut,2022-12-01,5081.79,5965.58,5523.69
Andhra Pradesh,Guntur,Agricultural Market,Groundnut,2023-01-01,5740.95,6739.37,6240.16
Andhra Pradesh,Guntur,Central Mandi,Groundnut,2023-02-01,5623.7,6601.74,6112.72
Andhra Pradesh,Guntur,Central Mandi,Groundnut,2023-03-01,6171.77,7245.12,6708.44
Andhra Pradesh,Guntur,Agricultural Market,Groundnut,2023-04-01,6516.39,7649.67,7083.03
Andhra Pradesh,Guntur,Agricultural Market,Groundnut,2023-05-01,6105.46,7167.28,6636.37
Andhra Pradesh,Guntur,Main Market,Groundnut,2023-06-01,6282.7,7375.35,6829.02
Andhra Pradesh,Guntur,Central Mandi,Groundnut,2023-07-01,5608.2,6583.54,6095.87
Andhra Pradesh,Guntur,Central Mandi,Groundnut,2023-08-01,5193.28,6096.46,5644.87
Andhra Pradesh,Guntur,Agricultural Market,Groundnut,2023-09-01,4701.13,5518.72,5109.92
Andhra Pradesh,Guntur,Agricultural Market,Groundnut,2023-10-01,4511.24,5295.8,4903.52
Andhra Pradesh,Guntur,Agricultural Market,Groundnut,2023-11-01,5048.62,5926.64,5487.63
Andhra Pradesh,Guntur,Main Market,Groundnut,2023-12-01,5152.43,6048.5,5600.46
Andhra Pradesh,Guntur,Agricultural Market,Groundnut,2024-01-01,5882.42,6905.45,6393.93
Andhra Pradesh,Guntur,Central Mandi,Groundnut,2024-02-01,6094.99,7154.99,6624.99
Andhra Pradesh,Guntur,Main Market,Groundnut,2024-03-01,5917.43,6946.55,6431.99
Andhra Pradesh,Guntur,Main Market,Groundnut,2024-04-01,6551.36,7690.73,7121.05
Andhra Pradesh,Guntur,Central Mandi,Groundnut,2024-05-01,5989.74,7031.44,6510.59
Andhra Pradesh,Guntur,Central Mandi,Groundnut,2024-06-01,5988.78,7030.31,6509.54
Andhra Pradesh,Guntur,Central Mandi,Groundnut,2024-07-01,5927.31,6958.14,6442.73
Andhra Pradesh,Guntur,Agricultural Market,Groundnut,2024-08-01,4788.49,5621.27,5204.88
Andhra Pradesh,Guntur,Central Mandi,Groundnut,2024-09-01,4961.66,5824.55,5393.11
Andhra Pradesh,Guntur,Agricultural Market,Groundnut,2024-10-01,5081.51,5965.25,5523.38
Andhra Pradesh,Guntur,Main Market,Groundnut,2024-11-01,5280.11,6198.39,5739.25
Andhra Pradesh,Guntur,Central Mandi,Groundnut,2024-12-01,5472.67,6424.44,5948.56
Andhra Pradesh,Guntur,Central Mandi,Groundnut,2025-01-01,6225.28,7307.94,6766.61
Andhra Pradesh,Guntur,Central Mandi,Groundnut,2025-02-01,5717.59,6711.95,6214.77
Andhra Pradesh,Guntur,Agricultural Market,Groundnut,2025-03-01,6813.64,7998.62,7406.13
Andhra Pradesh,Guntur,Agricultural Market,Groundnut,2025-04-01,6900.07,8100.08,7500.08
Andhra Pradesh,Guntur,Agricultural Market,Groundnut,2025-05-01,6740.61,7912.89,7326.75
Andhra Pradesh,Guntur,Agricultural Market,Groundnut,2025-06-01,6106.41,7168.39,6637.4
Andhra Pradesh,Guntur,Central Mandi,Groundnut,2025-07-01,5955.66,6991.42,6473.54
Andhra Pradesh,Guntur,Central Mandi,Groundnut,2025-08-01,5185.0,6086.74,5635.87
Andhra Pradesh,Guntur,Central Mandi,Groundnut,2025-09-01,4882.05,5731.1,5306.57
Andhra Pradesh,Guntur,Agricultural Market,Groundnut,2025-10-01,5323.3,6249.09,5786.2
Andhra Pradesh,Guntur,Central Mandi,Groundnut,2025-11-01,5337.88,6266.2,5802.04
Andhra Pradesh,Guntur,Main Market,Groundnut,2025-12-01,5331.15,6258.3,5794.73
Andhra Pradesh,Guntur,Agricultural Market,Chilli,2020-01-01,8744.92,10265.77,9505.35
Andhra Pradesh,Guntur,Main Market,Chilli,2020-02-01,9150.81,10742.26,9946.54
Andhra Pradesh,Guntur,Main Market,Chilli,2020-03-01,10881.03,12773.38,11827.21
Andhra Pradesh,Guntur,Central Mandi,Chilli,2020-04-01,11166.9,13108.97,12137.93
Andhra Pradesh,Guntur,Main Market,Chilli,2020-05-01,10904.69,12801.16,11852.92
Andhra Pradesh,Guntur,Central Mandi,Chilli,2020-06-01,10109.47,11867.63,10988.55
Andhra Pradesh,Guntur,Central Mandi,Chilli,2020-07-01,9150.5,10741.89,9946.19
Andhra Pradesh,Guntur,Main Market,Chilli,2020-08-01,9516.35,11171.37,10343.86
Andhra Pradesh,Guntur,Central Mandi,Chilli,2020-09-01,8100.39,9509.16,8804.78
Andhra Pradesh,Guntur,Main Market,Chilli,2020-10-01,8992.41,10556.3,9774.35
Andhra Pradesh,Guntur,Central Mandi,Chilli,2020-11-01,8576.33,10067.87,9322.1
Andhra Pradesh,Guntur,Main Market,Chilli,2020-12-01,9174.99,10770.64,9972.82
Andhra Pradesh,Guntur,Central Mandi,Chilli,2021-01-01,10347.41,12146.96,11247.18
Andhra Pradesh,Guntur,Main Market,Chilli,2021-02-01,10586.77,12427.95,11507.36
Andhra Pradesh,Guntur,Main Market,Chilli,2021-03-01,11971.04,14052.96,13012.0
Andhra Pradesh,Guntur,Central Mandi,Chilli,2021-04-01,10580.42,12420.49,11500.45
Andhra Pradesh,Guntur,Agricultural Market,Chilli,2021-05-01,10693.35,12553.06,11623.2
Andhra Pradesh,Guntur,Main Market,Chilli,2021-06-01,10680.08,12537.48,11608.78
Andhra Pradesh,Guntur,Main Market,Chilli,2021-07-01,9576.7,11242.22,10409.46
Andhra Pradesh,Guntur,Agricultural Market,Chilli,2021-08-01,9154.26,10746.3,9950.28
Andhra Pradesh,Guntur,Main Market,Chilli,2021-09-01,8552.5,10039.89,9296.2
Andhra Pradesh,Guntur,Central Mandi,Chilli,2021-10-01,8324.34,9772.05,9048.19
Andhra Pradesh,Guntur,Main Market,Chilli,2021-11-01,8159.91,9579.03,8869.47
Andhra Pradesh,Guntur,Agricultural Market,Chilli,2021-12-01,8380.11,9837.53,9108.82
Andhra Pradesh,Guntur,Main Market,Chilli,2022-01-01,9827.03,11536.08,10681.55
Andhra Pradesh,Guntur,Central Mandi,Chilli,2022-02-01,11243.35,13198.71,12221.03
Andhra Pradesh,Guntur,Central Mandi,Chilli,2022-03-01,11643.9,13668.93,12656.41
Andhra Pradesh,Guntur,Main Market,Chilli,2022-04-01,11445.55,13436.08,12440.82
Andhra Pradesh,Guntur,Central Mandi,Chilli,2022-05-01,11081.15,13008.31,12044.73
Andhra Pradesh,Guntur,Agricultural Market,Chilli,2022-06-01,11457.11,13449.65,12453.38
Andhra Pradesh,Guntur,Central Mandi,Chilli,2022-07-01,10867.52,12757.52,11812.52
Andhra Pradesh,Guntur,Agricultural Market,Chilli,2022-08-01,9159.5,10752.46,9955.98
Andhra Pradesh,Guntur,Agricultural Market,Chilli,2022-09-01,9201.28,10801.5,10001.39
Andhra Pradesh,Guntur,Main Market,Chilli,2022-10-01,8426.41,9891.87,9159.14
Andhra Pradesh,Guntur,Main Market,Chilli,2022-11-01,9137.88,10727.08,9932.48
Andhra Pradesh,Guntur,Central Mandi,Chilli,2022-12-01,9357.16,10984.49,10170.82
Andhra Pradesh,Guntur,Central Mandi,Chilli,2023-01-01,10625.4,12473.29,11549.35
Andhra Pradesh,Guntur,Main Market,Chilli,2023-02-01,11800.78,13853.09,12826.94
Andhra Pradesh,Guntur,Central Mandi,Chilli,2023-03-01,10847.47,12733.99,11790.73
Andhra Pradesh,Guntur,Central Mandi,Chilli,2023-04-01,12165.61,14281.37,13223.49
Andhra Pradesh,Guntur,Central Mandi,Chilli,2023-05-01,11704.02,13739.5,12721.76
Andhra Pradesh,Guntur,Central Mandi,Chilli,2023-06-01,10378.49,12183.44,11280.97
Andhra Pradesh,Guntur,Agricultural Market,Chilli,2023-07-01,10161.83,11929.1,11045.47
Andhra Pradesh,Guntur,Agricultural Market,Chilli,2023-08-01,8834.5,10370.93,9602.71
Andhra Pradesh,Guntur,Central Mandi,Chilli,2023-09-01,9519.48,11175.04,10347.26
Andhra Pradesh,Guntur,Main Market,Chilli,2023-10-01,8574.11,10065.26,9319.69
Andhra Pradesh,Guntur,Agricultural Market,Chilli,2023-11-01,9786.23,11488.18,10637.21
Andhra Pradesh,Guntur,Agricultural Market,Chilli,2023-12-01,10428.72,12242.41,11335.57
Andhra Pradesh,Guntur,Agricultural Market,Chilli,2024-01-01,10715.96,12579.61,11647.78
Andhra Pradesh,Guntur,Central Mandi,Chilli,2024-02-01,11585.1,13599.9,12592.5
Andhra Pradesh,Guntur,Main Market,Chilli,2024-03-01,10815.54,12696.51,11756.02
Andhra Pradesh,Guntur,Agricultural Market,Chilli,2024-04-01,11978.84,14062.12,13020.48
Andhra Pradesh,Guntur,Main Market,Chilli,2024-05-01,11324.3,13293.74,12309.02
Andhra Pradesh,Guntur,Agricultural Market,Chilli,2024-06-01,11534.55,13540.56,12537.56
Andhra Pradesh,Guntur,Main Market,Chilli,2024-07-01,9950.93,11681.53,10816.23
Andhra Pradesh,Guntur,Central Mandi,Chilli,2024-08-01,9757.76,11454.76,10606.26
Andhra Pradesh,Guntur,Central Mandi,Chilli,2024-09-01,10095.72,11851.5,10973.61
Andhra Pradesh,Guntur,Main Market,Chilli,2024-10-01,9569.62,11233.9,10401.76
Andhra Pradesh,Guntur,Main Market,Chilli,2024-11-01,9835.99,11546.6,10691.3
Andhra Pradesh,Guntur,Agricultural Market,Chilli,2024-12-01,9771.32,11470.68,10621.0
Andhra Pradesh,Guntur,Central Mandi,Chilli,2025-01-01,10461.52,12280.91,11371.21
Andhra Pradesh,Guntur,Main Market,Chilli,2025-02-01,9673.15,11355.44,10514.29
Andhra Pradesh,Guntur,Agricultural Market,Chilli,2025-03-01,11030.43,12948.77,11989.6
Andhra Pradesh,Guntur,Main Market,Chilli,2025-04-01,13051.79,15321.66,14186.72
Andhra Pradesh,Guntur,Central Mandi,Chilli,2025-05-01,10665.79,12520.71,11593.25
Andhra Pradesh,Guntur,Central Mandi,Chilli,2025-06-01,9725.06,11416.37,10570.72
Andhra Pradesh,Guntur,Agricultural Market,Chilli,2025-07-01,11912.65,13984.41,12948.53
Andhra Pradesh,Guntur,Main Market,Chilli,2025-08-01,9995.92,11734.34,10865.13
Andhra Pradesh,Guntur,Agricultural Market,Chilli,2025-09-01,8992.17,10556.03,9774.1
Andhra Pradesh,Guntur,Central Mandi,Chilli,2025-10-01,9545.23,11205.27,10375.25
Andhra Pradesh,Guntur,Central Mandi,Chilli,2025-11-01,9889.11,11608.96,10749.03
Andhra Pradesh,Guntur,Central Mandi,Chilli,2025-12-01,10118.4,11878.12,10998.26
Andhra Pradesh,Krishna,Agricultural Market,Rice,2020-01-01,2029.07,2381.95,2205.51
Andhra Pradesh,Krishna,Central Mandi,Rice,2020-02-01,2219.0,2604.91,2411.96
Andhra Pradesh,Krishna,Agricultural Market,Rice,2020-03-01,2102.24,2467.85,2285.04
Andhra Pradesh,Krishna,Central Mandi,Rice,2020-04-01,2282.41,2679.35,2480.88
Andhra Pradesh,Krishna,Central Mandi,Rice,2020-05-01,2225.35,2612.37,2418.86
Andhra Pradesh,Krishna,Main Market,Rice,2020-06-01,2235.32,2624.07,2429.69
Andhra Pradesh,Krishna,Central Mandi,Rice,2020-07-01,1996.14,2343.29,2169.71
Andhra Pradesh,Krishna,Main Market,Rice,2020-08-01,1891.04,2219.91,2055.48
Andhra Pradesh,Krishna,Central Mandi,Rice,2020-09-01,1833.38,2152.22,1992.8
Andhra Pradesh,Krishna,Agricultural Market,Rice,2020-10-01,1820.37,2136.96,1978.67
Andhra Pradesh,Krishna,Agricultural Market,Rice,2020-11-01,1728.26,2028.82,1878.54
Andhra Pradesh,Krishna,Central Mandi,Rice,2020-12-01,1906.28,2237.81,2072.05
Andhra Pradesh,Krishna,Agricultural Market,Rice,2021-01-01,2226.19,2613.36,2419.78
Andhra Pradesh,Krishna,Agricultural Market,Rice,2021-02-01,2025.97,2378.32,2202.15
Andhra Pradesh,Krishna,Main Market,Rice,2021-03-01,2067.1,2426.59,2246.84
Andhra Pradesh,Krishna,Agricultural Market,Rice,2021-04-01,2241.51,2631.34,2436.42
Andhra Pradesh,Krishna,Main Market,Rice,2021-05-01,2393.84,2810.16,2602.0
Andhra Pradesh,Krishna,Main Market,Rice,2021-06-01,2082.64,2444.84,2263.74
Andhra Pradesh,Krishna,Central Mandi,Rice,2021-07-01,2192.42,2573.71,2383.06
Andhra Pradesh,Krishna,Main Market,Rice,2021-08-01,2117.86,2486.19,2302.02
Andhra Pradesh,Krishna,Agricultural Market,Rice,2021-09-01,1813.1,2128.42,1970.76
Andhra Pradesh,Krishna,Central Mandi,Rice,2021-10-01,1826.52,2144.17,1985.34
Andhra Pradesh,Krishna,Central Mandi,Rice,2021-11-01,1950.77,2290.04,2120.4
Andhra Pradesh,Krishna,Main Market,Rice,2021-12-01,2071.35,2431.58,2251.46
Andhra Pradesh,Krishna,Agricultural Market,Rice,2022-01-01,2032.14,2385.56,2208.85
Andhra Pradesh,Krishna,Central Mandi,Rice,2022-02-01,2135.0,2506.3,2320.65
Andhra Pradesh,Krishna,Main Market,Rice,2022-03-01,2319.76,2723.19,2521.48
Andhra Pradesh,Krishna,Agricultural Market,Rice,2022-04-01,2464.94,2893.62,2679.28
Andhra Pradesh,Krishna,Central Mandi,Rice,2022-05-01,2468.81,2898.17,2683.49
Andhra Pradesh,Krishna,Main Market,Rice,2022-06-01,2317.99,2721.12,2519.56
Andhra Pradesh,Krishna,Main Market,Rice,2022-07-01,2175.87,2554.28,2365.07
Andhra Pradesh,Krishna,Main Market,Rice,2022-08-01,1941.81,2279.52,2110.66
Andhra Pradesh,Krishna,Central Mandi,Rice,2022-09-01,1936.97,2273.83,2105.4
Andhra Pradesh,Krishna,Main Market,Rice,2022-10-01,1779.08,2088.48,1933.78
Andhra Pradesh,Krishna,Main Market,Rice,2022-11-01,1803.56,2117.23,1960.39
Andhra Pradesh,Krishna,Main Market,Rice,2022-12-01,2033.43,2387.07,2210.25
Andhra Pradesh,Krishna,Agricultural Market,Rice,2023-01-01,2166.52,2543.3,2354.91
Andhra Pradesh,Krishna,Main Market,Rice,2023-02-01,2315.74,2718.48,2517.11
Andhra Pradesh,Krishna,Central Mandi,Rice,2023-03-01,2561.76,3007.28,2784.52
Andhra Pradesh,Krishna,Agricultural Market,Rice,2023-04-01,2584.64,3034.14,2809.39
Andhra Pradesh,Krishna,Central Mandi,Rice,2023-05-01,2466.66,2895.64,2681.15
Andhra Pradesh,Krishna,Central Mandi,Rice,2023-06-01,2375.82,2789.0,2582.41
Andhra Pradesh,Krishna,Agricultural Market,Rice,2023-07-01,1939.21,2276.46,2107.83
Andhra Pradesh,Krishna,Main Market,Rice,2023-08-01,2167.2,2544.11,2355.66
Andhra Pradesh,Krishna,Agricultural Market,Rice,2023-09-01,1876.87,2203.28,2040.07
Andhra Pradesh,Krishna,Agricultural Market,Rice,2023-10-01,1753.32,2058.24,1905.78
Andhra Pradesh,Krishna,Main Market,Rice,2023-11-01,1767.12,2074.45,1920.79
Andhra Pradesh,Krishna,Agricultural Market,Rice,2023-12-01,2047.33,2403.39,2225.36
Andhra Pradesh,Krishna,Main Market,Rice,2024-01-01,2250.73,2642.16,2446.44
Andhra Pradesh,Krishna,Central Mandi,Rice,2024-02-01,2427.16,2849.27,2638.21
Andhra Pradesh,Krishna,Main Market,Rice,2024-03-01,2461.32,2889.37,2675.34
Andhra Pradesh,Krishna,Agricultural Market,Rice,2024-04-01,2451.94,2878.36,2665.15
Andhra Pradesh,Krishna,Main Market,Rice,2024-05-01,2530.07,2970.08,2750.07
Andhra Pradesh,Krishna,Central Mandi,Rice,2024-06-01,2491.97,2925.35,2708.66
Andhra Pradesh,Krishna,Main Market,Rice,2024-07-01,2137.82,2509.62,2323.72
Andhra Pradesh,Krishna,Main Market,Rice,2024-08-01,2169.11,2546.34,2357.72
Andhra Pradesh,Krishna,Main Market,Rice,2024-09-01,2011.61,2361.46,2186.54
Andhra Pradesh,Krishna,Main Market,Rice,2024-10-01,2101.61,2467.11,2284.36
Andhra Pradesh,Krishna,Main Market,Rice,2024-11-01,2049.0,2405.34,2227.17
Andhra Pradesh,Krishna,Agricultural Market,Rice,2024-12-01,1942.07,2279.82,2110.95
Andhra Pradesh,Krishna,Central Mandi,Rice,2025-01-01,2434.71,2858.14,2646.43
Andhra Pradesh,Krishna,Central Mandi,Rice,2025-02-01,2504.72,2940.32,2722.52
Andhra Pradesh,Krishna,Agricultural Market,Rice,2025-03-01,2553.66,2997.77,2775.72
Andhra Pradesh,Krishna,Main Market,Rice,2025-04-01,2423.88,2845.43,2634.66
Andhra Pradesh,Krishna,Central Mandi,Rice,2025-05-01,2735.43,3211.16,2973.3
Andhra Pradesh,Krishna,Central Mandi,Rice,2025-06-01,2375.77,2788.95,2582.36
Andhra Pradesh,Krishna,Central Mandi,Rice,2025-07-01,2166.42,2543.19,2354.8
Andhra Pradesh,Krishna,Agricultural Market,Rice,2025-08-01,2017.9,2368.83,2193.36
Andhra Pradesh,Krishna,Main Market,Rice,2025-09-01,2026.04,2378.39,2202.22
Andhra Pradesh,Krishna,Central Mandi,Rice,2025-10-01,2012.6,2362.62,2187.61
Andhra Pradesh,Krishna,Agricultural Market,Rice,2025-11-01,2043.82,2399.27,2221.55
Andhra Pradesh,Krishna,Central Mandi,Rice,2025-12-01,2125.27,2494.88,2310.08
Andhra Pradesh,Krishna,Main Market,Maize,2020-01-01,1691.19,1985.31,1838.25
Andhra Pradesh,Krishna,Central Mandi,Maize,2020-02-01,1882.25,2209.6,2045.93
Andhra Pradesh,Krishna,Central Mandi,Maize,2020-03-01,2047.2,2403.24,2225.22
Andhra Pradesh,Krishna,Main Market,Maize,2020-04-01,1876.21,2202.51,2039.36
Andhra Pradesh,Krishna,Main Market,Maize,2020-05-01,1790.88,2102.34,1946.61
Andhra Pradesh,Krishna,Agricultural Market,Maize,2020-06-01,1666.43,1956.25,1811.34
Andhra Pradesh,Krishna,Central Mandi,Maize,2020-07-01,1634.26,1918.48,1776.37
Andhra Pradesh,Krishna,Main Market,Maize,2020-08-01,1620.28,1902.06,1761.17
Andhra Pradesh,Krishna,Main Market,Maize,2020-09-01,1531.52,1797.87,1664.69
Andhra Pradesh,Krishna,Main Market,Maize,2020-10-01,1560.7,1832.12,1696.41
Andhra Pradesh,Krishna,Central Mandi,Maize,2020-11-01,1621.96,1904.04,1763.0
Andhra Pradesh,Krishna,Main Market,Maize,2020-12-01,1644.87,1930.94,1787.9
Andhra Pradesh,Krishna,Agricultural Market,Maize,2021-01-01,1897.98,2228.07,2063.02
Andhra Pradesh,Krishna,Main Market,Maize,2021-02-01,1864.97,2189.31,2027.14
Andhra Pradesh,Krishna,Main Market,Maize,2021-03-01,1916.1,2249.34,2082.72
Andhra Pradesh,Krishna,Agricultural Market,Maize,2021-04-01,2125.37,2495.0,2310.19
Andhra Pradesh,Krishna,Main Market,Maize,2021-05-01,2210.5,2594.94,2402.72
Andhra Pradesh,Krishna,Central Mandi,Maize,2021-06-01,2036.89,2391.13,2214.01
Andhra Pradesh,Krishna,Agricultural Market,Maize,2021-07-01,1643.36,1929.16,1786.26
Andhra Pradesh,Krishna,Main Market,Maize,2021-08-01,1722.98,2022.63,1872.8
Andhra Pradesh,Krishna,Central Mandi,Maize,2021-09-01,1833.66,2152.55,1993.11
Andhra Pradesh,Krishna,Central Mandi,Maize,2021-10-01,1684.99,1978.03,1831.51
Andhra Pradesh,Krishna,Central Mandi,Maize,2021-11-01,1575.6,1849.62,1712.61
Andhra Pradesh,Krishna,Main Market,Maize,2021-12-01,1705.96,2002.65,1854.3
Andhra Pradesh,Krishna,Agricultural Market,Maize,2022-01-01,1644.42,1930.4,1787.41
Andhra Pradesh,Krishna,Agricultural Market,Maize,2022-02-01,1904.25,2235.43,2069.84
Andhra Pradesh,Krishna,Agricultural Market,Maize,2022-03-01,2265.68,2659.71,2462.7
Andhra Pradesh,Krishna,Main Market,Maize,2022-04-01,2262.94,2656.5,2459.72
Andhra Pradesh,Krishna,Main Market,Maize,2022-05-01,1892.7,2221.86,2057.28
Andhra Pradesh,Krishna,Main Market,Maize,2022-06-01,2074.5,2435.28,2254.89
Andhra Pradesh,Krishna,Main Market,Maize,2022-07-01,1654.53,1942.27,1798.4
Andhra Pradesh,Krishna,Central Mandi,Maize,2022-08-01,1723.39,2023.11,1873.25
Andhra Pradesh,Krishna,Central Mandi,Maize,2022-09-01,1664.95,1954.51,1809.73
Andhra Pradesh,Krishna,Agricultural Market,Maize,2022-10-01,1563.71,1835.66,1699.69
Andhra Pradesh,Krishna,Agricultural Market,Maize,2022-11-01,1478.29,1735.39,1606.84
Andhra Pradesh,Krishna,Main Market,Maize,2022-12-01,1716.53,2015.06,1865.79
Andhra Pradesh,Krishna,Main Market,Maize,2023-01-01,1768.91,2076.54,1922.72
Andhra Pradesh,Krishna,Central Mandi,Maize,2023-02-01,2252.47,2644.2,2448.34
Andhra Pradesh,Krishna,Agricultural Market,Maize,2023-03-01,1963.96,2305.52,2134.74
Andhra Pradesh,Krishna,Central Mandi,Maize,2023-04-01,2169.5,2546.8,2358.15
Andhra Pradesh,Krishna,Main Market,Maize,2023-05-01,1925.28,2260.11,2092.7
Andhra Pradesh,Krishna,Central Mandi,Maize,2023-06-01,1959.11,2299.82,2129.47
Andhra Pradesh,Krishna,Central Mandi,Maize,2023-07-01,1893.96,2223.35,2058.65
Andhra Pradesh,Krishna,Main Market,Maize,2023-08-01,1597.27,1875.06,1736.17
Andhra Pradesh,Krishna,Agricultural Market,Maize,2023-09-01,1829.53,2147.71,1988.62
Andhra Pradesh,Krishna,Central Mandi,Maize,2023-10-01,1704.37,2000.78,1852.58
Andhra Pradesh,Krishna,Central Mandi,Maize,2023-11-01,1401.56,1645.31,1523.44
Andhra Pradesh,Krishna,Central Mandi,Maize,2023-12-01,1725.18,2025.21,1875.19
Andhra Pradesh,Krishna,Agricultural Market,Maize,2024-01-01,1771.92,2080.08,1926.0
Andhra Pradesh,Krishna,Agricultural Market,Maize,2024-02-01,2053.24,2410.32,2231.78
Andhra Pradesh,Krishna,Agricultural Market,Maize,2024-03-01,2128.52,2498.7,2313.61
Andhra Pradesh,Krishna,Agricultural Market,Maize,2024-04-01,2329.99,2735.21,2532.6
Andhra Pradesh,Krishna,Main Market,Maize,2024-05-01,2067.93,2427.57,2247.75
Andhra Pradesh,Krishna,Main Market,Maize,2024-06-01,1953.11,2292.78,2122.95
Andhra Pradesh,Krishna,Central Mandi,Maize,2024-07-01,1949.0,2287.96,2118.48
Andhra Pradesh,Krishna,Central Mandi,Maize,2024-08-01,1966.62,2308.64,2137.63
Andhra Pradesh,Krishna,Central Mandi,Maize,2024-09-01,1866.03,2190.56,2028.3
Andhra Pradesh,Krishna,Central Mandi,Maize,2024-10-01,1814.49,2130.05,1972.27
Andhra Pradesh,Krishna,Central Mandi,Maize,2024-11-01,1528.29,1794.08,1661.19
Andhra Pradesh,Krishna,Agricultural Market,Maize,2024-12-01,2041.35,2396.37,2218.86
Andhra Pradesh,Krishna,Central Mandi,Maize,2025-01-01,1907.91,2239.72,2073.82
Andhra Pradesh,Krishna,Agricultural Market,Maize,2025-02-01,2123.57,2492.89,2308.23
Andhra Pradesh,Krishna,Agricultural Market,Maize,2025-03-01,2232.84,2621.16,2427.0
Andhra Pradesh,Krishna,Main Market,Maize,2025-04-01,2084.07,2446.52,2265.3
Andhra Pradesh,Krishna,Agricultural Market,Maize,2025-05-01,2175.95,2554.37,2365.16
Andhra Pradesh,Krishna,Agricultural Market,Maize,2025-06-01,2289.41,2687.57,2488.49
Andhra Pradesh,Krishna,Agricultural Market,Maize,2025-07-01,2036.78,2391.01,2213.89
Andhra Pradesh,Krishna,Agricultural Market,Maize,2025-08-01,1768.59,2076.17,1922.38
Andhra Pradesh,Krishna,Central Mandi,Maize,2025-09-01,1754.13,2059.19,1906.66
Andhra Pradesh,Krishna,Agricultural Market,Maize,2025-10-01,1930.37,2266.09,2098.23
Andhra Pradesh,Krishna,Central Mandi,Maize,2025-11-01,1629.83,1913.28,1771.55
Andhra Pradesh,Krishna,Main Market,Maize,2025-12-01,1776.27,2085.19,1930.73
Andhra Pradesh,Krishna,Main Market,Cotton,2020-01-01,6363.14,7469.78,6916.46
Andhra Pradesh,Krishna,Central Mandi,Cotton,2020-02-01,6127.2,7192.8,6660.0
Andhra Pradesh,Krishna,Main Market,Cotton,2020-03-01,6762.19,7938.23,7350.21
Andhra Pradesh,Krishna,Main Market,Cotton,2020-04-01,6286.4,7379.69,6833.04
Andhra Pradesh,Krishna,Central Mandi,Cotton,2020-05-01,6923.09,8127.1,7525.09
Andhra Pradesh,Krishna,Central Mandi,Cotton,2020-06-01,7089.85,8322.87,7706.36
Andhra Pradesh,Krishna,Main Market,Cotton,2020-07-01,5827.78,6841.3,6334.54
Andhra Pradesh,Krishna,Central Mandi,Cotton,2020-08-01,5955.96,6991.78,6473.87
Andhra Pradesh,Krishna,Main Market,Cotton,2020-09-01,5873.69,6895.2,6384.44
Andhra Pradesh,Krishna,Agricultural Market,Cotton,2020-10-01,4995.58,5864.38,5429.98
Andhra Pradesh,Krishna,Central Mandi,Cotton,2020-11-01,5528.77,6490.3,6009.54
Andhra Pradesh,Krishna,Main Market,Cotton,2020-12-01,5595.3,6568.4,6081.85
Andhra Pradesh,Krishna,Main Market,Cotton,2021-01-01,6334.07,7435.64,6884.85
Andhra Pradesh,Krishna,Central Mandi,Cotton,2021-02-01,6657.08,7814.84,7235.96
Andhra Pradesh,Krishna,Main Market,Cotton,2021-03-01,6746.93,7920.31,7333.62
Andhra Pradesh,Krishna,Central Mandi,Cotton,2021-04-01,7369.66,8651.34,8010.5
Andhra Pradesh,Krishna,Agricultural Market,Cotton,2021-05-01,6913.44,8115.77,7514.61
Andhra Pradesh,Krishna,Agricultural Market,Cotton,2021-06-01,6984.05,8198.67,7591.36
Andhra Pradesh,Krishna,Central Mandi,Cotton,2021-07-01,6431.28,7549.77,6990.52
Andhra Pradesh,Krishna,Agricultural Market,Cotton,2021-08-01,6349.77,7454.07,6901.92
Andhra Pradesh,Krishna,Central Mandi,Cotton,2021-09-01,5118.5,6008.67,5563.58
Andhra Pradesh,Krishna,Central Mandi,Cotton,2021-10-01,5588.42,6560.32,6074.37
Andhra Pradesh,Krishna,Agricultural Market,Cotton,2021-11-01,5665.68,6651.02,6158.35
Andhra Pradesh,Krishna,Main Market,Cotton,2021-12-01,5707.16,6699.71,6203.44
Andhra Pradesh,Krishna,Agricultural Market,Cotton,2022-01-01,6460.77,7584.39,7022.58
Andhra Pradesh,Krishna,Agricultural Market,Cotton,2022-02-01,6767.94,7944.97,7356.45
Andhra Pradesh,Krishna,Central Mandi,Cotton,2022-03-01,6841.69,8031.55,7436.62
Andhra Pradesh,Krishna,Agricultural Market,Cotton,2022-04-01,7206.02,8459.24,7832.63
Andhra Pradesh,Krishna,Central Mandi,Cotton,2022-05-01,6891.91,8090.5,7491.2
Andhra Pradesh,Krishna,Agricultural Market,Cotton,2022-06-01,7194.0,8445.13,7819.56
Andhra Pradesh,Krishna,Central Mandi,Cotton,2022-07-01,6665.57,7824.8,7245.18
Andhra Pradesh,Krishna,Central Mandi,Cotton,2022-08-01,5894.99,6920.21,6407.6
Andhra Pradesh,Krishna,Main Market,Cotton,2022-09-01,6317.39,7416.07,6866.73
Andhra Pradesh,Krishna,Agricultural Market,Cotton,2022-10-01,5188.86,6091.27,5640.07
Andhra Pradesh,Krishna,Central Mandi,Cotton,2022-11-01,5104.11,5991.78,5547.94
Andhra Pradesh,Krishna,Agricultural Market,Cotton,2022-12-01,6182.88,7258.16,6720.52
Andhra Pradesh,Krishna,Agricultural Market,Cotton,2023-01-01,7224.96,8481.47,7853.22
Andhra Pradesh,Krishna,Agricultural Market,Cotton,2023-02-01,7635.57,8963.5,8299.53
Andhra Pradesh,Krishna,Central Mandi,Cotton,2023-03-01,7464.08,8762.19,8113.13
Andhra Pradesh,Krishna,Main Market,Cotton,2023-04-01,7159.79,8404.97,7782.38
Andhra Pradesh,Krishna,Main Market,Cotton,2023-05-01,7663.95,8996.81,8330.38
Andhra Pradesh,Krishna,Central Mandi,Cotton,2023-06-01,7683.19,9019.39,8351.29
Andhra Pradesh,Krishna,Agricultural Market,Cotton,2023-07-01,7078.79,8309.88,7694.33
Andhra Pradesh,Krishna,Agricultural Market,Cotton,2023-08-01,6369.9,7477.7,6923.8
Andhra Pradesh,Krishna,Agricultural Market,Cotton,2023-09-01,6009.37,7054.48,6531.93
Andhra Pradesh,Krishna,Agricultural Market,Cotton,2023-10-01,5837.81,6853.09,6345.45
Andhra Pradesh,Krishna,Agricultural Market,Cotton,2023-11-01,6534.9,7671.4,7103.15
Andhra Pradesh,Krishna,Central Mandi,Cotton,2023-12-01,6711.93,7879.22,7295.58
Andhra Pradesh,Krishna,Central Mandi,Cotton,2024-01-01,6742.57,7915.2,7328.89
Andhra Pradesh,Krishna,Central Mandi,Cotton,2024-02-01,7184.01,8433.4,7808.71
Andhra Pradesh,Krishna,Central Mandi,Cotton,2024-03-01,7598.07,8919.48,8258.77
Andhra Pradesh,Krishna,Central Mandi,Cotton,2024-04-01,8228.79,9659.89,8944.34
Andhra Pradesh,Krishna,Main Market,Cotton,2024-05-01,7475.34,8775.4,8125.37
Andhra Pradesh,Krishna,Agricultural Market,Cotton,2024-06-01,7056.14,8283.29,7669.72
Andhra Pradesh,Krishna,Central Mandi,Cotton,2024-07-01,7103.87,8339.33,7721.6
Andhra Pradesh,Krishna,Main Market,Cotton,2024-08-01,6395.55,7507.81,6951.68
Andhra Pradesh,Krishna,Agricultural Market,Cotton,2024-09-01,6914.46,8116.97,7515.72
Andhra Pradesh,Krishna,Main Market,Cotton,2024-10-01,6455.27,7577.93,7016.6
Andhra Pradesh,Krishna,Central Mandi,Cotton,2024-11-01,6640.76,7795.68,7218.22
Andhra Pradesh,Krishna,Agricultural Market,Cotton,2024-12-01,7036.83,8260.63,7648.73
Andhra Pradesh,Krishna,Agricultural Market,Cotton,2025-01-01,7130.98,8371.15,7751.07
Andhra Pradesh,Krishna,Main Market,Cotton,2025-02-01,7974.46,9361.32,8667.89
Andhra Pradesh,Krishna,Main Market,Cotton,2025-03-01,7377.49,8660.54,8019.01
Andhra Pradesh,Krishna,Main Market,Cotton,2025-04-01,8172.95,9594.33,8883.64
Andhra Pradesh,Krishna,Central Mandi,Cotton,2025-05-01,7974.28,9361.12,8667.7
Andhra Pradesh,Krishna,Main Market,Cotton,2025-06-01,7431.66,8724.12,8077.89
Andhra Pradesh,Krishna,Agricultural Market,Cotton,2025-07-01,6914.62,8117.16,7515.89
Andhra Pradesh,Krishna,Agricultural Market,Cotton,2025-08-01,6241.01,7326.4,6783.7
Andhra Pradesh,Krishna,Main Market,Cotton,2025-09-01,6584.35,7729.45,7156.9
Andhra Pradesh,Krishna,Agricultural Market,Cotton,2025-10-01,6059.85,7113.73,6586.79
Andhra Pradesh,Krishna,Central Mandi,Cotton,2025-11-01,6079.16,7136.4,6607.78
Andhra Pradesh,Krishna,Central Mandi,Cotton,2025-12-01,6529.95,7665.6,7097.78
Andhra Pradesh,Krishna,Central Mandi,Groundnut,2020-01-01,5165.49,6063.84,5614.67
Andhra Pradesh,Krishna,Central Mandi,Groundnut,2020-02-01,5408.97,6349.66,5879.32
Andhra Pradesh,Krishna,Central Mandi,Groundnut,2020-03-01,5740.47,6738.82,6239.65
Andhra Pradesh,Krishna,Agricultural Market,Groundnut,2020-04-01,6672.8,7833.29,7253.05
Andhra Pradesh,Krishna,Agricultural Market,Groundnut,2020-05-01,5527.66,6488.99,6008.33
Andhra Pradesh,Krishna,Central Mandi,Groundnut,2020-06-01,5803.79,6813.15,6308.47
Andhra Pradesh,Krishna,Main Market,Groundnut,2020-07-01,4812.54,5649.51,5231.03
Andhra Pradesh,Krishna,Main Market,Groundnut,2020-08-01,5079.16,5962.49,5520.83
Andhra Pradesh,Krishna,Main Market,Groundnut,2020-09-01,4653.38,5462.67,5058.02
Andhra Pradesh,Krishna,Central Mandi,Groundnut,2020-10-01,4603.82,5404.48,5004.15
Andhra Pradesh,Krishna,Agricultural Market,Groundnut,2020-11-01,4560.46,5353.59,4957.03
Andhra Pradesh,Krishna,Main Market,Groundnut,2020-12-01,4861.36,5706.81,5284.08
Andhra Pradesh,Krishna,Agricultural Market,Groundnut,2021-01-01,5094.05,5979.97,5537.01
Andhra Pradesh,Krishna,Central Mandi,Groundnut,2021-02-01,5532.17,6494.29,6013.23
Andhra Pradesh,Krishna,Main Market,Groundnut,2021-03-01,6445.82,7566.83,7006.33
Andhra Pradesh,Krishna,Agricultural Market,Groundnut,2021-04-01,5700.76,6692.19,6196.47
Andhra Pradesh,Krishna,Main Market,Groundnut,2021-05-01,6079.71,7137.05,6608.38
Andhra Pradesh,Krishna,Main Market,Groundnut,2021-06-01,5715.7,6709.73,6212.71
Andhra Pradesh,Krishna,Agricultural Market,Groundnut,2021-07-01,5264.0,6179.48,5721.74
Andhra Pradesh,Krishna,Main Market,Groundnut,2021-08-01,5030.5,5905.37,5467.94
Andhra Pradesh,Krishna,Main Market,Groundnut,2021-09-01,4942.3,5801.83,5372.07
Andhra Pradesh,Krishna,Central Mandi,Groundnut,2021-10-01,4430.35,5200.84,4815.59
Andhra Pradesh,Krishna,Agricultural Market,Groundnut,2021-11-01,4264.67,5006.35,4635.51
Andhra Pradesh,Krishna,Main Market,Groundnut,2021-12-01,4873.83,5721.45,5297.64
Andhra Pradesh,Krishna,Agricultural Market,Groundnut,2022-01-01,5744.11,6743.08,6243.59
Andhra Pradesh,Krishna,Agricultural Market,Groundnut,2022-02-01,6184.56,7260.13,6722.34
Andhra Pradesh,Krishna,Agricultural Market,Groundnut,2022-03-01,6496.75,7626.62,7061.68
Andhra Pradesh,Krishna,Agricultural Market,Groundnut,2022-04-01,6303.19,7399.4,6851.3
Andhra Pradesh,Krishna,Agricultural Market,Groundnut,2022-05-01,5789.35,6796.19,6292.77
Andhra Pradesh,Krishna,Agricultural Market,Groundnut,2022-06-01,5741.07,6739.52,6240.3
Andhra Pradesh,Krishna,Main Market,Groundnut,2022-07-01,4783.38,5615.27,5199.32
Andhra Pradesh,Krishna,Main Market,Groundnut,2022-08-01,5656.17,6639.86,6148.01
Andhra Pradesh,Krishna,Main Market,Groundnut,2022-09-01,4721.0,5542.04,5131.52
Andhra Pradesh,Krishna,Central Mandi,Groundnut,2022-10-01,4809.99,5646.51,5228.25
Andhra Pradesh,Krishna,Agricultural Market,Groundnut,2022-11-01,4188.48,4916.91,4552.7
Andhra Pradesh,Krishna,Agricultural Market,Groundnut,2022-12-01,4616.34,5419.19,5017.77
Andhra Pradesh,Krishna,Central Mandi,Groundnut,2023-01-01,5542.66,6506.6,6024.63
Andhra Pradesh,Krishna,Main Market,Groundnut,2023-02-01,5463.2,6413.32,5938.26
Andhra Pradesh,Krishna,Central Mandi,Groundnut,2023-03-01,6284.95,7377.99,6831.47
Andhra Pradesh,Krishna,Agricultural Market,Groundnut,2023-04-01,6138.63,7206.21,6672.42
Andhra Pradesh,Krishna,Main Market,Groundnut,2023-05-01,6719.77,7888.42,7304.1
Andhra Pradesh,Krishna,Agricultural Market,Groundnut,2023-06-01,5939.44,6972.38,6455.91
Andhra Pradesh,Krishna,Agricultural Market,Groundnut,2023-07-01,5856.13,6874.59,6365.36
Andhra Pradesh,Krishna,Agricultural Market,Groundnut,2023-08-01,5596.2,6569.45,6082.83
Andhra Pradesh,Krishna,Central Mandi,Groundnut,2023-09-01,4979.94,5846.01,5412.97
Andhra Pradesh,Krishna,Main Market,Groundnut,2023-10-01,5341.93,6270.96,5806.44
Andhra Pradesh,Krishna,Central Mandi,Groundnut,2023-11-01,5165.42,6063.75,5614.59
Andhra Pradesh,Krishna,Central Mandi,Groundnut,2023-12-01,5056.91,5936.38,5496.65
Andhra Pradesh,Krishna,Main Market,Groundnut,2024-01-01,6074.67,7131.14,6602.91
Andhra Pradesh,Krishna,Central Mandi,Groundnut,2024-02-01,6289.9,7383.8,6836.85
Andhra Pradesh,Krishna,Central Mandi,Groundnut,2024-03-01,6195.38,7272.84,6734.11
Andhra Pradesh,Krishna,Central Mandi,Groundnut,2024-04-01,5958.72,6995.02,6476.87
Andhra Pradesh,Krishna,Central Mandi,Groundnut,2024-05-01,6191.58,7268.38,6729.98
Andhra Pradesh,Krishna,Main Market,Groundnut,2024-06-01,6391.26,7502.78,6947.02
Andhra Pradesh,Krishna,Main Market,Groundnut,2024-07-01,5894.45,6919.57,6407.01
Andhra Pradesh,Krishna,Central Mandi,Groundnut,2024-08-01,5430.06,6374.42,5902.24
Andhra Pradesh,Krishna,Central Mandi,Groundnut,2024-09-01,4987.27,5854.62,5420.95
Andhra Pradesh,Krishna,Central Mandi,Groundnut,2024-10-01,5190.26,6092.92,5641.59
Andhra Pradesh,Krishna,Central Mandi,Groundnut,2024-11-01,5276.37,6194.0,5735.19
Andhra Pradesh,Krishna,Agricultural Market,Groundnut,2024-12-01,5332.87,6260.32,5796.6
Andhra Pradesh,Krishna,Main Market,Groundnut,2025-01-01,6095.65,7155.76,6625.7
Andhra Pradesh,Krishna,Agricultural Market,Groundnut,2025-02-01,6012.13,7057.72,6534.92
Andhra Pradesh,Krishna,Main Market,Groundnut,2025-03-01,6280.36,7372.6,6826.48
Andhra Pradesh,Krishna,Agricultural Market,Groundnut,2025-04-01,6012.71,7058.4,6535.56
Andhra Pradesh,Krishna,Central Mandi,Groundnut,2025-05-01,6409.39,7524.06,6966.72
Andhra Pradesh,Krishna,Agricultural Market,Groundnut,2025-06-01,6686.97,7849.92,7268.45
Andhra Pradesh,Krishna,Central Mandi,Groundnut,2025-07-01,5670.69,6656.89,6163.79
Andhra Pradesh,Krishna,Main Market,Groundnut,2025-08-01,5187.18,6089.3,5638.24
Andhra Pradesh,Krishna,Central Mandi,Groundnut,2025-09-01,4973.02,5837.89,5405.46
Andhra Pradesh,Krishna,Central Mandi,Groundnut,2025-10-01,5350.02,6280.46,5815.24
Andhra Pradesh,Krishna,Main Market,Groundnut,2025-11-01,4937.44,5796.13,5366.78
Andhra Pradesh,Krishna,Main Market,Groundnut,2025-12-01,5702.82,6694.62,6198.72
Andhra Pradesh,Krishna,Main Market,Chilli,2020-01-01,9837.69,11548.59,10693.14
Andhra Pradesh,Krishna,Agricultural Market,Chilli,2020-02-01,11072.02,12997.59,12034.8
Andhra Pradesh,Krishna,Agricultural Market,Chilli,2020-03-01,9647.19,11324.96,10486.08
Andhra Pradesh,Krishna,Agricultural Market,Chilli,2020-04-01,10951.0,12855.52,11903.26
Andhra Pradesh,Krishna,Central Mandi,Chilli,2020-05-01,10429.01,12242.75,11335.88
Andhra Pradesh,Krishna,Agricultural Market,Chilli,2020-06-01,10048.4,11795.95,10922.17
Andhra Pradesh,Krishna,Agricultural Market,Chilli,2020-07-01,9071.91,10649.63,9860.77
Andhra Pradesh,Krishna,Central Mandi,Chilli,2020-08-01,10060.66,11810.34,10935.5
Andhra Pradesh,Krishna,Central Mandi,Chilli,2020-09-01,8396.11,9856.31,9126.21
Andhra Pradesh,Krishna,Main Market,Chilli,2020-10-01,8559.71,10048.36,9304.03
Andhra Pradesh,Krishna,Agricultural Market,Chilli,2020-11-01,8655.66,10160.99,9408.33
Andhra Pradesh,Krishna,Central Mandi,Chilli,2020-12-01,8819.99,10353.9,9586.95
Andhra Pradesh,Krishna,Central Mandi,Chilli,2021-01-01,9143.46,10733.63,9938.55
Andhra Pradesh,Krishna,Central Mandi,Chilli,2021-02-01,11479.3,13475.69,12477.5
Andhra Pradesh,Krishna,Main Market,Chilli,2021-03-01,12070.35,14169.54,13119.94
Andhra Pradesh,Krishna,Agricultural Market,Chilli,2021-04-01,11013.95,12929.42,11971.69
Andhra Pradesh,Krishna,Central Mandi,Chilli,2021-05-01,11355.0,13329.79,12342.39
Andhra Pradesh,Krishna,Agricultural Market,Chilli,2021-06-01,11182.96,13127.82,12155.39
Andhra Pradesh,Krishna,Central Mandi,Chilli,2021-07-01,10036.73,11782.25,10909.49
Andhra Pradesh,Krishna,Agricultural Market,Chilli,2021-08-01,9347.4,10973.03,10160.22
Andhra Pradesh,Krishna,Central Mandi,Chilli,2021-09-01,8888.37,10434.17,9661.27
Andhra Pradesh,Krishna,Main Market,Chilli,2021-10-01,9099.39,10681.89,9890.64
Andhra Pradesh,Krishna,Main Market,Chilli,2021-11-01,9261.39,10872.06,10066.72
Andhra Pradesh,Krishna,Agricultural Market,Chilli,2021-12-01,10022.21,11765.2,10893.7
Andhra Pradesh,Krishna,Central Mandi,Chilli,2022-01-01,10365.31,12167.97,11266.64
Andhra Pradesh,Krishna,Agricultural Market,Chilli,2022-02-01,10704.4,12566.04,11635.22
Andhra Pradesh,Krishna,Main Market,Chilli,2022-03-01,12227.62,14354.16,13290.89
Andhra Pradesh,Krishna,Central Mandi,Chilli,2022-04-01,10991.86,12903.49,11947.68
Andhra Pradesh,Krishna,Main Market,Chilli,2022-05-01,10580.23,12420.26,11500.24
Andhra Pradesh,Krishna,Main Market,Chilli,2022-06-01,11217.64,13168.53,12193.09
Andhra Pradesh,Krishna,Main Market,Chilli,2022-07-01,9961.6,11694.06,10827.83
Andhra Pradesh,Krishna,Agricultural Market,Chilli,2022-08-01,9043.0,10615.7,9829.35
Andhra Pradesh,Krishna,Central Mandi,Chilli,2022-09-01,9433.41,11074.01,10253.71
Andhra Pradesh,Krishna,Agricultural Market,Chilli,2022-10-01,8590.23,10084.18,9337.21
Andhra Pradesh,Krishna,Agricultural Market,Chilli,2022-11-01,9063.68,10639.98,9851.83
Andhra Pradesh,Krishna,Main Market,Chilli,2022-12-01,9099.43,10681.94,9890.69
Andhra Pradesh,Krishna,Agricultural Market,Chilli,2023-01-01,10469.94,12290.8,11380.37
Andhra Pradesh,Krishna,Agricultural Market,Chilli,2023-02-01,11066.8,12991.46,12029.13
Andhra Pradesh,Krishna,Main Market,Chilli,2023-03-01,11251.17,13207.9,12229.54
Andhra Pradesh,Krishna,Central Mandi,Chilli,2023-04-01,11718.86,13756.93,12737.89
Andhra Pradesh,Krishna,Central Mandi,Chilli,2023-05-01,11489.3,13487.43,12488.37
Andhra Pradesh,Krishna,Main Market,Chilli,2023-06-01,11874.88,13940.08,12907.48
Andhra Pradesh,Krishna,Main Market,Chilli,2023-07-01,9932.08,11659.4,10795.74
Andhra Pradesh,Krishna,Agricultural Market,Chilli,2023-08-01,10123.27,11883.84,11003.55
Andhra Pradesh,Krishna,Main Market,Chilli,2023-09-01,9686.16,11370.71,10528.43
Andhra Pradesh,Krishna,Central Mandi,Chilli,2023-10-01,9835.25,11545.73,10690.49
Andhra Pradesh,Krishna,Main Market,Chilli,2023-11-01,9350.71,10976.92,10163.82
Andhra Pradesh,Krishna,Main Market,Chilli,2023-12-01,9885.73,11604.99,10745.36
Andhra Pradesh,Krishna,Agricultural Market,Chilli,2024-01-01,11167.23,13109.35,12138.29
Andhra Pradesh,Krishna,Central Mandi,Chilli,2024-02-01,11823.39,13879.63,12851.51
Andhra Pradesh,Krishna,Main Market,Chilli,2024-03-01,12344.6,14491.49,13418.05
Andhra Pradesh,Krishna,Central Mandi,Chilli,2024-04-01,11656.71,13683.96,12670.33
Andhra Pradesh,Krishna,Central Mandi,Chilli,2024-05-01,11511.29,13513.26,12512.27
Andhra Pradesh,Krishna,Agricultural Market,Chilli,2024-06-01,10798.61,12676.63,11737.62
Andhra Pradesh,Krishna,Central Mandi,Chilli,2024-07-01,10203.12,11977.57,11090.35
Andhra Pradesh,Krishna,Agricultural Market,Chilli,2024-08-01,9988.15,11725.22,10856.69
Andhra Pradesh,Krishna,Main Market,Chilli,2024-09-01,9689.52,11374.66,10532.09
Andhra Pradesh,Krishna,Main Market,Chilli,2024-10-01,9394.1,11027.86,10210.98
Andhra Pradesh,Krishna,Main Market,Chilli,2024-11-01,9649.18,11327.3,10488.24
Andhra Pradesh,Krishna,Main Market,Chilli,2024-12-01,8838.38,10375.49,9606.93
Andhra Pradesh,Krishna,Central Mandi,Chilli,2025-01-01,11502.48,13502.92,12502.7
Andhra Pradesh,Krishna,Central Mandi,Chilli,2025-02-01,12288.08,14425.13,13356.6
Andhra Pradesh,Krishna,Main Market,Chilli,2025-03-01,12563.34,14748.26,13655.8
Andhra Pradesh,Krishna,Main Market,Chilli,2025-04-01,12730.99,14945.07,13838.03
Andhra Pradesh,Krishna,Agricultural Market,Chilli,2025-05-01,10758.24,12629.24,11693.74
Andhra Pradesh,Krishna,Central Mandi,Chilli,2025-06-01,11425.24,13412.24,12418.74
Andhra Pradesh,Krishna,Main Market,Chilli,2025-07-01,11243.32,13198.68,12221.0
Andhra Pradesh,Krishna,Central Mandi,Chilli,2025-08-01,10014.66,11756.34,10885.5
Andhra Pradesh,Krishna,Central Mandi,Chilli,2025-09-01,8942.45,10497.66,9720.05
Andhra Pradesh,Krishna,Main Market,Chilli,2025-10-01,10435.58,12250.46,11343.02
Andhra Pradesh,Krishna,Main Market,Chilli,2025-11-01,10001.04,11740.35,10870.69
Andhra Pradesh,Krishna,Main Market,Chilli,2025-12-01,9947.15,11677.09,10812.12
Andhra Pradesh,Kurnool,Central Mandi,Rice,2020-01-01,1881.12,2208.27,2044.7
Andhra Pradesh,Kurnool,Agricultural Market,Rice,2020-02-01,2294.17,2693.16,2493.67
Andhra Pradesh,Kurnool,Main Market,Rice,2020-03-01,1995.05,2342.01,2168.53
Andhra Pradesh,Kurnool,Main Market,Rice,2020-04-01,2520.45,2958.79,2739.62
Andhra Pradesh,Kurnool,Agricultural Market,Rice,2020-05-01,2214.4,2599.51,2406.96
Andhra Pradesh,Kurnool,Main Market,Rice,2020-06-01,2077.37,2438.65,2258.01
Andhra Pradesh,Kurnool,Central Mandi,Rice,2020-07-01,2095.89,2460.39,2278.14
Andhra Pradesh,Kurnool,Central Mandi,Rice,2020-08-01,1929.11,2264.61,2096.86
Andhra Pradesh,Kurnool,Agricultural Market,Rice,2020-09-01,1722.09,2021.58,1871.84
Andhra Pradesh,Kurnool,Main Market,Rice,2020-10-01,1950.71,2289.96,2120.33
Andhra Pradesh,Kurnool,Agricultural Market,Rice,2020-11-01,1790.91,2102.38,1946.65
Andhra Pradesh,Kurnool,Agricultural Market,Rice,2020-12-01,2053.12,2410.18,2231.65
Andhra Pradesh,Kurnool,Agricultural Market,Rice,2021-01-01,2034.58,2388.42,2211.5
Andhra Pradesh,Kurnool,Agricultural Market,Rice,2021-02-01,2487.07,2919.61,2703.34
Andhra Pradesh,Kurnool,Main Market,Rice,2021-03-01,2248.53,2639.58,2444.06
Andhra Pradesh,Kurnool,Agricultural Market,Rice,2021-04-01,2258.36,2651.11,2454.73
Andhra Pradesh,Kurnool,Main Market,Rice,2021-05-01,2416.18,2836.38,2626.28
Andhra Pradesh,Kurnool,Agricultural Market,Rice,2021-06-01,2493.86,2927.57,2710.72
Andhra Pradesh,Kurnool,Main Market,Rice,2021-07-01,2206.94,2590.76,2398.85
Andhra Pradesh,Kurnool,Central Mandi,Rice,2021-08-01,1895.86,2225.57,2060.71
Andhra Pradesh,Kurnool,Agricultural Market,Rice,2021-09-01,1933.06,2269.25,2101.16
Andhra Pradesh,Kurnool,Agricultural Market,Rice,2021-10-01,1831.79,2150.36,1991.07
Andhra Pradesh,Kurnool,Main Market,Rice,2021-11-01,1895.85,2225.56,2060.71
Andhra Pradesh,Kurnool,Main Market,Rice,2021-12-01,2004.21,2352.77,2178.49
Andhra Pradesh,Kurnool,Main Market,Rice,2022-01-01,2026.51,2378.95,2202.73
Andhra Pradesh,Kurnool,Agricultural Market,Rice,2022-02-01,2332.3,2737.92,2535.11
Andhra Pradesh,Kurnool,Central Mandi,Rice,2022-03-01,2576.35,3024.41,2800.38
Andhra Pradesh,Kurnool,Main Market,Rice,2022-04-01,2381.98,2796.24,2589.11
Andhra Pradesh,Kurnool,Main Market,Rice,2022-05-01,2498.56,2933.09,2715.82
Andhra Pradesh,Kurnool,Central Mandi,Rice,2022-06-01,2332.28,2737.9,2535.09
Andhra Pradesh,Kurnool,Agricultural Market,Rice,2022-07-01,2177.07,2555.69,2366.38
Andhra Pradesh,Kurnool,Central Mandi,Rice,2022-08-01,1945.69,2284.07,2114.88
Andhra Pradesh,Kurnool,Agricultural Market,Rice,2022-09-01,1861.48,2185.21,2023.35
Andhra Pradesh,Kurnool,Main Market,Rice,2022-10-01,2035.66,2389.69,2212.68
Andhra Pradesh,Kurnool,Agricultural Market,Rice,2022-11-01,1896.34,2226.13,2061.23
Andhra Pradesh,Kurnool,Agricultural Market,Rice,2022-12-01,1914.69,2247.68,2081.19
Andhra Pradesh,Kurnool,Central Mandi,Rice,2023-01-01,2107.2,2473.66,2290.43
Andhra Pradesh,Kurnool,Central Mandi,Rice,2023-02-01,2115.3,2483.18,2299.24
Andhra Pradesh,Kurnool,Central Mandi,Rice,2023-03-01,2469.74,2899.25,2684.49
Andhra Pradesh,Kurnool,Agricultural Market,Rice,2023-04-01,2252.52,2644.27,2448.39
Andhra Pradesh,Kurnool,Main Market,Rice,2023-05-01,2401.2,2818.8,2610.0
Andhra Pradesh,Kurnool,Central Mandi,Rice,2023-06-01,2192.99,2574.38,2383.69
Andhra Pradesh,Kurnool,Central Mandi,Rice,2023-07-01,2014.37,2364.7,2189.54
Andhra Pradesh,Kurnool,Main Market,Rice,2023-08-01,2010.55,2360.21,2185.38
Andhra Pradesh,Kurnool,Central Mandi,Rice,2023-09-01,1891.03,2219.9,2055.47
Andhra Pradesh,Kurnool,Agricultural Market,Rice,2023-10-01,1843.61,2164.24,2003.93
Andhra Pradesh,Kurnool,Central Mandi,Rice,2023-11-01,1862.0,2185.83,2023.92
Andhra Pradesh,Kurnool,Main Market,Rice,2023-12-01,1917.71,2251.22,2084.47
Andhra Pradesh,Kurnool,Main Market,Rice,2024-01-01,2301.34,2701.57,2501.46
Andhra Pradesh,Kurnool,Agricultural Market,Rice,2024-02-01,2135.99,2507.47,2321.73
Andhra Pradesh,Kurnool,Agricultural Market,Rice,2024-03-01,2627.09,3083.97,2855.53
Andhra Pradesh,Kurnool,Main Market,Rice,2024-04-01,2386.73,2801.81,2594.27
Andhra Pradesh,Kurnool,Central Mandi,Rice,2024-05-01,2354.35,2763.81,2559.08
Andhra Pradesh,Kurnool,Central Mandi,Rice,2024-06-01,2511.77,2948.6,2730.19
Andhra Pradesh,Kurnool,Central Mandi,Rice,2024-07-01,2144.25,2517.16,2330.7
Andhra Pradesh,Kurnool,Main Market,Rice,2024-08-01,2195.16,2576.92,2386.04
Andhra Pradesh,Kurnool,Main Market,Rice,2024-09-01,2207.85,2591.83,2399.84
Andhra Pradesh,Kurnool,Central Mandi,Rice,2024-10-01,2097.96,2462.82,2280.39
Andhra Pradesh,Kurnool,Central Mandi,Rice,2024-11-01,2136.66,2508.25,2322.45
Andhra Pradesh,Kurnool,Main Market,Rice,2024-12-01,2390.7,2806.47,2598.58
Andhra Pradesh,Kurnool,Agricultural Market,Rice,2025-01-01,2341.45,2748.66,2545.06
Andhra Pradesh,Kurnool,Main Market,Rice,2025-02-01,2363.6,2774.66,2569.13
Andhra Pradesh,Kurnool,Agricultural Market,Rice,2025-03-01,2310.34,2712.14,2511.24
Andhra Pradesh,Kurnool,Agricultural Market,Rice,2025-04-01,2373.12,2785.84,2579.48
Andhra Pradesh,Kurnool,Central Mandi,Rice,2025-05-01,2607.26,3060.69,2833.97
Andhra Pradesh,Kurnool,Central Mandi,Rice,2025-06-01,2270.31,2665.15,2467.73
Andhra Pradesh,Kurnool,Main Market,Rice,2025-07-01,2380.03,2793.95,2586.99
Andhra Pradesh,Kurnool,Central Mandi,Rice,2025-08-01,2284.52,2681.82,2483.17
Andhra Pradesh,Kurnool,Agricultural Market,Rice,2025-09-01,1869.95,2195.16,2032.55
Andhra Pradesh,Kurnool,Agricultural Market,Rice,2025-10-01,1903.15,2234.13,2068.64
Andhra Pradesh,Kurnool,Central Mandi,Rice,2025-11-01,1872.47,2198.11,2035.29
Andhra Pradesh,Kurnool,Central Mandi,Rice,2025-12-01,2032.29,2385.73,2209.01
Andhra Pradesh,Kurnool,Main Market,Maize,2020-01-01,1941.6,2279.27,2110.43
Andhra Pradesh,Kurnool,Main Market,Maize,2020-02-01,1910.18,2242.38,2076.28
Andhra Pradesh,Kurnool,Central Mandi,Maize,2020-03-01,2010.79,2360.5,2185.64
Andhra Pradesh,Kurnool,Agricultural Market,Maize,2020-04-01,1852.19,2174.31,2013.25
Andhra Pradesh,Kurnool,Main Market,Maize,2020-05-01,1822.27,2139.19,1980.73
Andhra Pradesh,Kurnool,Main Market,Maize,2020-06-01,1935.48,2272.08,2103.78
Andhra Pradesh,Kurnool,Main Market,Maize,2020-07-01,1882.57,2209.97,2046.27
Andhra Pradesh,Kurnool,Main Market,Maize,2020-08-01,1676.25,1967.78,1822.02
Andhra Pradesh,Kurnool,Main Market,Maize,2020-09-01,1436.25,1686.04,1561.15
Andhra Pradesh,Kurnool,Central Mandi,Maize,2020-10-01,1519.58,1783.86,1651.72
Andhra Pradesh,Kurnool,Main Market,Maize,2020-11-01,1481.53,1739.19,1610.36
Andhra Pradesh,Kurnool,Main Market,Maize,2020-12-01,1602.34,1881.01,1741.67
Andhra Pradesh,Kurnool,Central Mandi,Maize,2021-01-01,1681.08,1973.44,1827.26
Andhra Pradesh,Kurnool,Agricultural Market,Maize,2021-02-01,1880.13,2207.11,2043.62
Andhra Pradesh,Kurnool,Agricultural Market,Maize,2021-03-01,2040.46,2395.32,2217.89
Andhra Pradesh,Kurnool,Main Market,Maize,2021-04-01,2138.84,2510.81,2324.82
Andhra Pradesh,Kurnool,Main Market,Maize,2021-05-01,2037.94,2392.37,2215.16
Andhra Pradesh,Kurnool,Agricultural Market,Maize,2021-06-01,1935.01,2271.53,2103.27
Andhra Pradesh,Kurnool,Main Market,Maize,2021-07-01,1838.57,2158.32,1998.44
Andhra Pradesh,Kurnool,Agricultural Market,Maize,2021-08-01,1522.38,1787.14,1654.76
Andhra Pradesh,Kurnool,Agricultural Market,Maize,2021-09-01,1713.71,2011.75,1862.73
Andhra Pradesh,Kurnool,Central Mandi,Maize,2021-10-01,1560.79,1832.23,1696.51
Andhra Pradesh,Kurnool,Central Mandi,Maize,2021-11-01,1537.35,1804.72,1671.04
Andhra Pradesh,Kurnool,Main Market,Maize,2021-12-01,1638.07,1922.95,1780.51
Andhra Pradesh,Kurnool,Main Market,Maize,2022-01-01,1927.45,2262.65,2095.05
Andhra Pradesh,Kurnool,Central Mandi,Maize,2022-02-01,1873.95,2199.86,2036.9
Andhra Pradesh,Kurnool,Main Market,Maize,2022-03-01,1987.45,2333.09,2160.27
Andhra Pradesh,Kurnool,Central Mandi,Maize,2022-04-01,2142.8,2515.46,2329.13
Andhra Pradesh,Kurnool,Agricultural Market,Maize,2022-05-01,2040.2,2395.01,2217.6
Andhra Pradesh,Kurnool,Central Mandi,Maize,2022-06-01,1886.77,2214.91,2050.84
Andhra Pradesh,Kurnool,Central Mandi,Maize,2022-07-01,1802.14,2115.55,1958.85
Andhra Pradesh,Kurnool,Central Mandi,Maize,2022-08-01,1884.2,2211.89,2048.05
Andhra Pradesh,Kurnool,Agricultural Market,Maize,2022-09-01,1630.32,1913.85,1772.08
Andhra Pradesh,Kurnool,Main Market,Maize,2022-10-01,1571.89,1845.26,1708.58
Andhra Pradesh,Kurnool,Main Market,Maize,2022-11-01,1463.85,1718.43,1591.14
Andhra Pradesh,Kurnool,Central Mandi,Maize,2022-12-01,1728.51,2029.11,1878.81
Andhra Pradesh,Kurnool,Agricultural Market,Maize,2023-01-01,1899.16,2229.44,2064.3
Andhra Pradesh,Kurnool,Main Market,Maize,2023-02-01,2111.52,2478.74,2295.13
Andhra Pradesh,Kurnool,Main Market,Maize,2023-03-01,1981.85,2326.52,2154.18
Andhra Pradesh,Kurnool,Main Market,Maize,2023-04-01,2062.78,2421.52,2242.15
Andhra Pradesh,Kurnool,Agricultural Market,Maize,2023-05-01,1948.24,2287.07,2117.66
Andhra Pradesh,Kurnool,Agricultural Market,Maize,2023-06-01,2086.82,2449.75,2268.28
Andhra Pradesh,Kurnool,Main Market,Maize,2023-07-01,1814.15,2129.65,1971.9
Andhra Pradesh,Kurnool,Central Mandi,Maize,2023-08-01,1737.93,2040.17,1889.05
Andhra Pradesh,Kurnool,Agricultural Market,Maize,2023-09-01,1666.2,1955.97,1811.09
Andhra Pradesh,Kurnool,Agricultural Market,Maize,2023-10-01,1517.42,1781.32,1649.37
Andhra Pradesh,Kurnool,Central Mandi,Maize,2023-11-01,1707.17,2004.07,1855.62
Andhra Pradesh,Kurnool,Main Market,Maize,2023-12-01,1888.86,2217.36,2053.11
Andhra Pradesh,Kurnool,Central Mandi,Maize,2024-01-01,2034.0,2387.74,2210.87
Andhra Pradesh,Kurnool,Main Market,Maize,2024-02-01,2101.99,2467.56,2284.78
Andhra Pradesh,Kurnool,Central Mandi,Maize,2024-03-01,2128.85,2499.08,2313.97
Andhra Pradesh,Kurnool,Main Market,Maize,2024-04-01,2074.25,2434.99,2254.62
Andhra Pradesh,Kurnool,Central Mandi,Maize,2024-05-01,2269.05,2663.67,2466.36
Andhra Pradesh,Kurnool,Central Mandi,Maize,2024-06-01,2082.52,2444.7,2263.61
Andhra Pradesh,Kurnool,Central Mandi,Maize,2024-07-01,1987.18,2332.77,2159.97
Andhra Pradesh,Kurnool,Central Mandi,Maize,2024-08-01,1752.05,2056.75,1904.4
Andhra Pradesh,Kurnool,Agricultural Market,Maize,2024-09-01,1795.2,2107.41,1951.31
Andhra Pradesh,Kurnool,Main Market,Maize,2024-10-01,1649.85,1936.78,1793.31
Andhra Pradesh,Kurnool,Main Market,Maize,2024-11-01,1766.87,2074.16,1920.52
Andhra Pradesh,Kurnool,Central Mandi,Maize,2024-12-01,1788.72,2099.8,1944.26
Andhra Pradesh,Kurnool,Agricultural Market,Maize,2025-01-01,1873.04,2198.79,2035.92
Andhra Pradesh,Kurnool,Main Market,Maize,2025-02-01,2056.9,2414.62,2235.76
Andhra Pradesh,Kurnool,Central Mandi,Maize,2025-03-01,2250.4,2641.77,2446.09
Andhra Pradesh,Kurnool,Main Market,Maize,2025-04-01,2003.44,2351.86,2177.65
Andhra Pradesh,Kurnool,Central Mandi,Maize,2025-05-01,2286.08,2683.66,2484.87
Andhra Pradesh,Kurnool,Main Market,Maize,2025-06-01,2183.37,2563.09,2373.23
Andhra Pradesh,Kurnool,Agricultural Market,Maize,2025-07-01,2069.08,2428.92,2249.0
Andhra Pradesh,Kurnool,Main Market,Maize,2025-08-01,1800.22,2113.3,1956.76
Andhra Pradesh,Kurnool,Central Mandi,Maize,2025-09-01,1694.35,1989.02,1841.68
Andhra Pradesh,Kurnool,Agricultural Market,Maize,2025-10-01,1745.91,2049.55,1897.73
Andhra Pradesh,Kurnool,Central Mandi,Maize,2025-11-01,1867.98,2192.85,2030.41
Andhra Pradesh,Kurnool,Main Market,Maize,2025-12-01,1698.4,1993.77,1846.09
Andhra Pradesh,Kurnool,Central Mandi,Cotton,2020-01-01,6338.45,7440.79,6889.62
Andhra Pradesh,Kurnool,Central Mandi,Cotton,2020-02-01,6898.72,8098.5,7498.61
Andhra Pradesh,Kurnool,Central Mandi,Cotton,2020-03-01,6983.12,8197.58,7590.35
Andhra Pradesh,Kurnool,Main Market,Cotton,2020-04-01,7099.29,8333.95,7716.62
Andhra Pradesh,Kurnool,Main Market,Cotton,2020-05-01,7150.88,8394.51,7772.69
Andhra Pradesh,Kurnool,Central Mandi,Cotton,2020-06-01,6304.35,7400.76,6852.56
Andhra Pradesh,Kurnool,Main Market,Cotton,2020-07-01,5968.77,7006.82,6487.79
Andhra Pradesh,Kurnool,Agricultural Market,Cotton,2020-08-01,5730.31,6726.88,6228.6
Andhra Pradesh,Kurnool,Central Mandi,Cotton,2020-09-01,6104.75,7166.45,6635.6
Andhra Pradesh,Kurnool,Central Mandi,Cotton,2020-10-01,5352.74,6283.65,5818.2
Andhra Pradesh,Kurnool,Central Mandi,Cotton,2020-11-01,5542.56,6506.49,6024.53
Andhra Pradesh,Kurnool,Central Mandi,Cotton,2020-12-01,6242.42,7328.06,6785.24
Andhra Pradesh,Kurnool,Main Market,Cotton,2021-01-01,6619.35,7770.54,7194.95
Andhra Pradesh,Kurnool,Main Market,Cotton,2021-02-01,6545.02,7683.28,7114.15
Andhra Pradesh,Kurnool,Agricultural Market,Cotton,2021-03-01,7529.88,8839.43,8184.65
Andhra Pradesh,Kurnool,Agricultural Market,Cotton,2021-04-01,7227.93,8484.96,7856.45
Andhra Pradesh,Kurnool,Agricultural Market,Cotton,2021-05-01,7054.81,8281.73,7668.27
Andhra Pradesh,Kurnool,Main Market,Cotton,2021-06-01,7256.62,8518.64,7887.63
Andhra Pradesh,Kurnool,Agricultural Market,Cotton,2021-07-01,5307.89,6231.0,5769.45
Andhra Pradesh,Kurnool,Central Mandi,Cotton,2021-08-01,6510.91,7643.24,7077.07
Andhra Pradesh,Kurnool,Central Mandi,Cotton,2021-09-01,6050.63,7102.91,6576.77
Andhra Pradesh,Kurnool,Central Mandi,Cotton,2021-10-01,5636.67,6616.97,6126.82
Andhra Pradesh,Kurnool,Main Market,Cotton,2021-11-01,5789.4,6796.26,6292.83
Andhra Pradesh,Kurnool,Agricultural Market,Cotton,2021-12-01,6494.74,7624.26,7059.5
Andhra Pradesh,Kurnool,Agricultural Market,Cotton,2022-01-01,6870.77,8065.69,7468.23
Andhra Pradesh,Kurnool,Agricultural Market,Cotton,2022-02-01,7124.0,8362.95,7743.47
Andhra Pradesh,Kurnool,Agricultural Market,Cotton,2022-03-01,7525.82,8834.66,8180.24
Andhra Pradesh,Kurnool,Main Market,Cotton,2022-04-01,7109.02,8345.37,7727.2
Andhra Pradesh,Kurnool,Main Market,Cotton,2022-05-01,6212.76,7293.24,6753.0
Andhra Pradesh,Kurnool,Agricultural Market,Cotton,2022-06-01,6761.7,7937.65,7349.67
Andhra Pradesh,Kurnool,Central Mandi,Cotton,2022-07-01,6644.12,7799.62,7221.87
Andhra Pradesh,Kurnool,Agricultural Market,Cotton,2022-08-01,6378.32,7487.59,6932.95
Andhra Pradesh,Kurnool,Central Mandi,Cotton,2022-09-01,6138.61,7206.2,6672.4
Andhra Pradesh,Kurnool,Agricultural Market,Cotton,2022-10-01,6147.51,7216.64,6682.07
Andhra Pradesh,Kurnool,Agricultural Market,Cotton,2022-11-01,5982.93,7023.44,6503.18
Andhra Pradesh,Kurnool,Main Market,Cotton,2022-12-01,6261.26,7350.18,6805.72
Andhra Pradesh,Kurnool,Main Market,Cotton,2023-01-01,7470.24,8769.41,8119.82
Andhra Pradesh,Kurnool,Main Market,Cotton,2023-02-01,7378.65,8661.9,8020.28
Andhra Pradesh,Kurnool,Central Mandi,Cotton,2023-03-01,7705.68,9045.79,8375.73
Andhra Pradesh,Kurnool,Main Market,Cotton,2023-04-01,7707.46,9047.89,8377.68
Andhra Pradesh,Kurnool,Agricultural Market,Cotton,2023-05-01,6919.7,8123.13,7521.41
Andhra Pradesh,Kurnool,Main Market,Cotton,2023-06-01,7145.17,8387.81,7766.49
Andhra Pradesh,Kurnool,Main Market,Cotton,2023-07-01,5993.12,7035.4,6514.26
Andhra Pradesh,Kurnool,Central Mandi,Cotton,2023-08-01,6228.19,7311.35,6769.77
Andhra Pradesh,Kurnool,Central Mandi,Cotton,2023-09-01,5374.23,6308.88,5841.56
Andhra Pradesh,Kurnool,Main Market,Cotton,2023-10-01,5911.26,6939.31,6425.28
Andhra Pradesh,Kurnool,Agricultural Market,Cotton,2023-11-01,6155.34,7225.84,6690.59
Andhra Pradesh,Kurnool,Main Market,Cotton,2023-12-01,6608.97,7758.35,7183.66
Andhra Pradesh,Kurnool,Main Market,Cotton,2024-01-01,6680.18,7841.95,7261.06
Andhra Pradesh,Kurnool,Central Mandi,Cotton,2024-02-01,7449.15,8744.65,8096.9
Andhra Pradesh,Kurnool,Agricultural Market,Cotton,2024-03-01,7525.79,8834.62,8180.21
Andhra Pradesh,Kurnool,Main Market,Cotton,2024-04-01,8401.22,9862.3,9131.76
Andhra Pradesh,Kurnool,Agricultural Market,Cotton,2024-05-01,7395.24,8681.36,8038.3
Andhra Pradesh,Kurnool,Main Market,Cotton,2024-06-01,7735.41,9080.69,8408.05
Andhra Pradesh,Kurnool,Main Market,Cotton,2024-07-01,6548.61,7687.5,7118.05
Andhra Pradesh,Kurnool,Agricultural Market,Cotton,2024-08-01,5949.47,6984.16,6466.82
Andhra Pradesh,Kurnool,Central Mandi,Cotton,2024-09-01,6756.66,7931.73,7344.2
Andhra Pradesh,Kurnool,Main Market,Cotton,2024-10-01,5818.96,6830.95,6324.96
Andhra Pradesh,Kurnool,Agricultural Market,Cotton,2024-11-01,6074.41,7130.83,6602.62
Andhra Pradesh,Kurnool,Central Mandi,Cotton,2024-12-01,6863.61,8057.28,7460.45
Andhra Pradesh,Kurnool,Main Market,Cotton,2025-01-01,6795.59,7977.44,7386.52
Andhra Pradesh,Kurnool,Central Mandi,Cotton,2025-02-01,7519.75,8827.54,8173.65
Andhra Pradesh,Kurnool,Central Mandi,Cotton,2025-03-01,7411.64,8700.62,8056.13
Andhra Pradesh,Kurnool,Main Market,Cotton,2025-04-01,7656.08,8987.57,8321.82
Andhra Pradesh,Kurnool,Agricultural Market,Cotton,2025-05-01,7385.24,8669.62,8027.43
Andhra Pradesh,Kurnool,Central Mandi,Cotton,2025-06-01,7313.31,8585.19,7949.25
Andhra Pradesh,Kurnool,Main Market,Cotton,2025-07-01,7736.42,9081.88,8409.15
Andhra Pradesh,Kurnool,Central Mandi,Cotton,2025-08-01,6641.53,7796.57,7219.05
Andhra Pradesh,Kurnool,Main Market,Cotton,2025-09-01,6196.54,7274.2,6735.37
Andhra Pradesh,Kurnool,Agricultural Market,Cotton,2025-10-01,5506.58,6464.25,5985.41
Andhra Pradesh,Kurnool,Main Market,Cotton,2025-11-01,6650.68,7807.31,7228.99
Andhra Pradesh,Kurnool,Agricultural Market,Cotton,2025-12-01,6482.37,7609.74,7046.05
Andhra Pradesh,Kurnool,Central Mandi,Groundnut,2020-01-01,5528.44,6489.91,6009.18
Andhra Pradesh,Kurnool,Central Mandi,Groundnut,2020-02-01,5149.84,6045.47,5597.66
Andhra Pradesh,Kurnool,Central Mandi,Groundnut,2020-03-01,5621.16,6598.76,6109.96
Andhra Pradesh,Kurnool,Agricultural Market,Groundnut,2020-04-01,6049.11,7101.13,6575.12
Andhra Pradesh,Kurnool,Main Market,Groundnut,2020-05-01,5961.77,6998.6,6480.18
Andhra Pradesh,Kurnool,Agricultural Market,Groundnut,2020-06-01,5630.07,6609.21,6119.64
Andhra Pradesh,Kurnool,Main Market,Groundnut,2020-07-01,4845.4,5688.08,5266.74
Andhra Pradesh,Kurnool,Agricultural Market,Groundnut,2020-08-01,5273.44,6190.56,5732.0
Andhra Pradesh,Kurnool,Agricultural Market,Groundnut,2020-09-01,4382.34,5144.48,4763.41
Andhra Pradesh,Kurnool,Agricultural Market,Groundnut,2020-10-01,4921.25,5777.12,5349.19
Andhra Pradesh,Kurnool,Main Market,Groundnut,2020-11-01,4325.76,5078.07,4701.92
Andhra Pradesh,Kurnool,Central Mandi,Groundnut,2020-12-01,5056.44,5935.82,5496.13
Andhra Pradesh,Kurnool,Agricultural Market,Groundnut,2021-01-01,5386.6,6323.4,5855.0
Andhra Pradesh,Kurnool,Agricultural Market,Groundnut,2021-02-01,5247.26,6159.83,5703.55
Andhra Pradesh,Kurnool,Main Market,Groundnut,2021-03-01,5753.87,6754.54,6254.2
Andhra Pradesh,Kurnool,Central Mandi,Groundnut,2021-04-01,6025.91,7073.89,6549.9
Andhra Pradesh,Kurnool,Agricultural Market,Groundnut,2021-05-01,5778.16,6783.06,6280.61
Andhra Pradesh,Kurnool,Central Mandi,Groundnut,2021-06-01,6367.6,7475.01,6921.31
Andhra Pradesh,Kurnool,Main Market,Groundnut,2021-07-01,5501.01,6457.71,5979.36
Andhra Pradesh,Kurnool,Agricultural Market,Groundnut,2021-08-01,4598.11,5397.78,4997.95
Andhra Pradesh,Kurnool,Main Market,Groundnut,2021-09-01,4599.24,5399.11,4999.17
Andhra Pradesh,Kurnool,Agricultural Market,Groundnut,2021-10-01,4833.56,5674.18,5253.87
Andhra Pradesh,Kurnool,Main Market,Groundnut,2021-11-01,5025.12,5899.05,5462.09
Andhra Pradesh,Kurnool,Agricultural Market,Groundnut,2021-12-01,5141.12,6035.23,5588.18
Andhra Pradesh,Kurnool,Central Mandi,Groundnut,2022-01-01,5120.18,6010.64,5565.41
Andhra Pradesh,Kurnool,Agricultural Market,Groundnut,2022-02-01,5862.42,6881.97,6372.19
Andhra Pradesh,Kurnool,Main Market,Groundnut,2022-03-01,6448.44,7569.91,7009.18
Andhra Pradesh,Kurnool,Central Mandi,Groundnut,2022-04-01,5812.36,6823.2,6317.78
Andhra Pradesh,Kurnool,Main Market,Groundnut,2022-05-01,5950.9,6985.84,6468.37
Andhra Pradesh,Kurnool,Main Market,Groundnut,2022-06-01,5276.58,6194.25,5735.42
Andhra Pradesh,Kurnool,Main Market,Groundnut,2022-07-01,5317.7,6242.52,5780.11
Andhra Pradesh,Kurnool,Central Mandi,Groundnut,2022-08-01,4556.52,5348.96,4952.74
Andhra Pradesh,Kurnool,Central Mandi,Groundnut,2022-09-01,5112.66,6001.81,5557.24
Andhra Pradesh,Kurnool,Central Mandi,Groundnut,2022-10-01,4735.97,5559.62,5147.79
Andhra Pradesh,Kurnool,Main Market,Groundnut,2022-11-01,4282.31,5027.05,4654.68
Andhra Pradesh,Kurnool,Agricultural Market,Groundnut,2022-12-01,5430.2,6374.59,5902.39
Andhra Pradesh,Kurnool,Central Mandi,Groundnut,2023-01-01,6153.13,7223.24,6688.19
Andhra Pradesh,Kurnool,Main Market,Groundnut,2023-02-01,5945.14,6979.08,6462.11
Andhra Pradesh,Kurnool,Agricultural Market,Groundnut,2023-03-01,6205.81,7285.08,6745.44
Andhra Pradesh,Kurnool,Central Mandi,Groundnut,2023-04-01,5862.45,6882.01,6372.23
Andhra Pradesh,Kurnool,Agricultural Market,Groundnut,2023-05-01,6161.48,7233.04,6697.26
Andhra Pradesh,Kurnool,Main Market,Groundnut,2023-06-01,5843.01,6859.18,6351.1
Andhra Pradesh,Kurnool,Agricultural Market,Groundnut,2023-07-01,5485.19,6439.14,5962.17
Andhra Pradesh,Kurnool,Main Market,Groundnut,2023-08-01,5213.34,6120.01,5666.67
Andhra Pradesh,Kurnool,Main Market,Groundnut,2023-09-01,5560.2,6527.19,6043.69
Andhra Pradesh,Kurnool,Agricultural Market,Groundnut,2023-10-01,4811.15,5647.87,5229.51
Andhra Pradesh,Kurnool,Main Market,Groundnut,2023-11-01,4547.87,5338.8,4943.33
Andhra Pradesh,Kurnool,Agricultural Market,Groundnut,2023-12-01,5477.57,6430.19,5953.88
Andhra Pradesh,Kurnool,Central Mandi,Groundnut,2024-01-01,5432.22,6376.96,5904.59
Andhra Pradesh,Kurnool,Agricultural Market,Groundnut,2024-02-01,6133.66,7200.38,6667.02
Andhra Pradesh,Kurnool,Agricultural Market,Groundnut,2024-03-01,6569.57,7712.1,7140.84
Andhra Pradesh,Kurnool,Central Mandi,Groundnut,2024-04-01,6178.2,7252.67,6715.44
Andhra Pradesh,Kurnool,Main Market,Groundnut,2024-05-01,6205.54,7284.76,6745.15
Andhra Pradesh,Kurnool,Central Mandi,Groundnut,2024-06-01,5355.1,6286.43,5820.77
Andhra Pradesh,Kurnool,Central Mandi,Groundnut,2024-07-01,5821.25,6833.64,6327.44
Andhra Pradesh,Kurnool,Main Market,Groundnut,2024-08-01,5335.82,6263.79,5799.8
Andhra Pradesh,Kurnool,Agricultural Market,Groundnut,2024-09-01,5031.05,5906.01,5468.53
Andhra Pradesh,Kurnool,Main Market,Groundnut,2024-10-01,5197.97,6101.97,5649.97
Andhra Pradesh,Kurnool,Agricultural Market,Groundnut,2024-11-01,5329.25,6256.07,5792.66
Andhra Pradesh,Kurnool,Main Market,Groundnut,2024-12-01,5338.21,6266.6,5802.41
Andhra Pradesh,Kurnool,Central Mandi,Groundnut,2025-01-01,5882.09,6905.06,6393.58
Andhra Pradesh,Kurnool,Agricultural Market,Groundnut,2025-02-01,6014.43,7060.42,6537.43
Andhra Pradesh,Kurnool,Central Mandi,Groundnut,2025-03-01,6218.52,7300.0,6759.26
Andhra Pradesh,Kurnool,Main Market,Groundnut,2025-04-01,5579.82,6550.22,6065.02
Andhra Pradesh,Kurnool,Central Mandi,Groundnut,2025-05-01,5942.87,6976.42,6459.65
Andhra Pradesh,Kurnool,Agricultural Market,Groundnut,2025-06-01,6115.33,7178.87,6647.1
Andhra Pradesh,Kurnool,Central Mandi,Groundnut,2025-07-01,5831.85,6846.09,6338.97
Andhra Pradesh,Kurnool,Agricultural Market,Groundnut,2025-08-01,5704.5,6696.59,6200.55
Andhra Pradesh,Kurnool,Main Market,Groundnut,2025-09-01,5385.45,6322.05,5853.75
Andhra Pradesh,Kurnool,Agricultural Market,Groundnut,2025-10-01,5431.16,6375.71,5903.44
Andhra Pradesh,Kurnool,Agricultural Market,Groundnut,2025-11-01,5252.13,6165.54,5708.83
Andhra Pradesh,Kurnool,Agricultural Market,Groundnut,2025-12-01,5414.97,6356.71,5885.84
Andhra Pradesh,Kurnool,Main Market,Chilli,2020-01-01,9244.21,10851.89,10048.05
Andhra Pradesh,Kurnool,Main Market,Chilli,2020-02-01,10637.79,12487.83,11562.81
Andhra Pradesh,Kurnool,Main Market,Chilli,2020-03-01,11445.95,13436.55,12441.25
Andhra Pradesh,Kurnool,Agricultural Market,Chilli,2020-04-01,11165.45,13107.26,12136.36
Andhra Pradesh,Kurnool,Agricultural Market,Chilli,2020-05-01,11150.25,13089.42,12119.83
Andhra Pradesh,Kurnool,Central Mandi,Chilli,2020-06-01,9919.78,11644.96,10782.37
Andhra Pradesh,Kurnool,Central Mandi,Chilli,2020-07-01,8592.23,10086.53,9339.38
Andhra Pradesh,Kurnool,Main Market,Chilli,2020-08-01,9127.54,10714.94,9921.24
Andhra Pradesh,Kurnool,Central Mandi,Chilli,2020-09-01,9417.39,11055.2,10236.29
Andhra Pradesh,Kurnool,Central Mandi,Chilli,2020-10-01,8764.12,10288.31,9526.22
Andhra Pradesh,Kurnool,Main Market,Chilli,2020-11-01,9345.38,10970.66,10158.02
Andhra Pradesh,Kurnool,Agricultural Market,Chilli,2020-12-01,9549.18,11209.9,10379.54
Andhra Pradesh,Kurnool,Central Mandi,Chilli,2021-01-01,9382.75,11014.54,10198.65
Andhra Pradesh,Kurnool,Central Mandi,Chilli,2021-02-01,10681.18,12538.77,11609.98
Andhra Pradesh,Kurnool,Agricultural Market,Chilli,2021-03-01,10866.45,12756.27,11811.36
Andhra Pradesh,Kurnool,Agricultural Market,Chilli,2021-04-01,10101.86,11858.71,10980.28
Andhra Pradesh,Kurnool,Central Mandi,Chilli,2021-05-01,10614.25,12460.21,11537.23
Andhra Pradesh,Kurnool,Main Market,Chilli,2021-06-01,11146.3,13084.78,12115.54
Andhra Pradesh,Kurnool,Main Market,Chilli,2021-07-01,9905.51,11628.21,10766.86
Andhra Pradesh,Kurnool,Main Market,Chilli,2021-08-01,8550.53,10037.58,9294.06
Andhra Pradesh,Kurnool,Central Mandi,Chilli,2021-09-01,9211.13,10813.07,10012.1
Andhra Pradesh,Kurnool,Main Market,Chilli,2021-10-01,9056.73,10631.82,9844.27
Andhra Pradesh,Kurnool,Main Market,Chilli,2021-11-01,8952.26,10509.17,9730.72
Andhra Pradesh,Kurnool,Main Market,Chilli,2021-12-01,9689.01,11374.06,10531.53
Andhra Pradesh,Kurnool,Agricultural Market,Chilli,2022-01-01,11536.22,13542.52,12539.37
Andhra Pradesh,Kurnool,Agricultural Market,Chilli,2022-02-01,10778.79,12653.36,11716.07
Andhra Pradesh,Kurnool,Main Market,Chilli,2022-03-01,11987.86,14072.7,13030.28
Andhra Pradesh,Kurnool,Agricultural Market,Chilli,2022-04-01,9149.05,10740.19,9944.62
Andhra Pradesh,Kurnool,Main Market,Chilli,2022-05-01,10995.9,12908.23,11952.07
Andhra Pradesh,Kurnool,Agricultural Market,Chilli,2022-06-01,11066.77,12991.42,12029.1
Andhra Pradesh,Kurnool,Agricultural Market,Chilli,2022-07-01,9190.36,10788.69,9989.52
Andhra Pradesh,Kurnool,Agricultural Market,Chilli,2022-08-01,9402.93,11038.22,10220.57
Andhra Pradesh,Kurnool,Central Mandi,Chilli,2022-09-01,9117.19,10702.79,9909.99
Andhra Pradesh,Kurnool,Main Market,Chilli,2022-10-01,8375.61,9832.24,9103.92
Andhra Pradesh,Kurnool,Agricultural Market,Chilli,2022-11-01,8806.87,10338.5,9572.69
Andhra Pradesh,Kurnool,Central Mandi,Chilli,2022-12-01,8750.96,10272.86,9511.91
Andhra Pradesh,Kurnool,Agricultural Market,Chilli,2023-01-01,10608.92,12453.95,11531.44
Andhra Pradesh,Kurnool,Agricultural Market,Chilli,2023-02-01,11306.8,13273.2,12290.0
Andhra Pradesh,Kurnool,Agricultural Market,Chilli,2023-03-01,11480.44,13477.04,12478.74
Andhra Pradesh,Kurnool,Central Mandi,Chilli,2023-04-01,11459.85,13452.87,12456.36
Andhra Pradesh,Kurnool,Central Mandi,Chilli,2023-05-01,12429.85,14591.56,13510.71
Andhra Pradesh,Kurnool,Central Mandi,Chilli,2023-06-01,9611.92,11283.55,10447.73
Andhra Pradesh,Kurnool,Central Mandi,Chilli,2023-07-01,10739.15,12606.82,11672.99
Andhra Pradesh,Kurnool,Main Market,Chilli,2023-08-01,9533.76,11191.8,10362.78
Andhra Pradesh,Kurnool,Main Market,Chilli,2023-09-01,9251.59,10860.56,10056.08
Andhra Pradesh,Kurnool,Main Market,Chilli,2023-10-01,9446.35,11089.2,10267.78
Andhra Pradesh,Kurnool,Agricultural Market,Chilli,2023-11-01,8905.93,10454.79,9680.36
Andhra Pradesh,Kurnool,Agricultural Market,Chilli,2023-12-01,10276.38,12063.57,11169.98
Andhra Pradesh,Kurnool,Central Mandi,Chilli,2024-01-01,10054.03,11802.56,10928.29
Andhra Pradesh,Kurnool,Agricultural Market,Chilli,2024-02-01,11039.24,12959.11,11999.18
Andhra Pradesh,Kurnool,Central Mandi,Chilli,2024-03-01,12054.07,14150.43,13102.25
Andhra Pradesh,Kurnool,Central Mandi,Chilli,2024-04-01,11466.77,13460.99,12463.88
Andhra Pradesh,Kurnool,Central Mandi,Chilli,2024-05-01,10566.85,12404.56,11485.7
Andhra Pradesh,Kurnool,Central Mandi,Chilli,2024-06-01,11429.11,13416.78,12422.94
Andhra Pradesh,Kurnool,Central Mandi,Chilli,2024-07-01,11126.7,13061.78,12094.24
Andhra Pradesh,Kurnool,Main Market,Chilli,2024-08-01,10207.11,11982.26,11094.69
Andhra Pradesh,Kurnool,Main Market,Chilli,2024-09-01,9711.17,11400.06,10555.62
Andhra Pradesh,Kurnool,Agricultural Market,Chilli,2024-10-01,9515.36,11170.2,10342.78
Andhra Pradesh,Kurnool,Central Mandi,Chilli,2024-11-01,9757.64,11454.62,10606.13
Andhra Pradesh,Kurnool,Agricultural Market,Chilli,2024-12-01,9844.64,11556.75,10700.69
Andhra Pradesh,Kurnool,Agricultural Market,Chilli,2025-01-01,10492.47,12317.25,11404.86
Andhra Pradesh,Kurnool,Central Mandi,Chilli,2025-02-01,11565.84,13577.29,12571.56
Andhra Pradesh,Kurnool,Agricultural Market,Chilli,2025-03-01,11710.6,13747.23,12728.91
Andhra Pradesh,Kurnool,Agricultural Market,Chilli,2025-04-01,13324.48,15641.78,14483.13
Andhra Pradesh,Kurnool,Main Market,Chilli,2025-05-01,12371.33,14522.86,13447.1
Andhra Pradesh,Kurnool,Central Mandi,Chilli,2025-06-01,10864.6,12754.1,11809.35
Andhra Pradesh,Kurnool,Central Mandi,Chilli,2025-07-01,10599.75,12443.18,11521.47
Andhra Pradesh,Kurnool,Agricultural Market,Chilli,2025-08-01,9532.91,11190.81,10361.86
Andhra Pradesh,Kurnool,Main Market,Chilli,2025-09-01,9305.0,10923.26,10114.13
Andhra Pradesh,Kurnool,Main Market,Chilli,2025-10-01,10557.32,12393.38,11475.35
Andhra Pradesh,Kurnool,Main Market,Chilli,2025-11-01,9778.12,11478.66,10628.39
Andhra Pradesh,Kurnool,Central Mandi,Chilli,2025-12-01,10796.96,12674.7,11735.83
Andhra Pradesh,Prakasam,Main Market,Rice,2020-01-01,2032.45,2385.92,2209.18
Andhra Pradesh,Prakasam,Central Mandi,Rice,2020-02-01,2218.91,2604.81,2411.86
Andhra Pradesh,Prakasam,Central Mandi,Rice,2020-03-01,2232.14,2620.34,2426.24
Andhra Pradesh,Prakasam,Central Mandi,Rice,2020-04-01,2145.14,2518.21,2331.68
Andhra Pradesh,Prakasam,Agricultural Market,Rice,2020-05-01,2270.26,2665.09,2467.67
Andhra Pradesh,Prakasam,Main Market,Rice,2020-06-01,2234.55,2623.17,2428.86
Andhra Pradesh,Prakasam,Main Market,Rice,2020-07-01,1864.76,2189.06,2026.91
Andhra Pradesh,Prakasam,Main Market,Rice,2020-08-01,1996.83,2344.11,2170.47
Andhra Pradesh,Prakasam,Central Mandi,Rice,2020-09-01,1760.49,2066.66,1913.58
Andhra Pradesh,Prakasam,Agricultural Market,Rice,2020-10-01,1801.85,2115.22,1958.54
Andhra Pradesh,Prakasam,Main Market,Rice,2020-11-01,1796.61,2109.06,1952.83
Andhra Pradesh,Prakasam,Central Mandi,Rice,2020-12-01,2094.08,2458.27,2276.17
Andhra Pradesh,Prakasam,Main Market,Rice,2021-01-01,2052.47,2409.43,2230.95
Andhra Pradesh,Prakasam,Agricultural Market,Rice,2021-02-01,2058.5,2416.5,2237.5
Andhra Pradesh,Prakasam,Main Market,Rice,2021-03-01,2216.32,2601.77,2409.04
Andhra Pradesh,Prakasam,Central Mandi,Rice,2021-04-01,2299.8,2699.76,2499.78
Andhra Pradesh,Prakasam,Main Market,Rice,2021-05-01,2172.33,2550.12,2361.23
Andhra Pradesh,Prakasam,Central Mandi,Rice,2021-06-01,2230.89,2618.87,2424.88
Andhra Pradesh,Prakasam,Main Market,Rice,2021-07-01,2137.86,2509.66,2323.76
Andhra Pradesh,Prakasam,Agricultural Market,Rice,2021-08-01,1802.47,2115.95,1959.21
Andhra Pradesh,Prakasam,Agricultural Market,Rice,2021-09-01,1930.33,2266.03,2098.18
Andhra Pradesh,Prakasam,Central Mandi,Rice,2021-10-01,1741.7,2044.6,1893.15
Andhra Pradesh,Prakasam,Agricultural Market,Rice,2021-11-01,2011.7,2361.56,2186.63
Andhra Pradesh,Prakasam,Main Market,Rice,2021-12-01,2177.4,2556.08,2366.74
Andhra Pradesh,Prakasam,Agricultural Market,Rice,2022-01-01,2275.93,2671.75,2473.84
Andhra Pradesh,Prakasam,Agricultural Market,Rice,2022-02-01,2257.11,2649.65,2453.38
Andhra Pradesh,Prakasam,Agricultural Market,Rice,2022-03-01,2213.13,2598.02,2405.57
Andhra Pradesh,Prakasam,Main Market,Rice,2022-04-01,2352.96,2762.17,2557.56
Andhra Pradesh,Prakasam,Agricultural Market,Rice,2022-05-01,2543.41,2985.74,2764.58
Andhra Pradesh,Prakasam,Agricultural Market,Rice,2022-06-01,2381.8,2796.02,2588.91
Andhra Pradesh,Prakasam,Main Market,Rice,2022-07-01,2091.91,2455.72,2273.81
Andhra Pradesh,Prakasam,Central Mandi,Rice,2022-08-01,1986.02,2331.41,2158.72
Andhra Pradesh,Prakasam,Main Market,Rice,2022-09-01,1927.8,2263.06,2095.43
Andhra Pradesh,Prakasam,Main Market,Rice,2022-10-01,1815.55,2131.3,1973.43
Andhra Pradesh,Prakasam,Agricultural Market,Rice,2022-11-01,2007.83,2357.01,2182.42
Andhra Pradesh,Prakasam,Main Market,Rice,2022-12-01,2111.9,2479.19,2295.54
Andhra Pradesh,Prakasam,Central Mandi,Rice,2023-01-01,2039.42,2394.1,2216.76
Andhra Pradesh,Prakasam,Main Market,Rice,2023-02-01,2509.91,2946.41,2728.16
Andhra Pradesh,Prakasam,Main Market,Rice,2023-03-01,2307.95,2709.33,2508.64
Andhra Pradesh,Prakasam,Main Market,Rice,2023-04-01,2500.76,2935.67,2718.22
Andhra Pradesh,Prakasam,Agricultural Market,Rice,2023-05-01,2273.43,2668.81,2471.12
Andhra Pradesh,Prakasam,Central Mandi,Rice,2023-06-01,2310.94,2712.84,2511.89
Andhra Pradesh,Prakasam,Central Mandi,Rice,2023-07-01,1949.49,2288.53,2119.01
Andhra Pradesh,Prakasam,Central Mandi,Rice,2023-08-01,2065.44,2424.65,2245.04
Andhra Pradesh,Prakasam,Agricultural Market,Rice,2023-09-01,1837.2,2156.72,1996.96
Andhra Pradesh,Prakasam,Central Mandi,Rice,2023-10-01,1820.7,2137.34,1979.02
Andhra Pradesh,Prakasam,Main Market,Rice,2023-11-01,2116.77,2484.91,2300.84
Andhra Pradesh,Prakasam,Agricultural Market,Rice,2023-12-01,1853.39,2175.72,2014.55
Andhra Pradesh,Prakasam,Central Mandi,Rice,2024-01-01,2073.36,2433.94,2253.65
Andhra Pradesh,Prakasam,Main Market,Rice,2024-02-01,2325.56,2730.0,2527.78
Andhra Pradesh,Prakasam,Agricultural Market,Rice,2024-03-01,2705.72,3176.28,2941.0
Andhra Pradesh,Prakasam,Agricultural Market,Rice,2024-04-01,2575.64,3023.57,2799.6
Andhra Pradesh,Prakasam,Agricultural Market,Rice,2024-05-01,2377.09,2790.49,2583.79
Andhra Pradesh,Prakasam,Main Market,Rice,2024-06-01,2142.64,2515.27,2328.96
Andhra Pradesh,Prakasam,Central Mandi,Rice,2024-07-01,2269.35,2664.02,2466.68
Andhra Pradesh,Prakasam,Main Market,Rice,2024-08-01,1949.55,2288.61,2119.08
Andhra Pradesh,Prakasam,Main Market,Rice,2024-09-01,2029.44,2382.39,2205.91
Andhra Pradesh,Prakasam,Main Market,Rice,2024-10-01,2031.0,2384.22,2207.61
Andhra Pradesh,Prakasam,Agricultural Market,Rice,2024-11-01,2015.25,2365.73,2190.49
Andhra Pradesh,Prakasam,Central Mandi,Rice,2024-12-01,2044.47,2400.03,2222.25
Andhra Pradesh,Prakasam,Agricultural Market,Rice,2025-01-01,2061.83,2420.41,2241.12
Andhra Pradesh,Prakasam,Agricultural Market,Rice,2025-02-01,2253.95,2645.94,2449.94
Andhra Pradesh,Prakasam,Agricultural Market,Rice,2025-03-01,2312.26,2714.39,2513.33
Andhra Pradesh,Prakasam,Main Market,Rice,2025-04-01,2811.95,3300.98,3056.47
Andhra Pradesh,Prakasam,Main Market,Rice,2025-05-01,2613.31,3067.8,2840.55
Andhra Pradesh,Prakasam,Central Mandi,Rice,2025-06-01,2341.25,2748.42,2544.83
Andhra Pradesh,Prakasam,Main Market,Rice,2025-07-01,2224.99,2611.94,2418.46
Andhra Pradesh,Prakasam,Central Mandi,Rice,2025-08-01,2228.85,2616.48,2422.66
Andhra Pradesh,Prakasam,Central Mandi,Rice,2025-09-01,1926.79,2261.89,2094.34
Andhra Pradesh,Prakasam,Main Market,Rice,2025-10-01,2234.71,2623.36,2429.04
Andhra Pradesh,Prakasam,Agricultural Market,Rice,2025-11-01,2060.36,2418.69,2239.52
Andhra Pradesh,Prakasam,Main Market,Rice,2025-12-01,2004.59,2353.22,2178.91
Andhra Pradesh,Prakasam,Main Market,Maize,2020-01-01,1780.5,2090.15,1935.33
Andhra Pradesh,Prakasam,Agricultural Market,Maize,2020-02-01,1918.71,2252.4,2085.55
Andhra Pradesh,Prakasam,Agricultural Market,Maize,2020-03-01,1900.14,2230.6,2065.37
Andhra Pradesh,Prakasam,Main Market,Maize,2020-04-01,1819.05,2135.4,1977.23
Andhra Pradesh,Prakasam,Main Market,Maize,2020-05-01,1912.82,2245.48,2079.15
Andhra Pradesh,Prakasam,Main Market,Maize,2020-06-01,1875.05,2201.15,2038.1
Andhra Pradesh,Prakasam,Central Mandi,Maize,2020-07-01,1685.18,1978.25,1831.71
Andhra Pradesh,Prakasam,Central Mandi,Maize,2020-08-01,1608.19,1887.87,1748.03
Andhra Pradesh,Prakasam,Agricultural Market,Maize,2020-09-01,1449.18,1701.21,1575.2
Andhra Pradesh,Prakasam,Agricultural Market,Maize,2020-10-01,1642.12,1927.7,1784.91
Andhra Pradesh,Prakasam,Main Market,Maize,2020-11-01,1426.97,1675.14,1551.06
Andhra Pradesh,Prakasam,Main Market,Maize,2020-12-01,1677.53,1969.28,1823.4
Andhra Pradesh,Prakasam,Main Market,Maize,2021-01-01,1801.2,2114.45,1957.82
Andhra Pradesh,Prakasam,Central Mandi,Maize,2021-02-01,1793.11,2104.96,1949.04
Andhra Pradesh,Prakasam,Main Market,Maize,2021-03-01,2051.03,2407.74,2229.38
Andhra Pradesh,Prakasam,Main Market,Maize,2021-04-01,1841.1,2161.29,2001.19
Andhra Pradesh,Prakasam,Agricultural Market,Maize,2021-05-01,1826.59,2144.26,1985.43
Andhra Pradesh,Prakasam,Central Mandi,Maize,2021-06-01,1848.82,2170.35,2009.59
Andhra Pradesh,Prakasam,Main Market,Maize,2021-07-01,1568.4,1841.16,1704.78
Andhra Pradesh,Prakasam,Agricultural Market,Maize,2021-08-01,1651.71,1938.96,1795.33
Andhra Pradesh,Prakasam,Main Market,Maize,2021-09-01,1482.71,1740.57,1611.64
Andhra Pradesh,Prakasam,Central Mandi,Maize,2021-10-01,1451.2,1703.58,1577.39
Andhra Pradesh,Prakasam,Central Mandi,Maize,2021-11-01,1645.32,1931.47,1788.39
Andhra Pradesh,Prakasam,Agricultural Market,Maize,2021-12-01,1777.45,2086.57,1932.01
Andhra Pradesh,Prakasam,Central Mandi,Maize,2022-01-01,1938.61,2275.76,2107.19
Andhra Pradesh,Prakasam,Agricultural Market,Maize,2022-02-01,1888.44,2216.87,2052.66
Andhra Pradesh,Prakasam,Central Mandi,Maize,2022-03-01,2030.32,2383.42,2206.87
Andhra Pradesh,Prakasam,Main Market,Maize,2022-04-01,2179.09,2558.06,2368.57
Andhra Pradesh,Prakasam,Central Mandi,Maize,2022-05-01,2259.22,2652.13,2455.67
Andhra Pradesh,Prakasam,Main Market,Maize,2022-06-01,1941.74,2279.43,2110.58
Andhra Pradesh,Prakasam,Central Mandi,Maize,2022-07-01,1820.06,2136.59,1978.33
Andhra Pradesh,Prakasam,Central Mandi,Maize,2022-08-01,1825.87,2143.42,1984.64
Andhra Pradesh,Prakasam,Main Market,Maize,2022-09-01,1609.15,1889.0,1749.08
Andhra Pradesh,Prakasam,Main Market,Maize,2022-10-01,1633.92,1918.08,1776.0
Andhra Pradesh,Prakasam,Main Market,Maize,2022-11-01,1573.66,1847.34,1710.5
Andhra Pradesh,Prakasam,Agricultural Market,Maize,2022-12-01,1893.49,2222.79,2058.14
Andhra Pradesh,Prakasam,Agricultural Market,Maize,2023-01-01,1923.45,2257.96,2090.71
Andhra Pradesh,Prakasam,Central Mandi,Maize,2023-02-01,2079.05,2440.63,2259.84
Andhra Pradesh,Prakasam,Main Market,Maize,2023-03-01,1975.01,2318.49,2146.75
Andhra Pradesh,Prakasam,Agricultural Market,Maize,2023-04-01,2024.47,2376.56,2200.51
Andhra Pradesh,Prakasam,Main Market,Maize,2023-05-01,2201.21,2584.03,2392.62
Andhra Pradesh,Prakasam,Agricultural Market,Maize,2023-06-01,1993.05,2339.66,2166.36
Andhra Pradesh,Prakasam,Main Market,Maize,2023-07-01,2008.52,2357.83,2183.18
Andhra Pradesh,Prakasam,Main Market,Maize,2023-08-01,1782.02,2091.94,1936.98
Andhra Pradesh,Prakasam,Central Mandi,Maize,2023-09-01,1698.92,1994.38,1846.65
Andhra Pradesh,Prakasam,Main Market,Maize,2023-10-01,1556.97,1827.75,1692.36
Andhra Pradesh,Prakasam,Central Mandi,Maize,2023-11-01,1521.53,1786.14,1653.84
Andhra Pradesh,Prakasam,Main Market,Maize,2023-12-01,1682.73,1975.38,1829.06
Andhra Pradesh,Prakasam,Central Mandi,Maize,2024-01-01,1949.63,2288.7,2119.16
Andhra Pradesh,Prakasam,Agricultural Market,Maize,2024-02-01,1937.59,2274.56,2106.07
Andhra Pradesh,Prakasam,Central Mandi,Maize,2024-03-01,2009.77,2359.29,2184.53
Andhra Pradesh,Prakasam,Main Market,Maize,2024-04-01,2059.25,2417.38,2238.31
Andhra Pradesh,Prakasam,Main Market,Maize,2024-05-01,2104.2,2470.14,2287.17
Andhra Pradesh,Prakasam,Central Mandi,Maize,2024-06-01,1978.07,2322.09,2150.08
Andhra Pradesh,Prakasam,Central Mandi,Maize,2024-07-01,2099.77,2464.95,2282.36
Andhra Pradesh,Prakasam,Main Market,Maize,2024-08-01,1851.35,2173.32,2012.33
Andhra Pradesh,Prakasam,Main Market,Maize,2024-09-01,1851.61,2173.63,2012.62
Andhra Pradesh,Prakasam,Main Market,Maize,2024-10-01,1858.8,2182.07,2020.44
Andhra Pradesh,Prakasam,Main Market,Maize,2024-11-01,1567.82,1840.49,1704.15
Andhra Pradesh,Prakasam,Agricultural Market,Maize,2024-12-01,1755.63,2060.95,1908.29
Andhra Pradesh,Prakasam,Main Market,Maize,2025-01-01,1940.26,2277.7,2108.98
Andhra Pradesh,Prakasam,Main Market,Maize,2025-02-01,2111.08,2478.22,2294.65
Andhra Pradesh,Prakasam,Central Mandi,Maize,2025-03-01,2099.09,2464.15,2281.62
Andhra Pradesh,Prakasam,Main Market,Maize,2025-04-01,2343.71,2751.32,2547.52
Andhra Pradesh,Prakasam,Central Mandi,Maize,2025-05-01,2023.21,2375.07,2199.14
Andhra Pradesh,Prakasam,Agricultural Market,Maize,2025-06-01,2035.57,2389.58,2212.58
Andhra Pradesh,Prakasam,Central Mandi,Maize,2025-07-01,1981.27,2325.84,2153.56
Andhra Pradesh,Prakasam,Main Market,Maize,2025-08-01,1851.09,2173.02,2012.06
Andhra Pradesh,Prakasam,Agricultural Market,Maize,2025-09-01,1830.27,2148.58,1989.43
Andhra Pradesh,Prakasam,Agricultural Market,Maize,2025-10-01,1680.3,1972.52,1826.41
Andhra Pradesh,Prakasam,Main Market,Maize,2025-11-01,1750.2,2054.58,1902.39
Andhra Pradesh,Prakasam,Agricultural Market,Maize,2025-12-01,1909.77,2241.91,2075.84
Andhra Pradesh,Prakasam,Agricultural Market,Cotton,2020-01-01,6541.57,7679.23,7110.4
Andhra Pradesh,Prakasam,Main Market,Cotton,2020-02-01,6209.53,7289.45,6749.49
Andhra Pradesh,Prakasam,Central Mandi,Cotton,2020-03-01,7061.4,8289.47,7675.44
Andhra Pradesh,Prakasam,Agricultural Market,Cotton,2020-04-01,6435.59,7554.83,6995.21
Andhra Pradesh,Prakasam,Agricultural Market,Cotton,2020-05-01,6356.55,7462.04,6909.3
Andhra Pradesh,Prakasam,Agricultural Market,Cotton,2020-06-01,7090.44,8323.56,7707.0
Andhra Pradesh,Prakasam,Main Market,Cotton,2020-07-01,5697.79,6688.72,6193.25
Andhra Pradesh,Prakasam,Central Mandi,Cotton,2020-08-01,5523.88,6484.55,6004.21
Andhra Pradesh,Prakasam,Central Mandi,Cotton,2020-09-01,5468.63,6419.7,5944.17
Andhra Pradesh,Prakasam,Main Market,Cotton,2020-10-01,5582.68,6553.58,6068.13
Andhra Pradesh,Prakasam,Main Market,Cotton,2020-11-01,5696.18,6686.82,6191.5
Andhra Pradesh,Prakasam,Agricultural Market,Cotton,2020-12-01,5492.0,6447.14,5969.57
Andhra Pradesh,Prakasam,Agricultural Market,Cotton,2021-01-01,6496.99,7626.91,7061.95
Andhra Pradesh,Prakasam,Main Market,Cotton,2021-02-01,6978.95,8192.68,7585.81
Andhra Pradesh,Prakasam,Agricultural Market,Cotton,2021-03-01,7447.01,8742.15,8094.58
Andhra Pradesh,Prakasam,Main Market,Cotton,2021-04-01,7649.1,8979.37,8314.24
Andhra Pradesh,Prakasam,Central Mandi,Cotton,2021-05-01,6145.85,7214.69,6680.27
Andhra Pradesh,Prakasam,Main Market,Cotton,2021-06-01,6714.73,7882.5,7298.61
Andhra Pradesh,Prakasam,Central Mandi,Cotton,2021-07-01,6131.27,7197.58,6664.43
Andhra Pradesh,Prakasam,Main Market,Cotton,2021-08-01,6041.22,7091.87,6566.55
Andhra Pradesh,Prakasam,Central Mandi,Cotton,2021-09-01,5903.58,6930.29,6416.93
Andhra Pradesh,Prakasam,Main Market,Cotton,2021-10-01,5876.84,6898.9,6387.87
Andhra Pradesh,Prakasam,Main Market,Cotton,2021-11-01,5430.51,6374.95,5902.73
Andhra Pradesh,Prakasam,Agricultural Market,Cotton,2021-12-01,6199.65,7277.85,6738.75
Andhra Pradesh,Prakasam,Main Market,Cotton,2022-01-01,6465.87,7590.36,7028.11
Andhra Pradesh,Prakasam,Agricultural Market,Cotton,2022-02-01,7208.09,8461.67,7834.88
Andhra Pradesh,Prakasam,Central Mandi,Cotton,2022-03-01,7438.08,8731.66,8084.87
Andhra Pradesh,Prakasam,Main Market,Cotton,2022-04-01,6883.52,8080.65,7482.08
Andhra Pradesh,Prakasam,Agricultural Market,Cotton,2022-05-01,6986.45,8201.49,7593.97
Andhra Pradesh,Prakasam,Main Market,Cotton,2022-06-01,6569.58,7712.12,7140.85
Andhra Pradesh,Prakasam,Main Market,Cotton,2022-07-01,6533.41,7669.66,7101.53
Andhra Pradesh,Prakasam,Main Market,Cotton,2022-08-01,6592.45,7738.96,7165.7
Andhra Pradesh,Prakasam,Main Market,Cotton,2022-09-01,6071.68,7127.63,6599.66
Andhra Pradesh,Prakasam,Agricultural Market,Cotton,2022-10-01,5459.8,6409.33,5934.56
Andhra Pradesh,Prakasam,Central Mandi,Cotton,2022-11-01,5930.79,6962.23,6446.51
Andhra Pradesh,Prakasam,Main Market,Cotton,2022-12-01,6839.15,8028.57,7433.86
Andhra Pradesh,Prakasam,Agricultural Market,Cotton,2023-01-01,7059.97,8287.79,7673.88
Andhra Pradesh,Prakasam,Agricultural Market,Cotton,2023-02-01,7076.02,8306.64,7691.33
Andhra Pradesh,Prakasam,Central Mandi,Cotton,2023-03-01,8441.73,9909.85,9175.79
Andhra Pradesh,Prakasam,Central Mandi,Cotton,2023-04-01,7418.25,8708.38,8063.31
Andhra Pradesh,Prakasam,Main Market,Cotton,2023-05-01,7378.86,8662.15,8020.5
Andhra Pradesh,Prakasam,Main Market,Cotton,2023-06-01,7014.43,8234.33,7624.38
Andhra Pradesh,Prakasam,Central Mandi,Cotton,2023-07-01,5998.17,7041.33,6519.75
Andhra Pradesh,Prakasam,Agricultural Market,Cotton,2023-08-01,6117.55,7181.47,6649.51
Andhra Pradesh,Prakasam,Main Market,Cotton,2023-09-01,5786.39,6792.72,6289.56
Andhra Pradesh,Prakasam,Agricultural Market,Cotton,2023-10-01,5751.42,6751.67,6251.55
Andhra Pradesh,Prakasam,Central Mandi,Cotton,2023-11-01,6011.29,7056.73,6534.01
Andhra Pradesh,Prakasam,Central Mandi,Cotton,2023-12-01,5958.56,6994.83,6476.69
Andhra Pradesh,Prakasam,Main Market,Cotton,2024-01-01,7104.39,8339.94,7722.16
Andhra Pradesh,Prakasam,Main Market,Cotton,2024-02-01,7586.71,8906.13,8246.42
Andhra Pradesh,Prakasam,Agricultural Market,Cotton,2024-03-01,7480.23,8781.14,8130.69
Andhra Pradesh,Prakasam,Central Mandi,Cotton,2024-04-01,8577.73,10069.51,9323.62
Andhra Pradesh,Prakasam,Main Market,Cotton,2024-05-01,7642.54,8971.68,8307.11
Andhra Pradesh,Prakasam,Main Market,Cotton,2024-06-01,7127.42,8366.97,7747.2
Andhra Pradesh,Prakasam,Main Market,Cotton,2024-07-01,6033.47,7082.76,6558.12
Andhra Pradesh,Prakasam,Agricultural Market,Cotton,2024-08-01,6470.71,7596.05,7033.38
Andhra Pradesh,Prakasam,Main Market,Cotton,2024-09-01,6633.52,7787.18,7210.35
Andhra Pradesh,Prakasam,Agricultural Market,Cotton,2024-10-01,6395.55,7507.82,6951.69
Andhra Pradesh,Prakasam,Agricultural Market,Cotton,2024-11-01,5946.14,6980.26,6463.2
Andhra Pradesh,Prakasam,Central Mandi,Cotton,2024-12-01,6656.83,7814.54,7235.68
Andhra Pradesh,Prakasam,Main Market,Cotton,2025-01-01,7328.09,8602.54,7965.31
Andhra Pradesh,Prakasam,Main Market,Cotton,2025-02-01,7469.21,8768.2,8118.7
Andhra Pradesh,Prakasam,Agricultural Market,Cotton,2025-03-01,7332.9,8608.18,7970.54
Andhra Pradesh,Prakasam,Agricultural Market,Cotton,2025-04-01,7486.6,8788.61,8137.61
Andhra Pradesh,Prakasam,Agricultural Market,Cotton,2025-05-01,8761.22,10284.91,9523.06
Andhra Pradesh,Prakasam,Main Market,Cotton,2025-06-01,7707.9,9048.4,8378.15
Andhra Pradesh,Prakasam,Agricultural Market,Cotton,2025-07-01,6351.42,7456.01,6903.72
Andhra Pradesh,Prakasam,Main Market,Cotton,2025-08-01,6613.57,7763.76,7188.67
Andhra Pradesh,Prakasam,Main Market,Cotton,2025-09-01,6812.14,7996.86,7404.5
Andhra Pradesh,Prakasam,Central Mandi,Cotton,2025-10-01,6467.35,7592.11,7029.73
Andhra Pradesh,Prakasam,Agricultural Market,Cotton,2025-11-01,6083.08,7141.01,6612.05
Andhra Pradesh,Prakasam,Agricultural Market,Cotton,2025-12-01,6771.61,7949.29,7360.45
Andhra Pradesh,Prakasam,Agricultural Market,Groundnut,2020-01-01,5204.41,6109.53,5656.97
Andhra Pradesh,Prakasam,Main Market,Groundnut,2020-02-01,5597.11,6570.52,6083.82
Andhra Pradesh,Prakasam,Main Market,Groundnut,2020-03-01,5352.06,6282.86,5817.46
Andhra Pradesh,Prakasam,Main Market,Groundnut,2020-04-01,6183.56,7258.96,6721.26
Andhra Pradesh,Prakasam,Agricultural Market,Groundnut,2020-05-01,6253.24,7340.76,6797.0
Andhra Pradesh,Prakasam,Agricultural Market,Groundnut,2020-06-01,5629.55,6608.61,6119.08
Andhra Pradesh,Prakasam,Agricultural Market,Groundnut,2020-07-01,5590.82,6563.14,6076.98
Andhra Pradesh,Prakasam,Agricultural Market,Groundnut,2020-08-01,4928.17,5785.25,5356.71
Andhra Pradesh,Prakasam,Central Mandi,Groundnut,2020-09-01,4287.31,5032.92,4660.12
Andhra Pradesh,Prakasam,Central Mandi,Groundnut,2020-10-01,4369.88,5129.86,4749.87
Andhra Pradesh,Prakasam,Central Mandi,Groundnut,2020-11-01,4683.69,5498.24,5090.96
Andhra Pradesh,Prakasam,Agricultural Market,Groundnut,2020-12-01,4832.14,5672.51,5252.32
Andhra Pradesh,Prakasam,Central Mandi,Groundnut,2021-01-01,5497.52,6453.61,5975.57
Andhra Pradesh,Prakasam,Agricultural Market,Groundnut,2021-02-01,5633.6,6613.36,6123.48
Andhra Pradesh,Prakasam,Agricultural Market,Groundnut,2021-03-01,6055.1,7108.16,6581.63
Andhra Pradesh,Prakasam,Central Mandi,Groundnut,2021-04-01,5874.7,6896.39,6385.55
Andhra Pradesh,Prakasam,Agricultural Market,Groundnut,2021-05-01,6056.03,7109.26,6582.65
Andhra Pradesh,Prakasam,Agricultural Market,Groundnut,2021-06-01,5667.84,6653.55,6160.7
Andhra Pradesh,Prakasam,Main Market,Groundnut,2021-07-01,5110.06,5998.77,5554.41
Andhra Pradesh,Prakasam,Central Mandi,Groundnut,2021-08-01,5026.91,5901.16,5464.04
Andhra Pradesh,Prakasam,Main Market,Groundnut,2021-09-01,4486.97,5267.32,4877.15
Andhra Pradesh,Prakasam,Central Mandi,Groundnut,2021-10-01,4113.03,4828.34,4470.68
Andhra Pradesh,Prakasam,Agricultural Market,Groundnut,2021-11-01,5074.73,5957.29,5516.01
Andhra Pradesh,Prakasam,Central Mandi,Groundnut,2021-12-01,4902.14,5754.68,5328.41
Andhra Pradesh,Prakasam,Central Mandi,Groundnut,2022-01-01,5654.27,6637.62,6145.95
Andhra Pradesh,Prakasam,Main Market,Groundnut,2022-02-01,5470.21,6421.55,5945.88
Andhra Pradesh,Prakasam,Main Market,Groundnut,2022-03-01,6123.61,7188.59,6656.1
Andhra Pradesh,Prakasam,Agricultural Market,Groundnut,2022-04-01,5648.02,6630.28,6139.15
Andhra Pradesh,Prakasam,Central Mandi,Groundnut,2022-05-01,5978.74,7018.52,6498.63
Andhra Pradesh,Prakasam,Agricultural Market,Groundnut,2022-06-01,5849.95,6867.34,6358.64
Andhra Pradesh,Prakasam,Agricultural Market,Groundnut,2022-07-01,5539.12,6502.44,6020.78
Andhra Pradesh,Prakasam,Central Mandi,Groundnut,2022-08-01,5364.98,6298.02,5831.5
Andhra Pradesh,Prakasam,Main Market,Groundnut,2022-09-01,5153.03,6049.2,5601.11
Andhra Pradesh,Prakasam,Main Market,Groundnut,2022-10-01,4735.27,5558.8,5147.04
Andhra Pradesh,Prakasam,Agricultural Market,Groundnut,2022-11-01,5138.0,6031.56,5584.78
Andhra Pradesh,Prakasam,Main Market,Groundnut,2022-12-01,4925.28,5781.85,5353.56
Andhra Pradesh,Prakasam,Main Market,Groundnut,2023-01-01,4675.64,5488.8,5082.22
Andhra Pradesh,Prakasam,Agricultural Market,Groundnut,2023-02-01,6245.12,7331.23,6788.18
Andhra Pradesh,Prakasam,Agricultural Market,Groundnut,2023-03-01,6108.4,7170.73,6639.56
Andhra Pradesh,Prakasam,Central Mandi,Groundnut,2023-04-01,6436.13,7555.46,6995.8
Andhra Pradesh,Prakasam,Main Market,Groundnut,2023-05-01,6560.4,7701.34,7130.87
Andhra Pradesh,Prakasam,Central Mandi,Groundnut,2023-06-01,6584.02,7729.07,7156.55
Andhra Pradesh,Prakasam,Agricultural Market,Groundnut,2023-07-01,5931.52,6963.08,6447.3
Andhra Pradesh,Prakasam,Central Mandi,Groundnut,2023-08-01,5453.82,6402.31,5928.07
Andhra Pradesh,Prakasam,Agricultural Market,Groundnut,2023-09-01,5080.25,5963.77,5522.01
Andhra Pradesh,Prakasam,Central Mandi,Groundnut,2023-10-01,5100.58,5987.64,5544.11
Andhra Pradesh,Prakasam,Main Market,Groundnut,2023-11-01,5190.9,6093.66,5642.28
Andhra Pradesh,Prakasam,Main Market,Groundnut,2023-12-01,5022.57,5896.06,5459.32
Andhra Pradesh,Prakasam,Main Market,Groundnut,2024-01-01,5287.9,6207.54,5747.72
Andhra Pradesh,Prakasam,Main Market,Groundnut,2024-02-01,6384.7,7495.09,6939.9
Andhra Pradesh,Prakasam,Central Mandi,Groundnut,2024-03-01,6676.16,7837.23,7256.7
Andhra Pradesh,Prakasam,Main Market,Groundnut,2024-04-01,6355.25,7460.51,6907.88
Andhra Pradesh,Prakasam,Central Mandi,Groundnut,2024-05-01,6876.14,8071.99,7474.06
Andhra Pradesh,Prakasam,Main Market,Groundnut,2024-06-01,5568.67,6537.14,6052.9
Andhra Pradesh,Prakasam,Agricultural Market,Groundnut,2024-07-01,4998.77,5868.12,5433.45
Andhra Pradesh,Prakasam,Central Mandi,Groundnut,2024-08-01,5142.1,6036.37,5589.23
Andhra Pradesh,Prakasam,Main Market,Groundnut,2024-09-01,4536.56,5325.53,4931.05
Andhra Pradesh,Prakasam,Central Mandi,Groundnut,2024-10-01,5231.26,6141.04,5686.15
Andhra Pradesh,Prakasam,Main Market,Groundnut,2024-11-01,5519.39,6479.28,5999.34
Andhra Pradesh,Prakasam,Agricultural Market,Groundnut,2024-12-01,5147.93,6043.22,5595.57
Andhra Pradesh,Prakasam,Main Market,Groundnut,2025-01-01,6022.71,7070.14,6546.43
Andhra Pradesh,Prakasam,Central Mandi,Groundnut,2025-02-01,5494.2,6449.71,5971.95
Andhra Pradesh,Prakasam,Agricultural Market,Groundnut,2025-03-01,7129.75,8369.71,7749.73
Andhra Pradesh,Prakasam,Main Market,Groundnut,2025-04-01,6620.91,7772.38,7196.64
Andhra Pradesh,Prakasam,Agricultural Market,Groundnut,2025-05-01,5531.56,6493.58,6012.57
Andhra Pradesh,Prakasam,Central Mandi,Groundnut,2025-06-01,5872.9,6894.27,6383.58
Andhra Pradesh,Prakasam,Agricultural Market,Groundnut,2025-07-01,5592.83,6565.5,6079.17
Andhra Pradesh,Prakasam,Main Market,Groundnut,2025-08-01,5567.51,6535.78,6051.65
Andhra Pradesh,Prakasam,Central Mandi,Groundnut,2025-09-01,5514.46,6473.5,5993.98
Andhra Pradesh,Prakasam,Agricultural Market,Groundnut,2025-10-01,5209.12,6115.05,5662.09
Andhra Pradesh,Prakasam,Agricultural Market,Groundnut,2025-11-01,4828.64,5668.41,5248.52
Andhra Pradesh,Prakasam,Agricultural Market,Groundnut,2025-12-01,5671.57,6657.92,6164.74
Andhra Pradesh,Prakasam,Agricultural Market,Chilli,2020-01-01,9770.59,11469.82,10620.21
Andhra Pradesh,Prakasam,Main Market,Chilli,2020-02-01,9637.29,11313.34,10475.31
Andhra Pradesh,Prakasam,Agricultural Market,Chilli,2020-03-01,11131.41,13067.3,12099.36
Andhra Pradesh,Prakasam,Central Mandi,Chilli,2020-04-01,11019.72,12936.19,11977.95
Andhra Pradesh,Prakasam,Central Mandi,Chilli,2020-05-01,9561.29,11224.13,10392.71
Andhra Pradesh,Prakasam,Central Mandi,Chilli,2020-06-01,11050.39,12972.2,12011.29
Andhra Pradesh,Prakasam,Agricultural Market,Chilli,2020-07-01,8988.56,10551.79,9770.17
Andhra Pradesh,Prakasam,Central Mandi,Chilli,2020-08-01,8395.91,9856.07,9125.99
Andhra Pradesh,Prakasam,Central Mandi,Chilli,2020-09-01,9747.25,11442.42,10594.84
Andhra Pradesh,Prakasam,Central Mandi,Chilli,2020-10-01,9373.92,11004.17,10189.04
Andhra Pradesh,Prakasam,Central Mandi,Chilli,2020-11-01,8465.92,9938.26,9202.09
Andhra Pradesh,Prakasam,Central Mandi,Chilli,2020-12-01,9144.92,10735.34,9940.13
Andhra Pradesh,Prakasam,Agricultural Market,Chilli,2021-01-01,11077.66,13004.21,12040.93
Andhra Pradesh,Prakasam,Agricultural Market,Chilli,2021-02-01,9421.03,11059.47,10240.25
Andhra Pradesh,Prakasam,Agricultural Market,Chilli,2021-03-01,11983.92,14068.08,13026.0
Andhra Pradesh,Prakasam,Agricultural Market,Chilli,2021-04-01,11062.75,12986.71,12024.73
Andhra Pradesh,Prakasam,Central Mandi,Chilli,2021-05-01,10913.78,12811.83,11862.8
Andhra Pradesh,Prakasam,Main Market,Chilli,2021-06-01,10888.09,12781.67,11834.88
Andhra Pradesh,Prakasam,Main Market,Chilli,2021-07-01,10675.67,12532.31,11603.99
Andhra Pradesh,Prakasam,Central Mandi,Chilli,2021-08-01,9316.02,10936.2,10126.11
Andhra Pradesh,Prakasam,Central Mandi,Chilli,2021-09-01,9341.16,10965.71,10153.43
Andhra Pradesh,Prakasam,Main Market,Chilli,2021-10-01,8693.6,10205.53,9449.57
Andhra Pradesh,Prakasam,Agricultural Market,Chilli,2021-11-01,8148.27,9565.36,8856.82
Andhra Pradesh,Prakasam,Central Mandi,Chilli,2021-12-01,8400.96,9862.0,9131.48
Andhra Pradesh,Prakasam,Agricultural Market,Chilli,2022-01-01,10749.34,12618.79,11684.07
Andhra Pradesh,Prakasam,Main Market,Chilli,2022-02-01,10351.27,12151.49,11251.38
Andhra Pradesh,Prakasam,Main Market,Chilli,2022-03-01,10822.97,12705.22,11764.09
Andhra Pradesh,Prakasam,Main Market,Chilli,2022-04-01,11342.36,13314.94,12328.65
Andhra Pradesh,Prakasam,Agricultural Market,Chilli,2022-05-01,11554.2,13563.62,12558.91
Andhra Pradesh,Prakasam,Agricultural Market,Chilli,2022-06-01,11371.11,13348.7,12359.91
Andhra Pradesh,Prakasam,Main Market,Chilli,2022-07-01,11164.08,13105.66,12134.87
Andhra Pradesh,Prakasam,Main Market,Chilli,2022-08-01,9172.41,10767.61,9970.01
Andhra Pradesh,Prakasam,Agricultural Market,Chilli,2022-09-01,8711.02,10225.98,9468.5
Andhra Pradesh,Prakasam,Main Market,Chilli,2022-10-01,9102.79,10685.88,9894.34
Andhra Pradesh,Prakasam,Agricultural Market,Chilli,2022-11-01,9972.23,11706.53,10839.38
Andhra Pradesh,Prakasam,Central Mandi,Chilli,2022-12-01,8976.34,10537.44,9756.89
Andhra Pradesh,Prakasam,Agricultural Market,Chilli,2023-01-01,10760.86,12632.31,11696.59
Andhra Pradesh,Prakasam,Main Market,Chilli,2023-02-01,10737.35,12604.72,11671.04
Andhra Pradesh,Prakasam,Central Mandi,Chilli,2023-03-01,11082.29,13009.65,12045.97
Andhra Pradesh,Prakasam,Main Market,Chilli,2023-04-01,11949.07,14027.17,12988.12
Andhra Pradesh,Prakasam,Agricultural Market,Chilli,2023-05-01,11424.2,13411.01,12417.6
Andhra Pradesh,Prakasam,Agricultural Market,Chilli,2023-06-01,10687.96,12546.74,11617.35
Andhra Pradesh,Prakasam,Main Market,Chilli,2023-07-01,11503.09,13503.63,12503.36
Andhra Pradesh,Prakasam,Main Market,Chilli,2023-08-01,10211.38,11987.27,11099.32
Andhra Pradesh,Prakasam,Central Mandi,Chilli,2023-09-01,9626.35,11300.5,10463.43
Andhra Pradesh,Prakasam,Agricultural Market,Chilli,2023-10-01,9697.11,11383.56,10540.34
Andhra Pradesh,Prakasam,Central Mandi,Chilli,2023-11-01,9382.61,11014.37,10198.49
Andhra Pradesh,Prakasam,Agricultural Market,Chilli,2023-12-01,9417.66,11055.51,10236.58
Andhra Pradesh,Prakasam,Main Market,Chilli,2024-01-01,11091.69,13020.68,12056.19
Andhra Pradesh,Prakasam,Agricultural Market,Chilli,2024-02-01,10783.75,12659.18,11721.46
Andhra Pradesh,Prakasam,Main Market,Chilli,2024-03-01,13273.47,15581.9,14427.69
Andhra Pradesh,Prakasam,Agricultural Market,Chilli,2024-04-01,11398.82,13381.23,12390.02
Andhra Pradesh,Prakasam,Agricultural Market,Chilli,2024-05-01,12317.53,14459.7,13388.62
Andhra Pradesh,Prakasam,Central Mandi,Chilli,2024-06-01,11149.87,13088.97,12119.42
Andhra Pradesh,Prakasam,Agricultural Market,Chilli,2024-07-01,10018.41,11760.74,10889.57
Andhra Pradesh,Prakasam,Central Mandi,Chilli,2024-08-01,10219.77,11997.12,11108.44
Andhra Pradesh,Prakasam,Main Market,Chilli,2024-09-01,8888.46,10434.28,9661.37
Andhra Pradesh,Prakasam,Main Market,Chilli,2024-10-01,9380.06,11011.38,10195.72
Andhra Pradesh,Prakasam,Agricultural Market,Chilli,2024-11-01,9946.21,11675.98,10811.1
Andhra Pradesh,Prakasam,Central Mandi,Chilli,2024-12-01,10483.26,12306.43,11394.84
Andhra Pradesh,Prakasam,Agricultural Market,Chilli,2025-01-01,10512.33,12340.56,11426.45
Andhra Pradesh,Prakasam,Agricultural Market,Chilli,2025-02-01,11129.18,13064.69,12096.93
Andhra Pradesh,Prakasam,Central Mandi,Chilli,2025-03-01,11786.65,13836.5,12811.58
Andhra Pradesh,Prakasam,Main Market,Chilli,2025-04-01,11196.82,13144.1,12170.46
Andhra Pradesh,Prakasam,Central Mandi,Chilli,2025-05-01,11837.58,13896.29,12866.94
Andhra Pradesh,Prakasam,Main Market,Chilli,2025-06-01,12448.87,14613.89,13531.38
Andhra Pradesh,Prakasam,Main Market,Chilli,2025-07-01,11113.78,13046.62,12080.2
Andhra Pradesh,Prakasam,Agricultural Market,Chilli,2025-08-01,9765.71,11464.1,10614.9
Andhra Pradesh,Prakasam,Central Mandi,Chilli,2025-09-01,9350.94,10977.19,10164.07
Andhra Pradesh,Prakasam,Agricultural Market,Chilli,2025-10-01,9379.68,11010.92,10195.3
Andhra Pradesh,Prakasam,Main Market,Chilli,2025-11-01,9619.43,11292.37,10455.9
Andhra Pradesh,Prakasam,Central Mandi,Chilli,2025-12-01,9405.83,11041.63,10223.73
Telangana,Nalgonda,Central Mandi,Rice,2020-01-01,2058.14,2416.08,2237.11
Telangana,Nalgonda,Agricultural Market,Rice,2020-02-01,2080.46,2442.27,2261.37
Telangana,Nalgonda,Main Market,Rice,2020-03-01,1995.03,2342.0,2168.52
Telangana,Nalgonda,Central Mandi,Rice,2020-04-01,2388.87,2804.33,2596.6
Telangana,Nalgonda,Main Market,Rice,2020-05-01,2225.93,2613.05,2419.49
Telangana,Nalgonda,Central Mandi,Rice,2020-06-01,2148.84,2522.55,2335.69
Telangana,Nalgonda,Agricultural Market,Rice,2020-07-01,2254.85,2647.0,2450.93
Telangana,Nalgonda,Central Mandi,Rice,2020-08-01,1820.28,2136.85,1978.57
Telangana,Nalgonda,Central Mandi,Rice,2020-09-01,1652.67,1940.09,1796.38
Telangana,Nalgonda,Agricultural Market,Rice,2020-10-01,1703.1,1999.29,1851.19
Telangana,Nalgonda,Central Mandi,Rice,2020-11-01,1907.2,2238.89,2073.05
Telangana,Nalgonda,Central Mandi,Rice,2020-12-01,1802.21,2115.63,1958.92
Telangana,Nalgonda,Central Mandi,Rice,2021-01-01,1985.02,2330.24,2157.63
Telangana,Nalgonda,Main Market,Rice,2021-02-01,2053.83,2411.02,2232.42
Telangana,Nalgonda,Central Mandi,Rice,2021-03-01,2496.79,2931.02,2713.91
Telangana,Nalgonda,Main Market,Rice,2021-04-01,2284.58,2681.9,2483.24
Telangana,Nalgonda,Main Market,Rice,2021-05-01,2093.93,2458.09,2276.01
Telangana,Nalgonda,Main Market,Rice,2021-06-01,2370.69,2782.99,2576.84
Telangana,Nalgonda,Central Mandi,Rice,2021-07-01,1991.16,2337.45,2164.31
Telangana,Nalgonda,Central Mandi,Rice,2021-08-01,2044.26,2399.79,2222.03
Telangana,Nalgonda,Main Market,Rice,2021-09-01,1791.77,2103.38,1947.57
Telangana,Nalgonda,Central Mandi,Rice,2021-10-01,1830.59,2148.95,1989.77
Telangana,Nalgonda,Agricultural Market,Rice,2021-11-01,1764.33,2071.17,1917.75
Telangana,Nalgonda,Agricultural Market,Rice,2021-12-01,1937.93,2274.96,2106.45
Telangana,Nalgonda,Main Market,Rice,2022-01-01,2238.97,2628.36,2433.67
Telangana,Nalgonda,Agricultural Market,Rice,2022-02-01,2330.01,2735.23,2532.62
Telangana,Nalgonda,Main Market,Rice,2022-03-01,2195.16,2576.92,2386.04
Telangana,Nalgonda,Central Mandi,Rice,2022-04-01,2285.84,2683.38,2484.61
Telangana,Nalgonda,Central Mandi,Rice,2022-05-01,2615.8,3070.73,2843.27
Telangana,Nalgonda,Agricultural Market,Rice,2022-06-01,2354.59,2764.08,2559.33
Telangana,Nalgonda,Main Market,Rice,2022-07-01,2123.64,2492.97,2308.31
Telangana,Nalgonda,Main Market,Rice,2022-08-01,1960.03,2300.91,2130.47
Telangana,Nalgonda,Agricultural Market,Rice,2022-09-01,1834.65,2153.72,1994.18
Telangana,Nalgonda,Central Mandi,Rice,2022-10-01,1793.4,2105.29,1949.35
Telangana,Nalgonda,Agricultural Market,Rice,2022-11-01,1868.15,2193.05,2030.6
Telangana,Nalgonda,Agricultural Market,Rice,2022-12-01,2016.67,2367.4,2192.03
Telangana,Nalgonda,Agricultural Market,Rice,2023-01-01,2228.46,2616.02,2422.24
Telangana,Nalgonda,Central Mandi,Rice,2023-02-01,2086.23,2449.05,2267.64
Telangana,Nalgonda,Agricultural Market,Rice,2023-03-01,2369.37,2781.44,2575.41
Telangana,Nalgonda,Agricultural Market,Rice,2023-04-01,2128.43,2498.59,2313.51
Telangana,Nalgonda,Main Market,Rice,2023-05-01,2353.34,2762.62,2557.98
Telangana,Nalgonda,Agricultural Market,Rice,2023-06-01,2247.98,2638.93,2443.45
Telangana,Nalgonda,Central Mandi,Rice,2023-07-01,2155.26,2530.08,2342.67
Telangana,Nalgonda,Main Market,Rice,2023-08-01,2168.82,2546.01,2357.41
Telangana,Nalgonda,Main Market,Rice,2023-09-01,1952.82,2292.44,2122.63
Telangana,Nalgonda,Agricultural Market,Rice,2023-10-01,1960.13,2301.02,2130.57
Telangana,Nalgonda,Agricultural Market,Rice,2023-11-01,2170.35,2547.8,2359.07
Telangana,Nalgonda,Central Mandi,Rice,2023-12-01,1883.45,2211.0,2047.22
Telangana,Nalgonda,Central Mandi,Rice,2024-01-01,2071.27,2431.49,2251.38
Telangana,Nalgonda,Central Mandi,Rice,2024-02-01,2416.92,2837.26,2627.09
Telangana,Nalgonda,Central Mandi,Rice,2024-03-01,2657.59,3119.77,2888.68
Telangana,Nalgonda,Central Mandi,Rice,2024-04-01,2632.53,3090.36,2861.45
Telangana,Nalgonda,Agricultural Market,Rice,2024-05-01,2242.82,2632.88,2437.85
Telangana,Nalgonda,Main Market,Rice,2024-06-01,2273.71,2669.14,2471.43
Telangana,Nalgonda,Main Market,Rice,2024-07-01,2144.57,2517.54,2331.05
Telangana,Nalgonda,Central Mandi,Rice,2024-08-01,2032.41,2385.87,2209.14
Telangana,Nalgonda,Agricultural Market,Rice,2024-09-01,1912.8,2245.46,2079.13
Telangana,Nalgonda,Central Mandi,Rice,2024-10-01,1925.9,2260.84,2093.37
Telangana,Nalgonda,Central Mandi,Rice,2024-11-01,2289.6,2687.8,2488.7
Telangana,Nalgonda,Main Market,Rice,2024-12-01,2185.73,2565.85,2375.79
Telangana,Nalgonda,Central Mandi,Rice,2025-01-01,2460.23,2888.1,2674.17
Telangana,Nalgonda,Main Market,Rice,2025-02-01,2397.11,2814.0,2605.55
Telangana,Nalgonda,Main Market,Rice,2025-03-01,2643.53,3103.28,2873.4
Telangana,Nalgonda,Central Mandi,Rice,2025-04-01,2334.52,2740.53,2537.52
Telangana,Nalgonda,Main Market,Rice,2025-05-01,2648.95,3109.63,2879.29
Telangana,Nalgonda,Central Mandi,Rice,2025-06-01,2380.44,2794.43,2587.44
Telangana,Nalgonda,Central Mandi,Rice,2025-07-01,2220.21,2606.33,2413.27
Telangana,Nalgonda,Main Market,Rice,2025-08-01,2129.19,2499.48,2314.34
Telangana,Nalgonda,Agricultural Market,Rice,2025-09-01,1968.8,2311.2,2140.0
Telangana,Nalgonda,Agricultural Market,Rice,2025-10-01,2041.8,2396.89,2219.35
Telangana,Nalgonda,Agricultural Market,Rice,2025-11-01,1912.77,2245.42,2079.1
Telangana,Nalgonda,Central Mandi,Rice,2025-12-01,2043.64,2399.05,2221.34
Telangana,Nalgonda,Central Mandi,Maize,2020-01-01,1803.03,2116.6,1959.81
Telangana,Nalgonda,Agricultural Market,Maize,2020-02-01,1765.18,2072.17,1918.67
Telangana,Nalgonda,Agricultural Market,Maize,2020-03-01,2007.63,2356.78,2182.21
Telangana,Nalgonda,Central Mandi,Maize,2020-04-01,2153.07,2527.52,2340.29
Telangana,Nalgonda,Main Market,Maize,2020-05-01,2120.7,2489.52,2305.11
Telangana,Nalgonda,Agricultural Market,Maize,2020-06-01,1845.78,2166.78,2006.28
Telangana,Nalgonda,Main Market,Maize,2020-07-01,1736.2,2038.14,1887.17
Telangana,Nalgonda,Agricultural Market,Maize,2020-08-01,1651.78,1939.04,1795.41
Telangana,Nalgonda,Central Mandi,Maize,2020-09-01,1698.41,1993.78,1846.1
Telangana,Nalgonda,Agricultural Market,Maize,2020-10-01,1640.84,1926.21,1783.52
Telangana,Nalgonda,Central Mandi,Maize,2020-11-01,1648.75,1935.49,1792.12
Telangana,Nalgonda,Main Market,Maize,2020-12-01,1516.94,1780.76,1648.85
Telangana,Nalgonda,Main Market,Maize,2021-01-01,1868.97,2194.01,2031.49
Telangana,Nalgonda,Main Market,Maize,2021-02-01,1805.4,2119.38,1962.39
Telangana,Nalgonda,Agricultural Market,Maize,2021-03-01,1934.17,2270.54,2102.36
Telangana,Nalgonda,Agricultural Market,Maize,2021-04-01,2086.3,2449.14,2267.72
Telangana,Nalgonda,Main Market,Maize,2021-05-01,1904.93,2236.22,2070.57
Telangana,Nalgonda,Agricultural Market,Maize,2021-06-01,1777.92,2087.12,1932.52
Telangana,Nalgonda,Central Mandi,Maize,2021-07-01,1731.57,2032.71,1882.14
Telangana,Nalgonda,Agricultural Market,Maize,2021-08-01,1583.16,1858.49,1720.82
Telangana,Nalgonda,Main Market,Maize,2021-09-01,1581.41,1856.44,1718.92
Telangana,Nalgonda,Central Mandi,Maize,2021-10-01,1660.83,1949.67,1805.25
Telangana,Nalgonda,Main Market,Maize,2021-11-01,1559.6,1830.84,1695.22
Telangana,Nalgonda,Main Market,Maize,2021-12-01,1568.87,1841.72,1705.29
Telangana,Nalgonda,Central Mandi,Maize,2022-01-01,1899.89,2230.31,2065.1
Telangana,Nalgonda,Agricultural Market,Maize,2022-02-01,2138.32,2510.21,2324.26
Telangana,Nalgonda,Main Market,Maize,2022-03-01,2099.38,2464.49,2281.93
Telangana,Nalgonda,Central Mandi,Maize,2022-04-01,2039.9,2394.67,2217.28
Telangana,Nalgonda,Main Market,Maize,2022-05-01,1891.55,2220.52,2056.03
Telangana,Nalgonda,Agricultural Market,Maize,2022-06-01,2032.1,2385.51,2208.81
Telangana,Nalgonda,Agricultural Market,Maize,2022-07-01,1942.62,2280.46,2111.54
Telangana,Nalgonda,Main Market,Maize,2022-08-01,1716.56,2015.1,1865.83
Telangana,Nalgonda,Central Mandi,Maize,2022-09-01,1670.73,1961.29,1816.01
Telangana,Nalgonda,Agricultural Market,Maize,2022-10-01,1659.15,1947.7,1803.43
Telangana,Nalgonda,Central Mandi,Maize,2022-11-01,1541.92,1810.08,1676.0
Telangana,Nalgonda,Main Market,Maize,2022-12-01,1627.11,1910.08,1768.6
Telangana,Nalgonda,Agricultural Market,Maize,2023-01-01,1853.88,2176.29,2015.09
Telangana,Nalgonda,Main Market,Maize,2023-02-01,2024.13,2376.16,2200.14
Telangana,Nalgonda,Agricultural Market,Maize,2023-03-01,2041.95,2397.07,2219.51
Telangana,Nalgonda,Main Market,Maize,2023-04-01,2191.8,2572.98,2382.39
Telangana,Nalgonda,Central Mandi,Maize,2023-05-01,1973.29,2316.47,2144.88
Telangana,Nalgonda,Agricultural Market,Maize,2023-06-01,1955.41,2295.48,2125.45
Telangana,Nalgonda,Main Market,Maize,2023-07-01,1730.97,2032.0,1881.48
Telangana,Nalgonda,Agricultural Market,Maize,2023-08-01,1778.14,2087.38,1932.76
Telangana,Nalgonda,Central Mandi,Maize,2023-09-01,1721.07,2020.39,1870.73
Telangana,Nalgonda,Main Market,Maize,2023-10-01,1773.75,2082.23,1927.99
Telangana,Nalgonda,Central Mandi,Maize,2023-11-01,1772.54,2080.81,1926.67
Telangana,Nalgonda,Central Mandi,Maize,2023-12-01,1830.82,2149.22,1990.02
Telangana,Nalgonda,Central Mandi,Maize,2024-01-01,2054.68,2412.02,2233.35
Telangana,Nalgonda,Central Mandi,Maize,2024-02-01,2135.48,2506.86,2321.17
Telangana,Nalgonda,Main Market,Maize,2024-03-01,1998.66,2346.25,2172.45
Telangana,Nalgonda,Main Market,Maize,2024-04-01,2319.03,2722.34,2520.68
Telangana,Nalgonda,Agricultural Market,Maize,2024-05-01,2109.71,2476.61,2293.16
Telangana,Nalgonda,Central Mandi,Maize,2024-06-01,1986.01,2331.41,2158.71
Telangana,Nalgonda,Main Market,Maize,2024-07-01,2035.47,2389.46,2212.47
Telangana,Nalgonda,Agricultural Market,Maize,2024-08-01,1781.78,2091.65,1936.72
Telangana,Nalgonda,Central Mandi,Maize,2024-09-01,1843.19,2163.75,2003.47
Telangana,Nalgonda,Agricultural Market,Maize,2024-10-01,1737.8,2040.02,1888.91
Telangana,Nalgonda,Agricultural Market,Maize,2024-11-01,1811.23,2126.23,1968.73
Telangana,Nalgonda,Agricultural Market,Maize,2024-12-01,1801.9,2115.28,1958.59
Telangana,Nalgonda,Agricultural Market,Maize,2025-01-01,2107.69,2474.24,2290.97
Telangana,Nalgonda,Central Mandi,Maize,2025-02-01,1903.4,2234.43,2068.92
Telangana,Nalgonda,Main Market,Maize,2025-03-01,2168.17,2545.24,2356.71
Telangana,Nalgonda,Central Mandi,Maize,2025-04-01,2366.84,2778.46,2572.65
Telangana,Nalgonda,Central Mandi,Maize,2025-05-01,2208.4,2592.47,2400.44
Telangana,Nalgonda,Agricultural Market,Maize,2025-06-01,2177.65,2556.38,2367.01
Telangana,Nalgonda,Main Market,Maize,2025-07-01,1838.63,2158.4,1998.52
Telangana,Nalgonda,Agricultural Market,Maize,2025-08-01,1889.29,2217.86,2053.57
Telangana,Nalgonda,Central Mandi,Maize,2025-09-01,1726.41,2026.65,1876.53
Telangana,Nalgonda,Agricultural Market,Maize,2025-10-01,1807.33,2121.65,1964.49
Telangana,Nalgonda,Central Mandi,Maize,2025-11-01,1743.01,2046.14,1894.57
Telangana,Nalgonda,Central Mandi,Maize,2025-12-01,1967.18,2309.3,2138.24
Telangana,Nalgonda,Central Mandi,Cotton,2020-01-01,6262.74,7351.92,6807.33
Telangana,Nalgonda,Central Mandi,Cotton,2020-02-01,6338.69,7441.08,6889.88
Telangana,Nalgonda,Main Market,Cotton,2020-03-01,6852.89,8044.7,7448.8
Telangana,Nalgonda,Main Market,Cotton,2020-04-01,7044.52,8269.65,7657.08
Telangana,Nalgonda,Main Market,Cotton,2020-05-01,7035.39,8258.93,7647.16
Telangana,Nalgonda,Central Mandi,Cotton,2020-06-01,6757.79,7933.05,7345.42
Telangana,Nalgonda,Central Mandi,Cotton,2020-07-01,6020.07,7067.04,6543.56
Telangana,Nalgonda,Agricultural Market,Cotton,2020-08-01,6145.95,7214.81,6680.38
Telangana,Nalgonda,Central Mandi,Cotton,2020-09-01,5676.41,6663.61,6170.01
Telangana,Nalgonda,Central Mandi,Cotton,2020-10-01,5203.66,6108.64,5656.15
Telangana,Nalgonda,Agricultural Market,Cotton,2020-11-01,5759.92,6761.65,6260.78
Telangana,Nalgonda,Central Mandi,Cotton,2020-12-01,6288.12,7381.71,6834.92
Telangana,Nalgonda,Agricultural Market,Cotton,2021-01-01,6746.05,7919.28,7332.66
Telangana,Nalgonda,Central Mandi,Cotton,2021-02-01,6934.54,8140.55,7537.55
Telangana,Nalgonda,Main Market,Cotton,2021-03-01,7008.73,8227.64,7618.19
Telangana,Nalgonda,Agricultural Market,Cotton,2021-04-01,7439.56,8733.4,8086.48
Telangana,Nalgonda,Main Market,Cotton,2021-05-01,7295.6,8564.4,7930.0
Telangana,Nalgonda,Central Mandi,Cotton,2021-06-01,6037.38,7087.35,6562.36
Telangana,Nalgonda,Main Market,Cotton,2021-07-01,6639.76,7794.5,7217.13
Telangana,Nalgonda,Agricultural Market,Cotton,2021-08-01,5669.56,6655.56,6162.56
Telangana,Nalgonda,Central Mandi,Cotton,2021-09-01,5420.84,6363.59,5892.22
Telangana,Nalgonda,Central Mandi,Cotton,2021-10-01,5581.89,6552.65,6067.27
Telangana,Nalgonda,Agricultural Market,Cotton,2021-11-01,5253.69,6167.38,5710.54
Telangana,Nalgonda,Main Market,Cotton,2021-12-01,5784.07,6789.99,6287.03
Telangana,Nalgonda,Agricultural Market,Cotton,2022-01-01,7101.73,8336.82,7719.28
Telangana,Nalgonda,Main Market,Cotton,2022-02-01,6888.85,8086.91,7487.88
Telangana,Nalgonda,Main Market,Cotton,2022-03-01,7198.4,8450.3,7824.35
Telangana,Nalgonda,Main Market,Cotton,2022-04-01,6822.57,8009.11,7415.84
Telangana,Nalgonda,Agricultural Market,Cotton,2022-05-01,7542.12,8853.8,8197.96
Telangana,Nalgonda,Central Mandi,Cotton,2022-06-01,7189.85,8440.26,7815.06
Telangana,Nalgonda,Agricultural Market,Cotton,2022-07-01,6945.45,8153.36,7549.41
Telangana,Nalgonda,Main Market,Cotton,2022-08-01,6331.97,7433.18,6882.57
Telangana,Nalgonda,Central Mandi,Cotton,2022-09-01,6405.07,7519.0,6962.04
Telangana,Nalgonda,Agricultural Market,Cotton,2022-10-01,5760.56,6762.4,6261.48
Telangana,Nalgonda,Central Mandi,Cotton,2022-11-01,5968.29,7006.26,6487.28
Telangana,Nalgonda,Agricultural Market,Cotton,2022-12-01,5565.73,6533.68,6049.71
Telangana,Nalgonda,Main Market,Cotton,2023-01-01,6863.72,8057.41,7460.56
Telangana,Nalgonda,Central Mandi,Cotton,2023-02-01,6968.37,8180.27,7574.32
Telangana,Nalgonda,Central Mandi,Cotton,2023-03-01,8019.41,9414.09,8716.75
Telangana,Nalgonda,Main Market,Cotton,2023-04-01,7905.94,9280.89,8593.42
Telangana,Nalgonda,Central Mandi,Cotton,2023-05-01,7635.3,8963.18,8299.24
Telangana,Nalgonda,Agricultural Market,Cotton,2023-06-01,7625.42,8951.58,8288.5
Telangana,Nalgonda,Central Mandi,Cotton,2023-07-01,6645.38,7801.1,7223.24
Telangana,Nalgonda,Main Market,Cotton,2023-08-01,5912.19,6940.4,6426.29
Telangana,Nalgonda,Central Mandi,Cotton,2023-09-01,6196.68,7274.36,6735.52
Telangana,Nalgonda,Central Mandi,Cotton,2023-10-01,6422.91,7539.93,6981.42
Telangana,Nalgonda,Agricultural Market,Cotton,2023-11-01,5859.15,6878.13,6368.64
Telangana,Nalgonda,Agricultural Market,Cotton,2023-12-01,6110.35,7173.02,6641.69
Telangana,Nalgonda,Main Market,Cotton,2024-01-01,7079.05,8310.19,7694.62
Telangana,Nalgonda,Agricultural Market,Cotton,2024-02-01,6221.02,7302.93,6761.98
Telangana,Nalgonda,Main Market,Cotton,2024-03-01,8386.16,9844.62,9115.39
Telangana,Nalgonda,Main Market,Cotton,2024-04-01,7999.84,9391.12,8695.48
Telangana,Nalgonda,Main Market,Cotton,2024-05-01,7846.19,9210.74,8528.47
Telangana,Nalgonda,Central Mandi,Cotton,2024-06-01,7278.94,8544.85,7911.89
Telangana,Nalgonda,Main Market,Cotton,2024-07-01,6176.36,7250.51,6713.43
Telangana,Nalgonda,Agricultural Market,Cotton,2024-08-01,6830.79,8018.75,7424.77
Telangana,Nalgonda,Agricultural Market,Cotton,2024-09-01,5677.81,6665.26,6171.53
Telangana,Nalgonda,Main Market,Cotton,2024-10-01,5707.03,6699.56,6203.3
Telangana,Nalgonda,Main Market,Cotton,2024-11-01,6026.98,7075.16,6551.07
Telangana,Nalgonda,Central Mandi,Cotton,2024-12-01,6821.41,8007.74,7414.57
Telangana,Nalgonda,Main Market,Cotton,2025-01-01,6117.33,7181.22,6649.27
Telangana,Nalgonda,Agricultural Market,Cotton,2025-02-01,7539.33,8850.52,8194.92
Telangana,Nalgonda,Agricultural Market,Cotton,2025-03-01,7626.59,8952.95,8289.77
Telangana,Nalgonda,Main Market,Cotton,2025-04-01,8191.57,9616.19,8903.88
Telangana,Nalgonda,Central Mandi,Cotton,2025-05-01,7868.92,9237.42,8553.17
Telangana,Nalgonda,Central Mandi,Cotton,2025-06-01,6994.53,8210.97,7602.75
Telangana,Nalgonda,Main Market,Cotton,2025-07-01,6764.66,7941.13,7352.9
Telangana,Nalgonda,Main Market,Cotton,2025-08-01,6487.81,7616.12,7051.97
Telangana,Nalgonda,Agricultural Market,Cotton,2025-09-01,6042.85,7093.78,6568.31
Telangana,Nalgonda,Central Mandi,Cotton,2025-10-01,6059.36,7113.16,6586.26
Telangana,Nalgonda,Central Mandi,Cotton,2025-11-01,6073.73,7130.03,6601.88
Telangana,Nalgonda,Main Market,Cotton,2025-12-01,6664.86,7823.97,7244.41
Telangana,Nalgonda,Agricultural Market,Groundnut,2020-01-01,5039.47,5915.9,5477.69
Telangana,Nalgonda,Agricultural Market,Groundnut,2020-02-01,5448.66,6396.26,5922.46
Telangana,Nalgonda,Main Market,Groundnut,2020-03-01,5720.39,6715.24,6217.81
Telangana,Nalgonda,Main Market,Groundnut,2020-04-01,5712.32,6705.76,6209.04
Telangana,Nalgonda,Central Mandi,Groundnut,2020-05-01,5165.41,6063.74,5614.58
Telangana,Nalgonda,Main Market,Groundnut,2020-06-01,5550.79,6516.15,6033.47
Telangana,Nalgonda,Central Mandi,Groundnut,2020-07-01,5465.46,6415.98,5940.72
Telangana,Nalgonda,Main Market,Groundnut,2020-08-01,4896.34,5747.87,5322.11
Telangana,Nalgonda,Main Market,Groundnut,2020-09-01,4783.9,5615.88,5199.89
Telangana,Nalgonda,Agricultural Market,Groundnut,2020-10-01,4804.27,5639.79,5222.03
Telangana,Nalgonda,Agricultural Market,Groundnut,2020-11-01,4712.13,5531.63,5121.88
Telangana,Nalgonda,Main Market,Groundnut,2020-12-01,4898.19,5750.05,5324.12
Telangana,Nalgonda,Main Market,Groundnut,2021-01-01,5410.93,6351.96,5881.45
Telangana,Nalgonda,Agricultural Market,Groundnut,2021-02-01,5476.26,6428.65,5952.46
Telangana,Nalgonda,Central Mandi,Groundnut,2021-03-01,6179.53,7254.23,6716.88
Telangana,Nalgonda,Agricultural Market,Groundnut,2021-04-01,6169.02,7241.9,6705.46
Telangana,Nalgonda,Main Market,Groundnut,2021-05-01,5971.09,7009.55,6490.32
Telangana,Nalgonda,Agricultural Market,Groundnut,2021-06-01,5639.23,6619.96,6129.59
Telangana,Nalgonda,Agricultural Market,Groundnut,2021-07-01,5544.84,6509.16,6027.0
Telangana,Nalgonda,Central Mandi,Groundnut,2021-08-01,4537.9,5327.1,4932.5
Telangana,Nalgonda,Central Mandi,Groundnut,2021-09-01,4799.89,5634.65,5217.27
Telangana,Nalgonda,Central Mandi,Groundnut,2021-10-01,4769.98,5599.54,5184.76
Telangana,Nalgonda,Agricultural Market,Groundnut,2021-11-01,5123.62,6014.69,5569.15
Telangana,Nalgonda,Agricultural Market,Groundnut,2021-12-01,4996.84,5865.86,5431.35
Telangana,Nalgonda,Main Market,Groundnut,2022-01-01,5341.85,6270.87,5806.36
Telangana,Nalgonda,Agricultural Market,Groundnut,2022-02-01,4957.88,5820.12,5389.0
Telangana,Nalgonda,Main Market,Groundnut,2022-03-01,5949.83,6984.59,6467.21
Telangana,Nalgonda,Agricultural Market,Groundnut,2022-04-01,6049.95,7102.12,6576.04
Telangana,Nalgonda,Main Market,Groundnut,2022-05-01,6001.19,7044.87,6523.03
Telangana,Nalgonda,Main Market,Groundnut,2022-06-01,5755.37,6756.3,6255.84
Telangana,Nalgonda,Central Mandi,Groundnut,2022-07-01,5289.07,6208.91,5748.99
Telangana,Nalgonda,Main Market,Groundnut,2022-08-01,5280.99,6199.42,5740.21
Telangana,Nalgonda,Agricultural Market,Groundnut,2022-09-01,4889.28,5739.59,5314.44
Telangana,Nalgonda,Central Mandi,Groundnut,2022-10-01,5040.82,5917.49,5479.15
Telangana,Nalgonda,Agricultural Market,Groundnut,2022-11-01,4904.52,5757.48,5331.0
Telangana,Nalgonda,Agricultural Market,Groundnut,2022-12-01,5239.93,6151.23,5695.58
Telangana,Nalgonda,Central Mandi,Groundnut,2023-01-01,5437.6,6383.27,5910.43
Telangana,Nalgonda,Main Market,Groundnut,2023-02-01,5950.63,6985.52,6468.07
Telangana,Nalgonda,Agricultural Market,Groundnut,2023-03-01,6495.38,7625.01,7060.19
Telangana,Nalgonda,Main Market,Groundnut,2023-04-01,6151.1,7220.86,6685.98
Telangana,Nalgonda,Main Market,Groundnut,2023-05-01,6023.04,7070.53,6546.79
Telangana,Nalgonda,Central Mandi,Groundnut,2023-06-01,5514.02,6472.98,5993.5
Telangana,Nalgonda,Main Market,Groundnut,2023-07-01,5295.23,6216.14,5755.68
Telangana,Nalgonda,Agricultural Market,Groundnut,2023-08-01,4829.45,5669.35,5249.4
Telangana,Nalgonda,Main Market,Groundnut,2023-09-01,5360.32,6292.55,5826.43
Telangana,Nalgonda,Central Mandi,Groundnut,2023-10-01,4859.36,5704.46,5281.91
Telangana,Nalgonda,Main Market,Groundnut,2023-11-01,4954.33,5815.95,5385.14
Telangana,Nalgonda,Agricultural Market,Groundnut,2023-12-01,4924.34,5780.74,5352.54
Telangana,Nalgonda,Main Market,Groundnut,2024-01-01,5880.61,6903.32,6391.96
Telangana,Nalgonda,Agricultural Market,Groundnut,2024-02-01,6360.73,7466.94,6913.84
Telangana,Nalgonda,Agricultural Market,Groundnut,2024-03-01,6180.74,7255.65,6718.19
Telangana,Nalgonda,Main Market,Groundnut,2024-04-01,6065.45,7120.31,6592.88
Telangana,Nalgonda,Main Market,Groundnut,2024-05-01,5864.93,6884.92,6374.93
Telangana,Nalgonda,Central Mandi,Groundnut,2024-06-01,6090.36,7149.55,6619.95
Telangana,Nalgonda,Main Market,Groundnut,2024-07-01,5643.66,6625.17,6134.42
Telangana,Nalgonda,Main Market,Groundnut,2024-08-01,5620.44,6597.9,6109.17
Telangana,Nalgonda,Agricultural Market,Groundnut,2024-09-01,4602.12,5402.49,5002.3
Telangana,Nalgonda,Central Mandi,Groundnut,2024-10-01,5256.42,6170.57,5713.5
Telangana,Nalgonda,Agricultural Market,Groundnut,2024-11-01,4918.91,5774.37,5346.64
Telangana,Nalgonda,Central Mandi,Groundnut,2024-12-01,5272.29,6189.21,5730.75
Telangana,Nalgonda,Central Mandi,Groundnut,2025-01-01,5802.44,6811.55,6307.0
Telangana,Nalgonda,Agricultural Market,Groundnut,2025-02-01,6197.11,7274.87,6735.99
Telangana,Nalgonda,Main Market,Groundnut,2025-03-01,6046.81,7098.43,6572.62
Telangana,Nalgonda,Main Market,Groundnut,2025-04-01,6180.68,7255.58,6718.13
Telangana,Nalgonda,Main Market,Groundnut,2025-05-01,6563.77,7705.3,7134.54
Telangana,Nalgonda,Agricultural Market,Groundnut,2025-06-01,6116.25,7179.94,6648.09
Telangana,Nalgonda,Main Market,Groundnut,2025-07-01,5651.5,6634.37,6142.94
Telangana,Nalgonda,Main Market,Groundnut,2025-08-01,5381.34,6317.23,5849.29
Telangana,Nalgonda,Main Market,Groundnut,2025-09-01,4705.03,5523.29,5114.16
Telangana,Nalgonda,Central Mandi,Groundnut,2025-10-01,4990.21,5858.07,5424.14
Telangana,Nalgonda,Central Mandi,Groundnut,2025-11-01,5059.12,5938.97,5499.05
Telangana,Nalgonda,Agricultural Market,Groundnut,2025-12-01,5295.89,6216.92,5756.41
Telangana,Nalgonda,Main Market,Chilli,2020-01-01,10291.04,12080.78,11185.91
Telangana,Nalgonda,Central Mandi,Chilli,2020-02-01,9520.87,11176.67,10348.77
Telangana,Nalgonda,Agricultural Market,Chilli,2020-03-01,10381.71,12187.23,11284.47
Telangana,Nalgonda,Main Market,Chilli,2020-04-01,10297.47,12088.33,11192.9
Telangana,Nalgonda,Central Mandi,Chilli,2020-05-01,10453.25,12271.21,11362.23
Telangana,Nalgonda,Main Market,Chilli,2020-06-01,10409.77,12220.16,11314.96
Telangana,Nalgonda,Agricultural Market,Chilli,2020-07-01,9756.03,11452.73,10604.38
Telangana,Nalgonda,Agricultural Market,Chilli,2020-08-01,9788.68,11491.06,10639.87
Telangana,Nalgonda,Agricultural Market,Chilli,2020-09-01,8866.48,10408.48,9637.48
Telangana,Nalgonda,Main Market,Chilli,2020-10-01,8191.1,9615.64,8903.37
Telangana,Nalgonda,Main Market,Chilli,2020-11-01,8797.61,10327.63,9562.62
Telangana,Nalgonda,Main Market,Chilli,2020-12-01,9913.06,11637.08,10775.07
Telangana,Nalgonda,Agricultural Market,Chilli,2021-01-01,10059.57,11809.06,10934.32
Telangana,Nalgonda,Agricultural Market,Chilli,2021-02-01,9252.6,10861.74,10057.17
Telangana,Nalgonda,Agricultural Market,Chilli,2021-03-01,11922.78,13996.31,12959.54
Telangana,Nalgonda,Central Mandi,Chilli,2021-04-01,10705.9,12567.8,11636.85
Telangana,Nalgonda,Central Mandi,Chilli,2021-05-01,10830.19,12713.71,11771.95
Telangana,Nalgonda,Agricultural Market,Chilli,2021-06-01,9809.22,11515.17,10662.19
Telangana,Nalgonda,Central Mandi,Chilli,2021-07-01,9888.62,11608.39,10748.51
Telangana,Nalgonda,Main Market,Chilli,2021-08-01,8881.98,10426.68,9654.33
Telangana,Nalgonda,Main Market,Chilli,2021-09-01,9274.66,10887.64,10081.15
Telangana,Nalgonda,Central Mandi,Chilli,2021-10-01,8634.65,10136.33,9385.49
Telangana,Nalgonda,Central Mandi,Chilli,2021-11-01,8750.66,10272.51,9511.59
Telangana,Nalgonda,Central Mandi,Chilli,2021-12-01,9118.8,10704.68,9911.74
Telangana,Nalgonda,Agricultural Market,Chilli,2022-01-01,10148.93,11913.97,11031.45
Telangana,Nalgonda,Central Mandi,Chilli,2022-02-01,9961.55,11694.0,10827.77
Telangana,Nalgonda,Main Market,Chilli,2022-03-01,11232.73,13186.24,12209.49
Telangana,Nalgonda,Main Market,Chilli,2022-04-01,11194.22,13141.04,12167.63
Telangana,Nalgonda,Agricultural Market,Chilli,2022-05-01,10937.08,12839.18,11888.13
Telangana,Nalgonda,Central Mandi,Chilli,2022-06-01,11169.35,13111.85,12140.6
Telangana,Nalgonda,Main Market,Chilli,2022-07-01,9529.95,11187.34,10358.64
Telangana,Nalgonda,Central Mandi,Chilli,2022-08-01,9894.9,11615.75,10755.33
Telangana,Nalgonda,Agricultural Market,Chilli,2022-09-01,8278.58,9718.34,8998.46
Telangana,Nalgonda,Agricultural Market,Chilli,2022-10-01,8583.26,10076.0,9329.63
Telangana,Nalgonda,Agricultural Market,Chilli,2022-11-01,9092.56,10673.87,9883.21
Telangana,Nalgonda,Agricultural Market,Chilli,2022-12-01,9885.23,11604.4,10744.82
Telangana,Nalgonda,Main Market,Chilli,2023-01-01,9647.44,11325.26,10486.35
Telangana,Nalgonda,Main Market,Chilli,2023-02-01,10094.33,11849.86,10972.1
Telangana,Nalgonda,Main Market,Chilli,2023-03-01,11337.12,13308.79,12322.96
Telangana,Nalgonda,Agricultural Market,Chilli,2023-04-01,13538.05,15892.49,14715.27
Telangana,Nalgonda,Main Market,Chilli,2023-05-01,10401.63,12210.61,11306.12
Telangana,Nalgonda,Agricultural Market,Chilli,2023-06-01,11986.75,14071.41,13029.08
Telangana,Nalgonda,Main Market,Chilli,2023-07-01,9808.97,11514.87,10661.92
Telangana,Nalgonda,Main Market,Chilli,2023-08-01,9760.8,11458.33,10609.57
Telangana,Nalgonda,Central Mandi,Chilli,2023-09-01,9794.76,11498.19,10646.47
Telangana,Nalgonda,Central Mandi,Chilli,2023-10-01,9112.9,10697.75,9905.32
Telangana,Nalgonda,Central Mandi,Chilli,2023-11-01,9216.01,10818.8,10017.4
Telangana,Nalgonda,Agricultural Market,Chilli,2023-12-01,10299.13,12090.28,11194.71
Telangana,Nalgonda,Central Mandi,Chilli,2024-01-01,10624.62,12472.37,11548.5
Telangana,Nalgonda,Central Mandi,Chilli,2024-02-01,10926.8,12827.11,11876.95
Telangana,Nalgonda,Agricultural Market,Chilli,2024-03-01,11670.58,13700.24,12685.41
Telangana,Nalgonda,Central Mandi,Chilli,2024-04-01,11920.75,13993.92,12957.34
Telangana,Nalgonda,Central Mandi,Chilli,2024-05-01,11725.59,13764.83,12745.21
Telangana,Nalgonda,Agricultural Market,Chilli,2024-06-01,10565.71,12403.23,11484.47
Telangana,Nalgonda,Central Mandi,Chilli,2024-07-01,10524.98,12355.42,11440.2
Telangana,Nalgonda,Agricultural Market,Chilli,2024-08-01,9749.05,11444.53,10596.79
Telangana,Nalgonda,Main Market,Chilli,2024-09-01,9675.34,11358.0,10516.67
Telangana,Nalgonda,Agricultural Market,Chilli,2024-10-01,10289.99,12079.55,11184.77
Telangana,Nalgonda,Central Mandi,Chilli,2024-11-01,9723.84,11414.95,10569.4
Telangana,Nalgonda,Central Mandi,Chilli,2024-12-01,9342.03,10966.73,10154.38
Telangana,Nalgonda,Central Mandi,Chilli,2025-01-01,9838.43,11549.46,10693.94
Telangana,Nalgonda,Agricultural Market,Chilli,2025-02-01,12025.39,14116.76,13071.07
Telangana,Nalgonda,Central Mandi,Chilli,2025-03-01,11577.09,13590.49,12583.79
Telangana,Nalgonda,Main Market,Chilli,2025-04-01,11793.33,13844.34,12818.83
Telangana,Nalgonda,Agricultural Market,Chilli,2025-05-01,13607.67,15974.22,14790.95
Telangana,Nalgonda,Agricultural Market,Chilli,2025-06-01,11796.5,13848.07,12822.29
Telangana,Nalgonda,Agricultural Market,Chilli,2025-07-01,10393.55,12201.13,11297.34
Telangana,Nalgonda,Main Market,Chilli,2025-08-01,11598.16,13615.23,12606.7
Telangana,Nalgonda,Central Mandi,Chilli,2025-09-01,9138.02,10727.25,9932.64
Telangana,Nalgonda,Main Market,Chilli,2025-10-01,9166.35,10760.5,9963.42
Telangana,Nalgonda,Main Market,Chilli,2025-11-01,9157.79,10750.45,9954.12
Telangana,Nalgonda,Central Mandi,Chilli,2025-12-01,10586.77,12427.95,11507.36
Telangana,Warangal,Main Market,Rice,2020-01-01,2227.16,2614.49,2420.82
Telangana,Warangal,Agricultural Market,Rice,2020-02-01,2151.47,2525.64,2338.56
Telangana,Warangal,Main Market,Rice,2020-03-01,2471.93,2901.83,2686.88
Telangana,Warangal,Main Market,Rice,2020-04-01,2298.89,2698.7,2498.79
Telangana,Warangal,Central Mandi,Rice,2020-05-01,2300.14,2700.17,2500.16
Telangana,Warangal,Agricultural Market,Rice,2020-06-01,2257.36,2649.94,2453.65
Telangana,Warangal,Agricultural Market,Rice,2020-07-01,2038.66,2393.22,2215.94
Telangana,Warangal,Main Market,Rice,2020-08-01,1909.62,2241.73,2075.67
Telangana,Warangal,Central Mandi,Rice,2020-09-01,1702.67,1998.79,1850.73
Telangana,Warangal,Agricultural Market,Rice,2020-10-01,1844.22,2164.95,2004.58
Telangana,Warangal,Main Market,Rice,2020-11-01,1868.62,2193.6,2031.11
Telangana,Warangal,Agricultural Market,Rice,2020-12-01,1825.81,2143.34,1984.57
Telangana,Warangal,Agricultural Market,Rice,2021-01-01,1757.43,2063.07,1910.25
Telangana,Warangal,Main Market,Rice,2021-02-01,2074.11,2434.83,2254.47
Telangana,Warangal,Agricultural Market,Rice,2021-03-01,2503.3,2938.66,2720.98
Telangana,Warangal,Central Mandi,Rice,2021-04-01,2521.03,2959.47,2740.25
Telangana,Warangal,Agricultural Market,Rice,2021-05-01,2210.43,2594.85,2402.64
Telangana,Warangal,Main Market,Rice,2021-06-01,2187.37,2567.79,2377.58
Telangana,Warangal,Central Mandi,Rice,2021-07-01,1932.6,2268.7,2100.65
Telangana,Warangal,Main Market,Rice,2021-08-01,1998.37,2345.91,2172.14
Telangana,Warangal,Agricultural Market,Rice,2021-09-01,1816.93,2132.92,1974.92
Telangana,Warangal,Main Market,Rice,2021-10-01,1880.01,2206.97,2043.49
Telangana,Warangal,Central Mandi,Rice,2021-11-01,2019.52,2370.75,2195.14
Telangana,Warangal,Main Market,Rice,2021-12-01,1891.52,2220.48,2056.0
Telangana,Warangal,Central Mandi,Rice,2022-01-01,2053.23,2410.32,2231.78
Telangana,Warangal,Agricultural Market,Rice,2022-02-01,2347.3,2755.53,2551.41
Telangana,Warangal,Main Market,Rice,2022-03-01,2419.88,2840.73,2630.3
Telangana,Warangal,Main Market,Rice,2022-04-01,2458.24,2885.76,2672.0
Telangana,Warangal,Main Market,Rice,2022-05-01,2195.86,2577.74,2386.8
Telangana,Warangal,Agricultural Market,Rice,2022-06-01,2208.36,2592.42,2400.39
Telangana,Warangal,Agricultural Market,Rice,2022-07-01,2171.05,2548.62,2359.83
Telangana,Warangal,Central Mandi,Rice,2022-08-01,1816.26,2132.13,1974.19
Telangana,Warangal,Agricultural Market,Rice,2022-09-01,1981.15,2325.7,2153.43
Telangana,Warangal,Central Mandi,Rice,2022-10-01,1795.72,2108.01,1951.86
Telangana,Warangal,Main Market,Rice,2022-11-01,1844.33,2165.08,2004.71
Telangana,Warangal,Main Market,Rice,2022-12-01,2106.51,2472.86,2289.69
Telangana,Warangal,Agricultural Market,Rice,2023-01-01,1982.38,2327.14,2154.76
Telangana,Warangal,Main Market,Rice,2023-02-01,2030.76,2383.93,2207.35
Telangana,Warangal,Agricultural Market,Rice,2023-03-01,2386.7,2801.78,2594.24
Telangana,Warangal,Central Mandi,Rice,2023-04-01,2418.13,2838.68,2628.41
Telangana,Warangal,Central Mandi,Rice,2023-05-01,2459.03,2886.69,2672.86
Telangana,Warangal,Agricultural Market,Rice,2023-06-01,2215.37,2600.66,2408.02
Telangana,Warangal,Main Market,Rice,2023-07-01,2028.79,2381.62,2205.21
Telangana,Warangal,Agricultural Market,Rice,2023-08-01,2038.63,2393.18,2215.9
Telangana,Warangal,Agricultural Market,Rice,2023-09-01,1721.73,2021.16,1871.44
Telangana,Warangal,Central Mandi,Rice,2023-10-01,1904.52,2235.74,2070.13
Telangana,Warangal,Central Mandi,Rice,2023-11-01,2120.46,2489.24,2304.85
Telangana,Warangal,Central Mandi,Rice,2023-12-01,2082.21,2444.34,2263.28
Telangana,Warangal,Agricultural Market,Rice,2024-01-01,2195.76,2577.63,2386.69
Telangana,Warangal,Agricultural Market,Rice,2024-02-01,2318.74,2721.99,2520.36
Telangana,Warangal,Main Market,Rice,2024-03-01,2471.9,2901.79,2686.85
Telangana,Warangal,Main Market,Rice,2024-04-01,2438.35,2862.41,2650.38
Telangana,Warangal,Agricultural Market,Rice,2024-05-01,2352.26,2761.34,2556.8
Telangana,Warangal,Agricultural Market,Rice,2024-06-01,2501.34,2936.35,2718.84
Telangana,Warangal,Agricultural Market,Rice,2024-07-01,2181.36,2560.73,2371.05
Telangana,Warangal,Main Market,Rice,2024-08-01,2173.68,2551.71,2362.7
Telangana,Warangal,Main Market,Rice,2024-09-01,2128.75,2498.96,2313.85
Telangana,Warangal,Agricultural Market,Rice,2024-10-01,1972.38,2315.41,2143.9
Telangana,Warangal,Central Mandi,Rice,2024-11-01,2170.36,2547.81,2359.09
Telangana,Warangal,Central Mandi,Rice,2024-12-01,2018.3,2369.31,2193.8
Telangana,Warangal,Central Mandi,Rice,2025-01-01,2610.99,3065.08,2838.03
Telangana,Warangal,Main Market,Rice,2025-02-01,2426.52,2848.52,2637.52
Telangana,Warangal,Central Mandi,Rice,2025-03-01,2527.01,2966.49,2746.75
Telangana,Warangal,Central Mandi,Rice,2025-04-01,2467.0,2896.05,2681.53
Telangana,Warangal,Central Mandi,Rice,2025-05-01,2486.58,2919.03,2702.8
Telangana,Warangal,Central Mandi,Rice,2025-06-01,2382.75,2797.14,2589.94
Telangana,Warangal,Main Market,Rice,2025-07-01,2282.24,2679.15,2480.69
Telangana,Warangal,Agricultural Market,Rice,2025-08-01,2055.93,2413.48,2234.71
Telangana,Warangal,Main Market,Rice,2025-09-01,2054.14,2411.38,2232.76
Telangana,Warangal,Agricultural Market,Rice,2025-10-01,2002.14,2350.34,2176.24
Telangana,Warangal,Central Mandi,Rice,2025-11-01,1943.75,2281.79,2112.77
Telangana,Warangal,Agricultural Market,Rice,2025-12-01,2168.06,2545.12,2356.59
Telangana,Warangal,Central Mandi,Maize,2020-01-01,1809.05,2123.67,1966.36
Telangana,Warangal,Central Mandi,Maize,2020-02-01,1802.5,2115.98,1959.24
Telangana,Warangal,Main Market,Maize,2020-03-01,1988.54,2334.38,2161.46
Telangana,Warangal,Agricultural Market,Maize,2020-04-01,2044.37,2399.92,2222.14
Telangana,Warangal,Main Market,Maize,2020-05-01,1905.88,2237.34,2071.61
Telangana,Warangal,Agricultural Market,Maize,2020-06-01,1710.45,2007.92,1859.18
Telangana,Warangal,Agricultural Market,Maize,2020-07-01,1880.69,2207.77,2044.23
Telangana,Warangal,Central Mandi,Maize,2020-08-01,1722.33,2021.86,1872.1
Telangana,Warangal,Main Market,Maize,2020-09-01,1469.33,1724.86,1597.1
Telangana,Warangal,Central Mandi,Maize,2020-10-01,1412.4,1658.04,1535.22
Telangana,Warangal,Main Market,Maize,2020-11-01,1445.53,1696.93,1571.23
Telangana,Warangal,Main Market,Maize,2020-12-01,1832.1,2150.72,1991.41
Telangana,Warangal,Central Mandi,Maize,2021-01-01,1889.78,2218.44,2054.11
Telangana,Warangal,Central Mandi,Maize,2021-02-01,1838.8,2158.6,1998.7
Telangana,Warangal,Central Mandi,Maize,2021-03-01,1966.0,2307.91,2136.95
Telangana,Warangal,Central Mandi,Maize,2021-04-01,1932.19,2268.22,2100.21
Telangana,Warangal,Agricultural Market,Maize,2021-05-01,2012.44,2362.43,2187.44
Telangana,Warangal,Main Market,Maize,2021-06-01,1868.26,2193.18,2030.72
Telangana,Warangal,Main Market,Maize,2021-07-01,1726.47,2026.73,1876.6
Telangana,Warangal,Agricultural Market,Maize,2021-08-01,1684.59,1977.56,1831.07
Telangana,Warangal,Central Mandi,Maize,2021-09-01,1427.7,1675.99,1551.84
Telangana,Warangal,Main Market,Maize,2021-10-01,1603.87,1882.81,1743.34
Telangana,Warangal,Central Mandi,Maize,2021-11-01,1650.3,1937.31,1793.81
Telangana,Warangal,Central Mandi,Maize,2021-12-01,1480.54,1738.03,1609.29
Telangana,Warangal,Central Mandi,Maize,2022-01-01,1765.46,2072.5,1918.98
Telangana,Warangal,Central Mandi,Maize,2022-02-01,1981.29,2325.86,2153.57
Telangana,Warangal,Central Mandi,Maize,2022-03-01,1877.52,2204.05,2040.78
Telangana,Warangal,Central Mandi,Maize,2022-04-01,2020.03,2371.34,2195.69
Telangana,Warangal,Main Market,Maize,2022-05-01,2276.2,2672.06,2474.13
Telangana,Warangal,Main Market,Maize,2022-06-01,1653.83,1941.46,1797.65
Telangana,Warangal,Agricultural Market,Maize,2022-07-01,1934.35,2270.76,2102.56
Telangana,Warangal,Agricultural Market,Maize,2022-08-01,1968.73,2311.12,2139.93
Telangana,Warangal,Central Mandi,Maize,2022-09-01,1747.54,2051.46,1899.5
Telangana,Warangal,Agricultural Market,Maize,2022-10-01,1650.64,1937.71,1794.17
Telangana,Warangal,Central Mandi,Maize,2022-11-01,1791.35,2102.89,1947.12
Telangana,Warangal,Main Market,Maize,2022-12-01,1880.34,2207.36,2043.85
Telangana,Warangal,Central Mandi,Maize,2023-01-01,1738.12,2040.4,1889.26
Telangana,Warangal,Central Mandi,Maize,2023-02-01,1933.58,2269.85,2101.72
Telangana,Warangal,Central Mandi,Maize,2023-03-01,2193.75,2575.27,2384.51
Telangana,Warangal,Main Market,Maize,2023-04-01,2290.05,2688.32,2489.19
Telangana,Warangal,Agricultural Market,Maize,2023-05-01,1957.17,2297.55,2127.36
Telangana,Warangal,Main Market,Maize,2023-06-01,2149.09,2522.85,2335.97
Telangana,Warangal,Central Mandi,Maize,2023-07-01,1958.31,2298.88,2128.59
Telangana,Warangal,Main Market,Maize,2023-08-01,1726.14,2026.34,1876.24
Telangana,Warangal,Main Market,Maize,2023-09-01,1532.89,1799.48,1666.18
Telangana,Warangal,Agricultural Market,Maize,2023-10-01,1704.2,2000.59,1852.4
Telangana,Warangal,Main Market,Maize,2023-11-01,1684.95,1977.98,1831.46
Telangana,Warangal,Main Market,Maize,2023-12-01,1757.33,2062.95,1910.14
Telangana,Warangal,Main Market,Maize,2024-01-01,2041.07,2396.04,2218.56
Telangana,Warangal,Central Mandi,Maize,2024-02-01,1884.76,2212.54,2048.65
Telangana,Warangal,Agricultural Market,Maize,2024-03-01,2255.77,2648.08,2451.92
Telangana,Warangal,Agricultural Market,Maize,2024-04-01,2078.11,2439.52,2258.81
Telangana,Warangal,Main Market,Maize,2024-05-01,2285.81,2683.34,2484.58
Telangana,Warangal,Main Market,Maize,2024-06-01,2178.42,2557.27,2367.84
Telangana,Warangal,Main Market,Maize,2024-07-01,1992.72,2339.28,2166.0
Telangana,Warangal,Agricultural Market,Maize,2024-08-01,1866.99,2191.69,2029.34
Telangana,Warangal,Agricultural Market,Maize,2024-09-01,1693.9,1988.49,1841.2
Telangana,Warangal,Main Market,Maize,2024-10-01,1571.91,1845.29,1708.6
Telangana,Warangal,Central Mandi,Maize,2024-11-01,1814.61,2130.19,1972.4
Telangana,Warangal,Central Mandi,Maize,2024-12-01,1966.66,2308.68,2137.67
Telangana,Warangal,Central Mandi,Maize,2025-01-01,1886.09,2214.11,2050.1
Telangana,Warangal,Main Market,Maize,2025-02-01,2024.2,2376.23,2200.22
Telangana,Warangal,Agricultural Market,Maize,2025-03-01,2007.04,2356.09,2181.57
Telangana,Warangal,Main Market,Maize,2025-04-01,2345.41,2753.31,2549.36
Telangana,Warangal,Agricultural Market,Maize,2025-05-01,2324.97,2729.31,2527.14
Telangana,Warangal,Agricultural Market,Maize,2025-06-01,2244.58,2634.94,2439.76
Telangana,Warangal,Central Mandi,Maize,2025-07-01,2026.93,2379.44,2203.18
Telangana,Warangal,Main Market,Maize,2025-08-01,1832.6,2151.31,1991.96
Telangana,Warangal,Agricultural Market,Maize,2025-09-01,1615.62,1896.59,1756.11
Telangana,Warangal,Main Market,Maize,2025-10-01,1781.44,2091.25,1936.35
Telangana,Warangal,Agricultural Market,Maize,2025-11-01,1961.14,2302.21,2131.67
Telangana,Warangal,Main Market,Maize,2025-12-01,1946.64,2285.18,2115.91
Telangana,Warangal,Main Market,Cotton,2020-01-01,6274.26,7365.43,6819.84
Telangana,Warangal,Main Market,Cotton,2020-02-01,6946.95,8155.12,7551.04
Telangana,Warangal,Main Market,Cotton,2020-03-01,7664.79,8997.79,8331.29
Telangana,Warangal,Main Market,Cotton,2020-04-01,6628.18,7780.91,7204.55
Telangana,Warangal,Main Market,Cotton,2020-05-01,6474.13,7600.06,7037.1
Telangana,Warangal,Agricultural Market,Cotton,2020-06-01,6511.61,7644.06,7077.83
Telangana,Warangal,Main Market,Cotton,2020-07-01,6957.35,8167.32,7562.34
Telangana,Warangal,Main Market,Cotton,2020-08-01,5708.15,6700.87,6204.51
Telangana,Warangal,Central Mandi,Cotton,2020-09-01,5651.41,6634.26,6142.83
Telangana,Warangal,Main Market,Cotton,2020-10-01,5437.49,6383.15,5910.32
Telangana,Warangal,Central Mandi,Cotton,2020-11-01,5114.72,6004.23,5559.48
Telangana,Warangal,Agricultural Market,Cotton,2020-12-01,6125.6,7190.92,6658.26
Telangana,Warangal,Agricultural Market,Cotton,2021-01-01,6319.92,7419.04,6869.48
Telangana,Warangal,Central Mandi,Cotton,2021-02-01,6871.79,8066.88,7469.33
Telangana,Warangal,Central Mandi,Cotton,2021-03-01,7087.45,8320.05,7703.75
Telangana,Warangal,Central Mandi,Cotton,2021-04-01,7610.13,8933.63,8271.88
Telangana,Warangal,Central Mandi,Cotton,2021-05-01,7590.41,8910.48,8250.45
Telangana,Warangal,Agricultural Market,Cotton,2021-06-01,6442.46,7562.89,7002.68
Telangana,Warangal,Main Market,Cotton,2021-07-01,6352.04,7456.74,6904.39
Telangana,Warangal,Central Mandi,Cotton,2021-08-01,6441.19,7561.4,7001.29
Telangana,Warangal,Central Mandi,Cotton,2021-09-01,5480.38,6433.49,5956.94
Telangana,Warangal,Main Market,Cotton,2021-10-01,5856.2,6874.67,6365.44
Telangana,Warangal,Central Mandi,Cotton,2021-11-01,5594.99,6568.03,6081.51
Telangana,Warangal,Main Market,Cotton,2021-12-01,6012.87,7058.58,6535.73
Telangana,Warangal,Central Mandi,Cotton,2022-01-01,6778.37,7957.22,7367.79
Telangana,Warangal,Central Mandi,Cotton,2022-02-01,6997.89,8214.92,7606.41
Telangana,Warangal,Central Mandi,Cotton,2022-03-01,6981.16,8195.27,7588.21
Telangana,Warangal,Central Mandi,Cotton,2022-04-01,7221.3,8477.18,7849.24
Telangana,Warangal,Agricultural Market,Cotton,2022-05-01,7459.1,8756.33,8107.72
Telangana,Warangal,Central Mandi,Cotton,2022-06-01,6898.72,8098.5,7498.61
Telangana,Warangal,Agricultural Market,Cotton,2022-07-01,6810.26,7994.65,7402.46
Telangana,Warangal,Main Market,Cotton,2022-08-01,5602.35,6576.67,6089.51
Telangana,Warangal,Agricultural Market,Cotton,2022-09-01,6079.22,7136.47,6607.84
Telangana,Warangal,Central Mandi,Cotton,2022-10-01,6025.01,7072.84,6548.93
Telangana,Warangal,Agricultural Market,Cotton,2022-11-01,5897.25,6922.85,6410.05
Telangana,Warangal,Agricultural Market,Cotton,2022-12-01,5603.84,6578.42,6091.13
Telangana,Warangal,Central Mandi,Cotton,2023-01-01,6551.58,7690.98,7121.28
Telangana,Warangal,Agricultural Market,Cotton,2023-02-01,7729.24,9073.45,8401.34
Telangana,Warangal,Agricultural Market,Cotton,2023-03-01,7982.04,9370.22,8676.13
Telangana,Warangal,Agricultural Market,Cotton,2023-04-01,7226.6,8483.4,7855.0
Telangana,Warangal,Agricultural Market,Cotton,2023-05-01,7066.13,8295.02,7680.57
Telangana,Warangal,Central Mandi,Cotton,2023-06-01,7387.66,8672.48,8030.07
Telangana,Warangal,Main Market,Cotton,2023-07-01,5972.6,7011.31,6491.96
Telangana,Warangal,Agricultural Market,Cotton,2023-08-01,6195.61,7273.11,6734.36
Telangana,Warangal,Main Market,Cotton,2023-09-01,5743.08,6741.87,6242.48
Telangana,Warangal,Central Mandi,Cotton,2023-10-01,5786.98,6793.41,6290.19
Telangana,Warangal,Central Mandi,Cotton,2023-11-01,5632.36,6611.9,6122.13
Telangana,Warangal,Main Market,Cotton,2023-12-01,7013.19,8232.87,7623.03
Telangana,Warangal,Agricultural Market,Cotton,2024-01-01,7599.93,8921.65,8260.79
Telangana,Warangal,Main Market,Cotton,2024-02-01,7248.83,8509.5,7879.17
Telangana,Warangal,Agricultural Market,Cotton,2024-03-01,7433.94,8726.8,8080.37
Telangana,Warangal,Agricultural Market,Cotton,2024-04-01,7998.62,9389.68,8694.15
Telangana,Warangal,Central Mandi,Cotton,2024-05-01,8246.52,9680.69,8963.61
Telangana,Warangal,Agricultural Market,Cotton,2024-06-01,7339.68,8616.15,7977.91
Telangana,Warangal,Central Mandi,Cotton,2024-07-01,7330.89,8605.83,7968.36
Telangana,Warangal,Central Mandi,Cotton,2024-08-01,6125.45,7190.75,6658.1
Telangana,Warangal,Agricultural Market,Cotton,2024-09-01,6068.09,7123.41,6595.75
Telangana,Warangal,Central Mandi,Cotton,2024-10-01,5118.31,6008.45,5563.38
Telangana,Warangal,Agricultural Market,Cotton,2024-11-01,7016.87,8237.2,7627.03
Telangana,Warangal,Main Market,Cotton,2024-12-01,7087.65,8320.29,7703.97
Telangana,Warangal,Agricultural Market,Cotton,2025-01-01,7432.85,8725.52,8079.19
Telangana,Warangal,Agricultural Market,Cotton,2025-02-01,8289.76,9731.46,9010.61
Telangana,Warangal,Main Market,Cotton,2025-03-01,7734.42,9079.53,8406.97
Telangana,Warangal,Agricultural Market,Cotton,2025-04-01,8312.28,9757.9,9035.09
Telangana,Warangal,Main Market,Cotton,2025-05-01,7669.42,9003.23,8336.33
Telangana,Warangal,Agricultural Market,Cotton,2025-06-01,7814.62,9173.68,8494.15
Telangana,Warangal,Agricultural Market,Cotton,2025-07-01,7725.27,9068.8,8397.04
Telangana,Warangal,Main Market,Cotton,2025-08-01,6077.49,7134.45,6605.97
Telangana,Warangal,Agricultural Market,Cotton,2025-09-01,6588.69,7734.54,7161.62
Telangana,Warangal,Central Mandi,Cotton,2025-10-01,5905.99,6933.12,6419.55
Telangana,Warangal,Main Market,Cotton,2025-11-01,6610.68,7760.36,7185.52
Telangana,Warangal,Agricultural Market,Cotton,2025-12-01,6348.81,7452.95,6900.88
Telangana,Warangal,Main Market,Groundnut,2020-01-01,4792.03,5625.43,5208.73
Telangana,Warangal,Agricultural Market,Groundnut,2020-02-01,5807.95,6818.02,6312.98
Telangana,Warangal,Central Mandi,Groundnut,2020-03-01,5256.5,6170.67,5713.58
Telangana,Warangal,Central Mandi,Groundnut,2020-04-01,6309.8,7407.16,6858.48
Telangana,Warangal,Central Mandi,Groundnut,2020-05-01,5691.79,6681.67,6186.73
Telangana,Warangal,Agricultural Market,Groundnut,2020-06-01,5630.46,6609.67,6120.07
Telangana,Warangal,Main Market,Groundnut,2020-07-01,5229.62,6139.11,5684.37
Telangana,Warangal,Main Market,Groundnut,2020-08-01,4126.77,4844.47,4485.62
Telangana,Warangal,Central Mandi,Groundnut,2020-09-01,4735.5,5559.06,5147.28
Telangana,Warangal,Central Mandi,Groundnut,2020-10-01,4670.9,5483.24,5077.07
Telangana,Warangal,Main Market,Groundnut,2020-11-01,4613.53,5415.88,5014.71
Telangana,Warangal,Agricultural Market,Groundnut,2020-12-01,4544.35,5334.68,4939.52
Telangana,Warangal,Main Market,Groundnut,2021-01-01,4949.94,5810.8,5380.37
Telangana,Warangal,Main Market,Groundnut,2021-02-01,5786.74,6793.13,6289.94
Telangana,Warangal,Central Mandi,Groundnut,2021-03-01,5938.55,6971.34,6454.95
Telangana,Warangal,Central Mandi,Groundnut,2021-04-01,5409.75,6350.58,5880.16
Telangana,Warangal,Main Market,Groundnut,2021-05-01,5766.9,6769.84,6268.37
Telangana,Warangal,Agricultural Market,Groundnut,2021-06-01,5754.33,6755.08,6254.7
Telangana,Warangal,Agricultural Market,Groundnut,2021-07-01,5373.27,6307.75,5840.51
Telangana,Warangal,Main Market,Groundnut,2021-08-01,5042.65,5919.63,5481.14
Telangana,Warangal,Central Mandi,Groundnut,2021-09-01,4628.67,5433.66,5031.17
Telangana,Warangal,Main Market,Groundnut,2021-10-01,4487.62,5268.08,4877.85
Telangana,Warangal,Main Market,Groundnut,2021-11-01,5088.86,5973.88,5531.37
Telangana,Warangal,Central Mandi,Groundnut,2021-12-01,5413.89,6355.43,5884.66
Telangana,Warangal,Main Market,Groundnut,2022-01-01,5610.52,6586.26,6098.39
Telangana,Warangal,Agricultural Market,Groundnut,2022-02-01,5778.43,6783.37,6280.9
Telangana,Warangal,Central Mandi,Groundnut,2022-03-01,5342.03,6271.08,5806.56
Telangana,Warangal,Central Mandi,Groundnut,2022-04-01,5568.53,6536.97,6052.75
Telangana,Warangal,Central Mandi,Groundnut,2022-05-01,6362.75,7469.31,6916.03
Telangana,Warangal,Agricultural Market,Groundnut,2022-06-01,6061.37,7115.52,6588.45
Telangana,Warangal,Main Market,Groundnut,2022-07-01,5192.97,6096.1,5644.53
Telangana,Warangal,Main Market,Groundnut,2022-08-01,4791.03,5624.25,5207.64
Telangana,Warangal,Agricultural Market,Groundnut,2022-09-01,4816.61,5654.29,5235.45
Telangana,Warangal,Central Mandi,Groundnut,2022-10-01,5092.76,5978.46,5535.61
Telangana,Warangal,Agricultural Market,Groundnut,2022-11-01,4963.85,5827.13,5395.49
Telangana,Warangal,Central Mandi,Groundnut,2022-12-01,5197.23,6101.1,5649.17
Telangana,Warangal,Main Market,Groundnut,2023-01-01,5563.9,6531.53,6047.71
Telangana,Warangal,Central Mandi,Groundnut,2023-02-01,5940.32,6973.42,6456.87
Telangana,Warangal,Central Mandi,Groundnut,2023-03-01,6086.03,7144.47,6615.25
Telangana,Warangal,Central Mandi,Groundnut,2023-04-01,6424.38,7541.67,6983.03
Telangana,Warangal,Agricultural Market,Groundnut,2023-05-01,6781.0,7960.3,7370.65
Telangana,Warangal,Agricultural Market,Groundnut,2023-06-01,5874.54,6896.2,6385.37
Telangana,Warangal,Main Market,Groundnut,2023-07-01,5792.34,6799.7,6296.02
Telangana,Warangal,Main Market,Groundnut,2023-08-01,5254.56,6168.39,5711.47
Telangana,Warangal,Agricultural Market,Groundnut,2023-09-01,4922.67,5778.79,5350.73
Telangana,Warangal,Central Mandi,Groundnut,2023-10-01,4697.78,5514.78,5106.28
Telangana,Warangal,Central Mandi,Groundnut,2023-11-01,5201.39,6105.98,5653.69
Telangana,Warangal,Main Market,Groundnut,2023-12-01,5228.56,6137.87,5683.21
Telangana,Warangal,Main Market,Groundnut,2024-01-01,5834.1,6848.72,6341.41
Telangana,Warangal,Main Market,Groundnut,2024-02-01,6734.82,7906.1,7320.46
Telangana,Warangal,Agricultural Market,Groundnut,2024-03-01,6421.43,7538.2,6979.82
Telangana,Warangal,Agricultural Market,Groundnut,2024-04-01,6249.19,7336.01,6792.6
Telangana,Warangal,Agricultural Market,Groundnut,2024-05-01,6567.54,7709.72,7138.63
Telangana,Warangal,Main Market,Groundnut,2024-06-01,5932.63,6964.39,6448.51
Telangana,Warangal,Agricultural Market,Groundnut,2024-07-01,5425.68,6369.27,5897.48
Telangana,Warangal,Central Mandi,Groundnut,2024-08-01,5538.59,6501.82,6020.2
Telangana,Warangal,Agricultural Market,Groundnut,2024-09-01,4950.13,5811.03,5380.58
Telangana,Warangal,Agricultural Market,Groundnut,2024-10-01,5095.34,5981.49,5538.41
Telangana,Warangal,Main Market,Groundnut,2024-11-01,4774.57,5604.93,5189.75
Telangana,Warangal,Central Mandi,Groundnut,2024-12-01,5693.34,6683.49,6188.41
Telangana,Warangal,Main Market,Groundnut,2025-01-01,6138.76,7206.37,6672.56
Telangana,Warangal,Central Mandi,Groundnut,2025-02-01,6497.64,7627.67,7062.65
Telangana,Warangal,Central Mandi,Groundnut,2025-03-01,6390.43,7501.81,6946.12
Telangana,Warangal,Main Market,Groundnut,2025-04-01,6799.6,7982.13,7390.86
Telangana,Warangal,Agricultural Market,Groundnut,2025-05-01,6178.07,7252.52,6715.3
Telangana,Warangal,Agricultural Market,Groundnut,2025-06-01,5813.2,6824.19,6318.7
Telangana,Warangal,Central Mandi,Groundnut,2025-07-01,5703.19,6695.05,6199.12
Telangana,Warangal,Agricultural Market,Groundnut,2025-08-01,5564.07,6531.74,6047.9
Telangana,Warangal,Agricultural Market,Groundnut,2025-09-01,4991.73,5859.86,5425.79
Telangana,Warangal,Main Market,Groundnut,2025-10-01,5457.28,6406.38,5931.83
Telangana,Warangal,Main Market,Groundnut,2025-11-01,4940.06,5799.2,5369.63
Telangana,Warangal,Agricultural Market,Groundnut,2025-12-01,5190.63,6093.35,5641.99
Telangana,Warangal,Main Market,Chilli,2020-01-01,8661.83,10168.24,9415.04
Telangana,Warangal,Agricultural Market,Chilli,2020-02-01,9831.01,11540.75,10685.88
Telangana,Warangal,Central Mandi,Chilli,2020-03-01,10047.95,11795.42,10921.68
Telangana,Warangal,Central Mandi,Chilli,2020-04-01,10240.63,12021.61,11131.12
Telangana,Warangal,Agricultural Market,Chilli,2020-05-01,11065.6,12990.06,12027.83
Telangana,Warangal,Agricultural Market,Chilli,2020-06-01,9630.19,11305.01,10467.6
Telangana,Warangal,Central Mandi,Chilli,2020-07-01,8950.72,10507.37,9729.05
Telangana,Warangal,Main Market,Chilli,2020-08-01,9514.63,11169.34,10341.99
Telangana,Warangal,Central Mandi,Chilli,2020-09-01,9279.19,10892.97,10086.08
Telangana,Warangal,Main Market,Chilli,2020-10-01,8525.97,10008.75,9267.36
Telangana,Warangal,Central Mandi,Chilli,2020-11-01,9237.97,10844.58,10041.28
Telangana,Warangal,Agricultural Market,Chilli,2020-12-01,9882.76,11601.5,10742.13
Telangana,Warangal,Central Mandi,Chilli,2021-01-01,9937.41,11665.65,10801.53
Telangana,Warangal,Agricultural Market,Chilli,2021-02-01,9613.93,11285.92,10449.93
Telangana,Warangal,Agricultural Market,Chilli,2021-03-01,12354.86,14503.53,13429.19
Telangana,Warangal,Central Mandi,Chilli,2021-04-01,11940.8,14017.46,12979.13
Telangana,Warangal,Agricultural Market,Chilli,2021-05-01,10767.33,12639.91,11703.62
Telangana,Warangal,Main Market,Chilli,2021-06-01,10227.77,12006.52,11117.14
Telangana,Warangal,Main Market,Chilli,2021-07-01,9911.33,11635.04,10773.18
Telangana,Warangal,Central Mandi,Chilli,2021-08-01,9927.16,11653.63,10790.4
Telangana,Warangal,Central Mandi,Chilli,2021-09-01,8671.29,10179.34,9425.31
Telangana,Warangal,Main Market,Chilli,2021-10-01,8425.16,9890.4,9157.78
Telangana,Warangal,Main Market,Chilli,2021-11-01,8136.56,9551.62,8844.09
Telangana,Warangal,Central Mandi,Chilli,2021-12-01,8964.43,10523.46,9743.95
Telangana,Warangal,Central Mandi,Chilli,2022-01-01,10396.19,12204.23,11300.21
Telangana,Warangal,Main Market,Chilli,2022-02-01,11789.74,13840.13,12814.93
Telangana,Warangal,Agricultural Market,Chilli,2022-03-01,12117.85,14225.3,13171.57
Telangana,Warangal,Main Market,Chilli,2022-04-01,11337.34,13309.05,12323.19
Telangana,Warangal,Central Mandi,Chilli,2022-05-01,10657.37,12510.83,11584.1
Telangana,Warangal,Central Mandi,Chilli,2022-06-01,11153.89,13093.7,12123.8
Telangana,Warangal,Central Mandi,Chilli,2022-07-01,10131.23,11893.18,11012.2
Telangana,Warangal,Main Market,Chilli,2022-08-01,9678.24,11361.41,10519.82
Telangana,Warangal,Main Market,Chilli,2022-09-01,8506.37,9985.74,9246.06
Telangana,Warangal,Agricultural Market,Chilli,2022-10-01,8184.09,9607.41,8895.75
Telangana,Warangal,Main Market,Chilli,2022-11-01,8526.29,10009.13,9267.71
Telangana,Warangal,Main Market,Chilli,2022-12-01,9583.49,11250.18,10416.83
Telangana,Warangal,Central Mandi,Chilli,2023-01-01,9924.56,11650.57,10787.56
Telangana,Warangal,Central Mandi,Chilli,2023-02-01,11339.91,13312.07,12325.99
Telangana,Warangal,Main Market,Chilli,2023-03-01,10808.09,12687.75,11747.92
Telangana,Warangal,Agricultural Market,Chilli,2023-04-01,12462.46,14629.85,13546.16
Telangana,Warangal,Central Mandi,Chilli,2023-05-01,11756.4,13800.99,12778.7
Telangana,Warangal,Agricultural Market,Chilli,2023-06-01,11376.35,13354.85,12365.6
Telangana,Warangal,Main Market,Chilli,2023-07-01,10922.53,12822.1,11872.32
Telangana,Warangal,Main Market,Chilli,2023-08-01,9900.17,11621.94,10761.06
Telangana,Warangal,Agricultural Market,Chilli,2023-09-01,8531.92,10015.73,9273.83
Telangana,Warangal,Central Mandi,Chilli,2023-10-01,8294.33,9736.83,9015.58
Telangana,Warangal,Central Mandi,Chilli,2023-11-01,9628.97,11303.57,10466.27
Telangana,Warangal,Main Market,Chilli,2023-12-01,9475.25,11123.12,10299.18
Telangana,Warangal,Central Mandi,Chilli,2024-01-01,10936.72,12838.76,11887.74
Telangana,Warangal,Central Mandi,Chilli,2024-02-01,11546.42,13554.5,12550.46
Telangana,Warangal,Agricultural Market,Chilli,2024-03-01,11866.78,13930.57,12898.67
Telangana,Warangal,Main Market,Chilli,2024-04-01,13189.0,15482.74,14335.87
Telangana,Warangal,Agricultural Market,Chilli,2024-05-01,10886.55,12779.87,11833.21
Telangana,Warangal,Central Mandi,Chilli,2024-06-01,11049.77,12971.47,12010.62
Telangana,Warangal,Central Mandi,Chilli,2024-07-01,11437.58,13426.72,12432.15
Telangana,Warangal,Agricultural Market,Chilli,2024-08-01,10066.66,11817.38,10942.02
Telangana,Warangal,Central Mandi,Chilli,2024-09-01,9949.16,11679.45,10814.31
Telangana,Warangal,Agricultural Market,Chilli,2024-10-01,8806.46,10338.02,9572.24
Telangana,Warangal,Main Market,Chilli,2024-11-01,9325.07,10946.82,10135.94
Telangana,Warangal,Agricultural Market,Chilli,2024-12-01,10372.7,12176.65,11274.67
Telangana,Warangal,Main Market,Chilli,2025-01-01,11269.01,13228.84,12248.92
Telangana,Warangal,Agricultural Market,Chilli,2025-02-01,10432.89,12247.31,11340.1
Telangana,Warangal,Agricultural Market,Chilli,2025-03-01,12691.16,14898.32,13794.74
Telangana,Warangal,Main Market,Chilli,2025-04-01,12236.83,14364.97,13300.9
Telangana,Warangal,Main Market,Chilli,2025-05-01,13507.09,15856.15,14681.62
Telangana,Warangal,Central Mandi,Chilli,2025-06-01,10402.41,12211.52,11306.96
Telangana,Warangal,Main Market,Chilli,2025-07-01,10406.79,12216.67,11311.73
Telangana,Warangal,Central Mandi,Chilli,2025-08-01,11021.37,12938.13,11979.75
Telangana,Warangal,Agricultural Market,Chilli,2025-09-01,9727.45,11419.18,10573.31
Telangana,Warangal,Agricultural Market,Chilli,2025-10-01,9433.02,11073.54,10253.28
Telangana,Warangal,Agricultural Market,Chilli,2025-11-01,9130.66,10718.6,9924.63
Telangana,Warangal,Main Market,Chilli,2025-12-01,10793.69,12670.86,11732.28
Telangana,Karimnagar,Main Market,Rice,2020-01-01,1992.28,2338.77,2165.53
Telangana,Karimnagar,Agricultural Market,Rice,2020-02-01,2078.5,2439.98,2259.24
Telangana,Karimnagar,Main Market,Rice,2020-03-01,2083.34,2445.66,2264.5
Telangana,Karimnagar,Main Market,Rice,2020-04-01,2270.64,2665.53,2468.09
Telangana,Karimnagar,Main Market,Rice,2020-05-01,2215.2,2600.46,2407.83
Telangana,Karimnagar,Main Market,Rice,2020-06-01,2103.84,2469.73,2286.78
Telangana,Karimnagar,Central Mandi,Rice,2020-07-01,1855.48,2178.17,2016.83
Telangana,Karimnagar,Central Mandi,Rice,2020-08-01,1968.58,2310.94,2139.76
Telangana,Karimnagar,Agricultural Market,Rice,2020-09-01,1894.19,2223.61,2058.9
Telangana,Karimnagar,Central Mandi,Rice,2020-10-01,1784.37,2094.7,1939.54
Telangana,Karimnagar,Central Mandi,Rice,2020-11-01,1636.04,1920.57,1778.3
Telangana,Karimnagar,Main Market,Rice,2020-12-01,2059.81,2418.03,2238.92
Telangana,Karimnagar,Central Mandi,Rice,2021-01-01,1991.35,2337.67,2164.51
Telangana,Karimnagar,Central Mandi,Rice,2021-02-01,2313.06,2715.33,2514.2
Telangana,Karimnagar,Agricultural Market,Rice,2021-03-01,2333.5,2739.33,2536.42
Telangana,Karimnagar,Main Market,Rice,2021-04-01,2300.1,2700.12,2500.11
Telangana,Karimnagar,Central Mandi,Rice,2021-05-01,2354.54,2764.02,2559.28
Telangana,Karimnagar,Central Mandi,Rice,2021-06-01,2006.69,2355.68,2181.18
Telangana,Karimnagar,Central Mandi,Rice,2021-07-01,1980.9,2325.41,2153.16
Telangana,Karimnagar,Agricultural Market,Rice,2021-08-01,2007.78,2356.95,2182.37
Telangana,Karimnagar,Main Market,Rice,2021-09-01,1795.94,2108.28,1952.11
Telangana,Karimnagar,Agricultural Market,Rice,2021-10-01,1690.29,1984.26,1837.28
Telangana,Karimnagar,Central Mandi,Rice,2021-11-01,1987.79,2333.49,2160.64
Telangana,Karimnagar,Main Market,Rice,2021-12-01,2168.66,2545.82,2357.24
Telangana,Karimnagar,Central Mandi,Rice,2022-01-01,2171.03,2548.6,2359.82
Telangana,Karimnagar,Central Mandi,Rice,2022-02-01,2194.77,2576.47,2385.62
Telangana,Karimnagar,Main Market,Rice,2022-03-01,2091.2,2454.89,2273.04
Telangana,Karimnagar,Central Mandi,Rice,2022-04-01,2269.6,2664.32,2466.96
Telangana,Karimnagar,Main Market,Rice,2022-05-01,2468.4,2897.69,2683.04
Telangana,Karimnagar,Main Market,Rice,2022-06-01,2214.8,2599.99,2407.4
Telangana,Karimnagar,Main Market,Rice,2022-07-01,2275.85,2671.65,2473.75
Telangana,Karimnagar,Main Market,Rice,2022-08-01,1875.66,2201.87,2038.77
Telangana,Karimnagar,Main Market,Rice,2022-09-01,1720.58,2019.81,1870.19
Telangana,Karimnagar,Main Market,Rice,2022-10-01,1642.65,1928.33,1785.49
Telangana,Karimnagar,Main Market,Rice,2022-11-01,2008.46,2357.75,2183.11
Telangana,Karimnagar,Main Market,Rice,2022-12-01,2103.94,2469.85,2286.89
Telangana,Karimnagar,Main Market,Rice,2023-01-01,2116.29,2484.34,2300.32
Telangana,Karimnagar,Central Mandi,Rice,2023-02-01,2421.83,2843.01,2632.42
Telangana,Karimnagar,Agricultural Market,Rice,2023-03-01,2334.35,2740.33,2537.34
Telangana,Karimnagar,Main Market,Rice,2023-04-01,2313.61,2715.98,2514.8
Telangana,Karimnagar,Agricultural Market,Rice,2023-05-01,2328.1,2732.98,2530.54
Telangana,Karimnagar,Agricultural Market,Rice,2023-06-01,2266.76,2660.98,2463.87
Telangana,Karimnagar,Main Market,Rice,2023-07-01,2274.76,2670.37,2472.56
Telangana,Karimnagar,Agricultural Market,Rice,2023-08-01,1875.17,2201.28,2038.23
Telangana,Karimnagar,Agricultural Market,Rice,2023-09-01,2193.16,2574.57,2383.86
Telangana,Karimnagar,Main Market,Rice,2023-10-01,1920.37,2254.35,2087.36
Telangana,Karimnagar,Central Mandi,Rice,2023-11-01,1988.4,2334.21,2161.31
Telangana,Karimnagar,Main Market,Rice,2023-12-01,2004.8,2353.46,2179.13
Telangana,Karimnagar,Agricultural Market,Rice,2024-01-01,2059.4,2417.56,2238.48
Telangana,Karimnagar,Agricultural Market,Rice,2024-02-01,2411.15,2830.48,2620.82
Telangana,Karimnagar,Agricultural Market,Rice,2024-03-01,2765.9,3246.93,3006.41
Telangana,Karimnagar,Central Mandi,Rice,2024-04-01,2398.18,2815.26,2606.72
Telangana,Karimnagar,Agricultural Market,Rice,2024-05-01,2542.89,2985.13,2764.01
Telangana,Karimnagar,Agricultural Market,Rice,2024-06-01,2368.24,2780.11,2574.17
Telangana,Karimnagar,Agricultural Market,Rice,2024-07-01,2146.01,2519.23,2332.62
Telangana,Karimnagar,Main Market,Rice,2024-08-01,2107.9,2474.49,2291.2
Telangana,Karimnagar,Main Market,Rice,2024-09-01,1947.6,2286.32,2116.96
Telangana,Karimnagar,Main Market,Rice,2024-10-01,1873.84,2199.72,2036.78
Telangana,Karimnagar,Main Market,Rice,2024-11-01,1917.85,2251.39,2084.62
Telangana,Karimnagar,Central Mandi,Rice,2024-12-01,2004.22,2352.79,2178.51
Telangana,Karimnagar,Central Mandi,Rice,2025-01-01,1979.07,2323.25,2151.16
Telangana,Karimnagar,Main Market,Rice,2025-02-01,2502.57,2937.8,2720.18
Telangana,Karimnagar,Agricultural Market,Rice,2025-03-01,2598.1,3049.94,2824.02
Telangana,Karimnagar,Central Mandi,Rice,2025-04-01,2571.78,3019.05,2795.42
Telangana,Karimnagar,Central Mandi,Rice,2025-05-01,2503.53,2938.92,2721.22
Telangana,Karimnagar,Main Market,Rice,2025-06-01,2308.65,2710.15,2509.4
Telangana,Karimnagar,Central Mandi,Rice,2025-07-01,2443.97,2869.01,2656.49
Telangana,Karimnagar,Central Mandi,Rice,2025-08-01,2042.88,2398.17,2220.53
Telangana,Karimnagar,Agricultural Market,Rice,2025-09-01,1990.19,2336.31,2163.25
Telangana,Karimnagar,Main Market,Rice,2025-10-01,1941.53,2279.18,2110.36
Telangana,Karimnagar,Agricultural Market,Rice,2025-11-01,2267.81,2662.21,2465.01
Telangana,Karimnagar,Main Market,Rice,2025-12-01,2035.26,2389.22,2212.24
Telangana,Karimnagar,Agricultural Market,Maize,2020-01-01,1756.46,2061.93,1909.19
Telangana,Karimnagar,Agricultural Market,Maize,2020-02-01,1808.01,2122.45,1965.23
Telangana,Karimnagar,Central Mandi,Maize,2020-03-01,1883.87,2211.5,2047.68
Telangana,Karimnagar,Agricultural Market,Maize,2020-04-01,1729.48,2030.25,1879.86
Telangana,Karimnagar,Central Mandi,Maize,2020-05-01,1779.26,2088.69,1933.98
Telangana,Karimnagar,Central Mandi,Maize,2020-06-01,1669.77,1960.16,1814.96
Telangana,Karimnagar,Central Mandi,Maize,2020-07-01,1651.41,1938.61,1795.01
Telangana,Karimnagar,Central Mandi,Maize,2020-08-01,1757.39,2063.02,1910.2
Telangana,Karimnagar,Central Mandi,Maize,2020-09-01,1450.81,1703.13,1576.97
Telangana,Karimnagar,Main Market,Maize,2020-10-01,1610.15,1890.18,1750.17
Telangana,Karimnagar,Main Market,Maize,2020-11-01,1596.15,1873.74,1734.95
Telangana,Karimnagar,Agricultural Market,Maize,2020-12-01,1666.57,1956.41,1811.49
Telangana,Karimnagar,Agricultural Market,Maize,2021-01-01,1868.17,2193.07,2030.62
Telangana,Karimnagar,Central Mandi,Maize,2021-02-01,1772.92,2081.26,1927.09
Telangana,Karimnagar,Main Market,Maize,2021-03-01,2070.93,2431.09,2251.01
Telangana,Karimnagar,Agricultural Market,Maize,2021-04-01,2035.87,2389.94,2212.91
Telangana,Karimnagar,Agricultural Market,Maize,2021-05-01,2060.61,2418.98,2239.8
Telangana,Karimnagar,Central Mandi,Maize,2021-06-01,1858.91,2182.2,2020.55
Telangana,Karimnagar,Central Mandi,Maize,2021-07-01,1855.47,2178.16,2016.82
Telangana,Karimnagar,Central Mandi,Maize,2021-08-01,1590.28,1866.86,1728.57
Telangana,Karimnagar,Central Mandi,Maize,2021-09-01,1535.93,1803.05,1669.49
Telangana,Karimnagar,Central Mandi,Maize,2021-10-01,1619.21,1900.81,1760.01
Telangana,Karimnagar,Agricultural Market,Maize,2021-11-01,1454.59,1707.57,1581.08
Telangana,Karimnagar,Main Market,Maize,2021-12-01,1592.2,1869.11,1730.66
Telangana,Karimnagar,Agricultural Market,Maize,2022-01-01,1809.23,2123.88,1966.56
Telangana,Karimnagar,Central Mandi,Maize,2022-02-01,1823.62,2140.78,1982.2
Telangana,Karimnagar,Main Market,Maize,2022-03-01,2198.18,2580.47,2389.33
Telangana,Karimnagar,Central Mandi,Maize,2022-04-01,2026.26,2378.65,2202.45
Telangana,Karimnagar,Central Mandi,Maize,2022-05-01,1859.91,2183.38,2021.65
Telangana,Karimnagar,Main Market,Maize,2022-06-01,1914.19,2247.09,2080.64
Telangana,Karimnagar,Central Mandi,Maize,2022-07-01,1755.56,2060.87,1908.22
Telangana,Karimnagar,Central Mandi,Maize,2022-08-01,1770.27,2078.14,1924.21
Telangana,Karimnagar,Central Mandi,Maize,2022-09-01,1778.44,2087.73,1933.09
Telangana,Karimnagar,Central Mandi,Maize,2022-10-01,1624.28,1906.76,1765.52
Telangana,Karimnagar,Agricultural Market,Maize,2022-11-01,1442.19,1693.01,1567.6
Telangana,Karimnagar,Central Mandi,Maize,2022-12-01,1710.62,2008.12,1859.37
Telangana,Karimnagar,Main Market,Maize,2023-01-01,1882.61,2210.02,2046.31
Telangana,Karimnagar,Main Market,Maize,2023-02-01,1988.25,2334.03,2161.14
Telangana,Karimnagar,Main Market,Maize,2023-03-01,2119.6,2488.23,2303.92
Telangana,Karimnagar,Agricultural Market,Maize,2023-04-01,2124.24,2493.67,2308.96
Telangana,Karimnagar,Agricultural Market,Maize,2023-05-01,1886.7,2214.83,2050.76
Telangana,Karimnagar,Main Market,Maize,2023-06-01,1929.19,2264.7,2096.94
Telangana,Karimnagar,Agricultural Market,Maize,2023-07-01,1809.45,2124.14,1966.79
Telangana,Karimnagar,Agricultural Market,Maize,2023-08-01,1905.65,2237.07,2071.36
Telangana,Karimnagar,Agricultural Market,Maize,2023-09-01,1775.9,2084.75,1930.33
Telangana,Karimnagar,Main Market,Maize,2023-10-01,1676.78,1968.39,1822.58
Telangana,Karimnagar,Main Market,Maize,2023-11-01,1579.46,1854.15,1716.8
Telangana,Karimnagar,Agricultural Market,Maize,2023-12-01,1866.89,2191.56,2029.22
Telangana,Karimnagar,Central Mandi,Maize,2024-01-01,2013.59,2363.78,2188.69
Telangana,Karimnagar,Main Market,Maize,2024-02-01,1966.36,2308.34,2137.35
Telangana,Karimnagar,Agricultural Market,Maize,2024-03-01,2270.26,2665.09,2467.68
Telangana,Karimnagar,Main Market,Maize,2024-04-01,2204.45,2587.83,2396.14
Telangana,Karimnagar,Agricultural Market,Maize,2024-05-01,2045.36,2401.08,2223.22
Telangana,Karimnagar,Central Mandi,Maize,2024-06-01,2068.81,2428.61,2248.71
Telangana,Karimnagar,Agricultural Market,Maize,2024-07-01,1892.19,2221.26,2056.72
Telangana,Karimnagar,Main Market,Maize,2024-08-01,1691.24,1985.37,1838.3
Telangana,Karimnagar,Central Mandi,Maize,2024-09-01,1826.62,2144.29,1985.46
Telangana,Karimnagar,Central Mandi,Maize,2024-10-01,1979.95,2324.29,2152.12
Telangana,Karimnagar,Agricultural Market,Maize,2024-11-01,1768.17,2075.67,1921.92
Telangana,Karimnagar,Central Mandi,Maize,2024-12-01,1829.81,2148.04,1988.92
Telangana,Karimnagar,Main Market,Maize,2025-01-01,1950.66,2289.9,2120.28
Telangana,Karimnagar,Central Mandi,Maize,2025-02-01,2116.0,2484.0,2300.0
Telangana,Karimnagar,Central Mandi,Maize,2025-03-01,2129.94,2500.36,2315.15
Telangana,Karimnagar,Main Market,Maize,2025-04-01,2311.68,2713.71,2512.69
Telangana,Karimnagar,Main Market,Maize,2025-05-01,2255.87,2648.2,2452.03
Telangana,Karimnagar,Agricultural Market,Maize,2025-06-01,1973.39,2316.59,2144.99
Telangana,Karimnagar,Main Market,Maize,2025-07-01,2166.81,2543.65,2355.23
Telangana,Karimnagar,Agricultural Market,Maize,2025-08-01,1806.03,2120.13,1963.08
Telangana,Karimnagar,Central Mandi,Maize,2025-09-01,1729.59,2030.39,1879.99
Telangana,Karimnagar,Agricultural Market,Maize,2025-10-01,1623.81,1906.21,1765.01
Telangana,Karimnagar,Central Mandi,Maize,2025-11-01,2014.58,2364.94,2189.76
Telangana,Karimnagar,Agricultural Market,Maize,2025-12-01,1888.72,2217.2,2052.96
Telangana,Karimnagar,Main Market,Cotton,2020-01-01,6103.71,7165.23,6634.47
Telangana,Karimnagar,Central Mandi,Cotton,2020-02-01,6634.18,7787.95,7211.06
Telangana,Karimnagar,Central Mandi,Cotton,2020-03-01,6989.24,8204.76,7597.0
Telangana,Karimnagar,Central Mandi,Cotton,2020-04-01,7506.64,8812.14,8159.39
Telangana,Karimnagar,Agricultural Market,Cotton,2020-05-01,6527.36,7662.55,7094.95
Telangana,Karimnagar,Main Market,Cotton,2020-06-01,6245.1,7331.21,6788.16
Telangana,Karimnagar,Central Mandi,Cotton,2020-07-01,5549.65,6514.8,6032.22
Telangana,Karimnagar,Central Mandi,Cotton,2020-08-01,5498.72,6455.01,5976.87
Telangana,Karimnagar,Agricultural Market,Cotton,2020-09-01,6074.49,7130.93,6602.71
Telangana,Karimnagar,Agricultural Market,Cotton,2020-10-01,4858.58,5703.55,5281.07
Telangana,Karimnagar,Agricultural Market,Cotton,2020-11-01,5201.36,6105.94,5653.65
Telangana,Karimnagar,Main Market,Cotton,2020-12-01,5737.16,6734.93,6236.04
Telangana,Karimnagar,Agricultural Market,Cotton,2021-01-01,7140.53,8382.36,7761.45
Telangana,Karimnagar,Main Market,Cotton,2021-02-01,6825.74,8012.83,7419.29
Telangana,Karimnagar,Main Market,Cotton,2021-03-01,7285.92,8553.04,7919.48
Telangana,Karimnagar,Central Mandi,Cotton,2021-04-01,7182.86,8432.06,7807.46
Telangana,Karimnagar,Central Mandi,Cotton,2021-05-01,7370.7,8652.56,8011.63
Telangana,Karimnagar,Central Mandi,Cotton,2021-06-01,6043.89,7095.0,6569.44
Telangana,Karimnagar,Central Mandi,Cotton,2021-07-01,6263.71,7353.05,6808.38
Telangana,Karimnagar,Main Market,Cotton,2021-08-01,6235.18,7319.56,6777.37
Telangana,Karimnagar,Agricultural Market,Cotton,2021-09-01,5628.65,6607.55,6118.1
Telangana,Karimnagar,Agricultural Market,Cotton,2021-10-01,5637.9,6618.4,6128.15
Telangana,Karimnagar,Central Mandi,Cotton,2021-11-01,5914.38,6942.97,6428.67
Telangana,Karimnagar,Main Market,Cotton,2021-12-01,5760.61,6762.45,6261.53
Telangana,Karimnagar,Main Market,Cotton,2022-01-01,7218.29,8473.65,7845.97
Telangana,Karimnagar,Central Mandi,Cotton,2022-02-01,6841.78,8031.66,7436.72
Telangana,Karimnagar,Main Market,Cotton,2022-03-01,7064.6,8293.23,7678.92
Telangana,Karimnagar,Central Mandi,Cotton,2022-04-01,6965.47,8176.85,7571.16
Telangana,Karimnagar,Agricultural Market,Cotton,2022-05-01,7158.16,8403.06,7780.61
Telangana,Karimnagar,Agricultural Market,Cotton,2022-06-01,6887.83,8085.72,7486.77
Telangana,Karimnagar,Main Market,Cotton,2022-07-01,6396.01,7508.36,6952.19
Telangana,Karimnagar,Central Mandi,Cotton,2022-08-01,6472.66,7598.34,7035.5
Telangana,Karimnagar,Agricultural Market,Cotton,2022-09-01,6418.83,7535.15,6976.99
Telangana,Karimnagar,Main Market,Cotton,2022-10-01,5615.62,6592.25,6103.94
Telangana,Karimnagar,Agricultural Market,Cotton,2022-11-01,5436.97,6382.53,5909.75
Telangana,Karimnagar,Central Mandi,Cotton,2022-12-01,6723.86,7893.23,7308.54
Telangana,Karimnagar,Central Mandi,Cotton,2023-01-01,6306.71,7403.53,6855.12
Telangana,Karimnagar,Central Mandi,Cotton,2023-02-01,7476.64,8776.92,8126.78
Telangana,Karimnagar,Main Market,Cotton,2023-03-01,7896.13,9269.36,8582.74
Telangana,Karimnagar,Agricultural Market,Cotton,2023-04-01,8104.91,9514.46,8809.68
Telangana,Karimnagar,Central Mandi,Cotton,2023-05-01,7600.26,8922.04,8261.15
Telangana,Karimnagar,Agricultural Market,Cotton,2023-06-01,7520.37,8828.27,8174.32
Telangana,Karimnagar,Central Mandi,Cotton,2023-07-01,6867.25,8061.56,7464.4
Telangana,Karimnagar,Agricultural Market,Cotton,2023-08-01,6818.06,8003.81,7410.94
Telangana,Karimnagar,Main Market,Cotton,2023-09-01,6136.58,7203.81,6670.19
Telangana,Karimnagar,Agricultural Market,Cotton,2023-10-01,5484.24,6438.02,5961.13
Telangana,Karimnagar,Central Mandi,Cotton,2023-11-01,6217.61,7298.93,6758.27
Telangana,Karimnagar,Main Market,Cotton,2023-12-01,5894.37,6919.47,6406.92
Telangana,Karimnagar,Main Market,Cotton,2024-01-01,6611.33,7761.13,7186.23
Telangana,Karimnagar,Main Market,Cotton,2024-02-01,7767.27,9118.1,8442.69
Telangana,Karimnagar,Agricultural Market,Cotton,2024-03-01,8165.86,9586.01,8875.93
Telangana,Karimnagar,Central Mandi,Cotton,2024-04-01,7552.9,8866.44,8209.67
Telangana,Karimnagar,Main Market,Cotton,2024-05-01,7665.8,8998.98,8332.39
Telangana,Karimnagar,Agricultural Market,Cotton,2024-06-01,7299.52,8569.0,7934.26
Telangana,Karimnagar,Main Market,Cotton,2024-07-01,6851.03,8042.51,7446.77
Telangana,Karimnagar,Central Mandi,Cotton,2024-08-01,6275.8,7367.25,6821.52
Telangana,Karimnagar,Agricultural Market,Cotton,2024-09-01,6088.65,7147.54,6618.1
Telangana,Karimnagar,Main Market,Cotton,2024-10-01,6105.72,7167.59,6636.66
Telangana,Karimnagar,Main Market,Cotton,2024-11-01,6049.55,7101.65,6575.6
Telangana,Karimnagar,Main Market,Cotton,2024-12-01,6473.1,7598.86,7035.98
Telangana,Karimnagar,Main Market,Cotton,2025-01-01,8087.14,9493.6,8790.37
Telangana,Karimnagar,Main Market,Cotton,2025-02-01,7673.59,9008.13,8340.86
Telangana,Karimnagar,Main Market,Cotton,2025-03-01,7410.71,8699.52,8055.12
Telangana,Karimnagar,Central Mandi,Cotton,2025-04-01,7710.11,9051.0,8380.56
Telangana,Karimnagar,Main Market,Cotton,2025-05-01,6957.8,8167.85,7562.82
Telangana,Karimnagar,Central Mandi,Cotton,2025-06-01,7325.73,8599.77,7962.75
Telangana,Karimnagar,Main Market,Cotton,2025-07-01,6623.28,7775.15,7199.21
Telangana,Karimnagar,Central Mandi,Cotton,2025-08-01,6303.25,7399.46,6851.35
Telangana,Karimnagar,Central Mandi,Cotton,2025-09-01,5959.16,6995.54,6477.35
Telangana,Karimnagar,Central Mandi,Cotton,2025-10-01,6223.06,7305.33,6764.2
Telangana,Karimnagar,Central Mandi,Cotton,2025-11-01,6587.56,7733.22,7160.39
Telangana,Karimnagar,Main Market,Cotton,2025-12-01,6351.97,7456.66,6904.31
Telangana,Karimnagar,Agricultural Market,Groundnut,2020-01-01,5377.83,6313.1,5845.47
Telangana,Karimnagar,Central Mandi,Groundnut,2020-02-01,5951.68,6986.75,6469.22
Telangana,Karimnagar,Main Market,Groundnut,2020-03-01,5247.2,6159.76,5703.48
Telangana,Karimnagar,Central Mandi,Groundnut,2020-04-01,5358.27,6290.14,5824.21
Telangana,Karimnagar,Agricultural Market,Groundnut,2020-05-01,5663.55,6648.52,6156.04
Telangana,Karimnagar,Agricultural Market,Groundnut,2020-06-01,5799.26,6807.82,6303.54
Telangana,Karimnagar,Main Market,Groundnut,2020-07-01,4616.46,5419.32,5017.89
Telangana,Karimnagar,Central Mandi,Groundnut,2020-08-01,5212.41,6118.92,5665.67
Telangana,Karimnagar,Main Market,Groundnut,2020-09-01,4842.91,5685.16,5264.03
Telangana,Karimnagar,Main Market,Groundnut,2020-10-01,4482.8,5262.42,4872.61
Telangana,Karimnagar,Agricultural Market,Groundnut,2020-11-01,4825.03,5664.17,5244.6
Telangana,Karimnagar,Agricultural Market,Groundnut,2020-12-01,4600.09,5400.11,5000.1
Telangana,Karimnagar,Main Market,Groundnut,2021-01-01,5095.85,5982.08,5538.96
Telangana,Karimnagar,Main Market,Groundnut,2021-02-01,5704.82,6696.96,6200.89
Telangana,Karimnagar,Agricultural Market,Groundnut,2021-03-01,5705.8,6698.11,6201.95
Telangana,Karimnagar,Main Market,Groundnut,2021-04-01,6244.74,7330.79,6787.77
Telangana,Karimnagar,Central Mandi,Groundnut,2021-05-01,6540.83,7678.37,7109.6
Telangana,Karimnagar,Central Mandi,Groundnut,2021-06-01,5615.3,6591.88,6103.59
Telangana,Karimnagar,Agricultural Market,Groundnut,2021-07-01,5311.64,6235.4,5773.52
Telangana,Karimnagar,Agricultural Market,Groundnut,2021-08-01,4789.82,5622.83,5206.33
Telangana,Karimnagar,Agricultural Market,Groundnut,2021-09-01,4517.67,5303.36,4910.51
Telangana,Karimnagar,Main Market,Groundnut,2021-10-01,4637.81,5444.38,5041.09
Telangana,Karimnagar,Main Market,Groundnut,2021-11-01,4649.17,5457.72,5053.44
Telangana,Karimnagar,Main Market,Groundnut,2021-12-01,4662.74,5473.66,5068.2
Telangana,Karimnagar,Central Mandi,Groundnut,2022-01-01,5981.86,7022.18,6502.02
Telangana,Karimnagar,Central Mandi,Groundnut,2022-02-01,5952.52,6987.74,6470.13
Telangana,Karimnagar,Main Market,Groundnut,2022-03-01,6246.57,7332.93,6789.75
Telangana,Karimnagar,Agricultural Market,Groundnut,2022-04-01,6501.7,7632.43,7067.06
Telangana,Karimnagar,Agricultural Market,Groundnut,2022-05-01,6019.18,7065.99,6542.59
Telangana,Karimnagar,Central Mandi,Groundnut,2022-06-01,5155.86,6052.53,5604.2
Telangana,Karimnagar,Main Market,Groundnut,2022-07-01,5544.11,6508.3,6026.21
Telangana,Karimnagar,Agricultural Market,Groundnut,2022-08-01,4714.84,5534.81,5124.83
Telangana,Karimnagar,Main Market,Groundnut,2022-09-01,4804.61,5640.2,5222.4
Telangana,Karimnagar,Central Mandi,Groundnut,2022-10-01,4615.06,5417.68,5016.37
Telangana,Karimnagar,Central Mandi,Groundnut,2022-11-01,5181.32,6082.42,5631.87
Telangana,Karimnagar,Agricultural Market,Groundnut,2022-12-01,5166.08,6064.52,5615.3
Telangana,Karimnagar,Agricultural Market,Groundnut,2023-01-01,5275.5,6192.98,5734.24
Telangana,Karimnagar,Agricultural Market,Groundnut,2023-02-01,6329.52,7430.31,6879.92
Telangana,Karimnagar,Main Market,Groundnut,2023-03-01,5919.28,6948.73,6434.0
Telangana,Karimnagar,Central Mandi,Groundnut,2023-04-01,5897.2,6922.8,6410.0
Telangana,Karimnagar,Main Market,Groundnut,2023-05-01,6376.87,7485.89,6931.38
Telangana,Karimnagar,Central Mandi,Groundnut,2023-06-01,6083.84,7141.9,6612.87
Telangana,Karimnagar,Main Market,Groundnut,2023-07-01,5102.32,5989.68,5546.0
Telangana,Karimnagar,Main Market,Groundnut,2023-08-01,5313.46,6237.55,5775.51
Telangana,Karimnagar,Central Mandi,Groundnut,2023-09-01,4814.75,5652.1,5233.43
Telangana,Karimnagar,Agricultural Market,Groundnut,2023-10-01,5285.71,6204.97,5745.34
Telangana,Karimnagar,Central Mandi,Groundnut,2023-11-01,5155.67,6052.31,5603.99
Telangana,Karimnagar,Agricultural Market,Groundnut,2023-12-01,5164.34,6062.49,5613.41
Telangana,Karimnagar,Central Mandi,Groundnut,2024-01-01,5867.29,6887.69,6377.49
Telangana,Karimnagar,Agricultural Market,Groundnut,2024-02-01,5917.94,6947.14,6432.54
Telangana,Karimnagar,Central Mandi,Groundnut,2024-03-01,5848.67,6865.83,6357.25
Telangana,Karimnagar,Central Mandi,Groundnut,2024-04-01,6313.66,7411.69,6862.68
Telangana,Karimnagar,Agricultural Market,Groundnut,2024-05-01,6205.11,7284.26,6744.69
Telangana,Karimnagar,Central Mandi,Groundnut,2024-06-01,6172.43,7245.89,6709.16
Telangana,Karimnagar,Main Market,Groundnut,2024-07-01,5796.07,6804.08,6300.07
Telangana,Karimnagar,Main Market,Groundnut,2024-08-01,4779.62,5610.85,5195.23
Telangana,Karimnagar,Agricultural Market,Groundnut,2024-09-01,5258.8,6173.38,5716.09
Telangana,Karimnagar,Central Mandi,Groundnut,2024-10-01,5621.1,6598.68,6109.89
Telangana,Karimnagar,Agricultural Market,Groundnut,2024-11-01,5016.89,5889.39,5453.14
Telangana,Karimnagar,Agricultural Market,Groundnut,2024-12-01,5233.42,6143.58,5688.5
Telangana,Karimnagar,Main Market,Groundnut,2025-01-01,6207.53,7287.1,6747.32
Telangana,Karimnagar,Main Market,Groundnut,2025-02-01,5970.65,7009.02,6489.84
Telangana,Karimnagar,Main Market,Groundnut,2025-03-01,6035.03,7084.6,6559.81
Telangana,Karimnagar,Agricultural Market,Groundnut,2025-04-01,6708.34,7875.0,7291.67
Telangana,Karimnagar,Central Mandi,Groundnut,2025-05-01,6023.54,7071.11,6547.33
Telangana,Karimnagar,Central Mandi,Groundnut,2025-06-01,6072.23,7128.26,6600.24
Telangana,Karimnagar,Central Mandi,Groundnut,2025-07-01,5983.92,7024.6,6504.26
Telangana,Karimnagar,Agricultural Market,Groundnut,2025-08-01,4597.57,5397.15,4997.36
Telangana,Karimnagar,Agricultural Market,Groundnut,2025-09-01,4789.1,5621.99,5205.55
Telangana,Karimnagar,Central Mandi,Groundnut,2025-10-01,4920.16,5775.84,5348.0
Telangana,Karimnagar,Main Market,Groundnut,2025-11-01,5439.7,6385.73,5912.72
Telangana,Karimnagar,Agricultural Market,Groundnut,2025-12-01,5639.27,6620.01,6129.64
Telangana,Karimnagar,Central Mandi,Chilli,2020-01-01,10471.2,12292.27,11381.73
Telangana,Karimnagar,Central Mandi,Chilli,2020-02-01,11311.08,13278.22,12294.65
Telangana,Karimnagar,Main Market,Chilli,2020-03-01,10376.2,12180.75,11278.48
Telangana,Karimnagar,Main Market,Chilli,2020-04-01,12596.23,14786.88,13691.56
Telangana,Karimnagar,Central Mandi,Chilli,2020-05-01,9961.31,11693.71,10827.51
Telangana,Karimnagar,Main Market,Chilli,2020-06-01,10448.25,12265.33,11356.79
Telangana,Karimnagar,Agricultural Market,Chilli,2020-07-01,10075.86,11828.18,10952.02
Telangana,Karimnagar,Central Mandi,Chilli,2020-08-01,8139.81,9555.43,8847.62
Telangana,Karimnagar,Agricultural Market,Chilli,2020-09-01,8669.67,10177.44,9423.55
Telangana,Karimnagar,Central Mandi,Chilli,2020-10-01,8523.84,10006.24,9265.04
Telangana,Karimnagar,Agricultural Market,Chilli,2020-11-01,9268.15,10880.0,10074.08
Telangana,Karimnagar,Agricultural Market,Chilli,2020-12-01,9051.9,10626.15,9839.02
Telangana,Karimnagar,Agricultural Market,Chilli,2021-01-01,9130.5,10718.41,9924.45
Telangana,Karimnagar,Central Mandi,Chilli,2021-02-01,11246.61,13202.54,12224.58
Telangana,Karimnagar,Central Mandi,Chilli,2021-03-01,9791.63,11494.53,10643.08
Telangana,Karimnagar,Agricultural Market,Chilli,2021-04-01,11473.72,13469.15,12471.43
Telangana,Karimnagar,Central Mandi,Chilli,2021-05-01,9766.96,11465.56,10616.26
Telangana,Karimnagar,Agricultural Market,Chilli,2021-06-01,10178.58,11948.77,11063.68
Telangana,Karimnagar,Main Market,Chilli,2021-07-01,9799.1,11503.29,10651.19
Telangana,Karimnagar,Central Mandi,Chilli,2021-08-01,9389.14,11022.04,10205.59
Telangana,Karimnagar,Agricultural Market,Chilli,2021-09-01,8218.54,9647.85,8933.2
Telangana,Karimnagar,Central Mandi,Chilli,2021-10-01,8480.57,9955.45,9218.01
Telangana,Karimnagar,Agricultural Market,Chilli,2021-11-01,9062.24,10638.29,9850.27
Telangana,Karimnagar,Agricultural Market,Chilli,2021-12-01,8706.5,10220.67,9463.58
Telangana,Karimnagar,Main Market,Chilli,2022-01-01,10843.18,12728.95,11786.06
Telangana,Karimnagar,Agricultural Market,Chilli,2022-02-01,11157.66,13098.12,12127.89
Telangana,Karimnagar,Central Mandi,Chilli,2022-03-01,11673.15,13703.27,12688.21
Telangana,Karimnagar,Agricultural Market,Chilli,2022-04-01,12364.07,14514.34,13439.2
Telangana,Karimnagar,Central Mandi,Chilli,2022-05-01,11254.0,13211.21,12232.61
Telangana,Karimnagar,Central Mandi,Chilli,2022-06-01,10546.41,12380.57,11463.49
Telangana,Karimnagar,Central Mandi,Chilli,2022-07-01,10410.79,12221.37,11316.08
Telangana,Karimnagar,Central Mandi,Chilli,2022-08-01,9496.25,11147.77,10322.01
Telangana,Karimnagar,Agricultural Market,Chilli,2022-09-01,9006.09,10572.37,9789.23
Telangana,Karimnagar,Agricultural Market,Chilli,2022-10-01,8941.11,10496.08,9718.6
Telangana,Karimnagar,Agricultural Market,Chilli,2022-11-01,8561.23,10050.14,9305.69
Telangana,Karimnagar,Agricultural Market,Chilli,2022-12-01,10041.41,11787.75,10914.58
Telangana,Karimnagar,Agricultural Market,Chilli,2023-01-01,10555.41,12391.13,11473.27
Telangana,Karimnagar,Agricultural Market,Chilli,2023-02-01,11457.06,13449.59,12453.32
Telangana,Karimnagar,Main Market,Chilli,2023-03-01,12131.13,14240.89,13186.01
Telangana,Karimnagar,Central Mandi,Chilli,2023-04-01,11157.1,13097.46,12127.28
Telangana,Karimnagar,Agricultural Market,Chilli,2023-05-01,11661.49,13689.58,12675.54
Telangana,Karimnagar,Agricultural Market,Chilli,2023-06-01,10108.77,11866.81,10987.79
Telangana,Karimnagar,Agricultural Market,Chilli,2023-07-01,10214.11,11990.48,11102.29
Telangana,Karimnagar,Agricultural Market,Chilli,2023-08-01,9296.97,10913.83,10105.4
Telangana,Karimnagar,Main Market,Chilli,2023-09-01,9770.93,11470.22,10620.58
Telangana,Karimnagar,Central Mandi,Chilli,2023-10-01,9093.29,10674.74,9884.02
Telangana,Karimnagar,Central Mandi,Chilli,2023-11-01,8761.44,10285.17,9523.31
Telangana,Karimnagar,Central Mandi,Chilli,2023-12-01,9470.97,11118.09,10294.53
Telangana,Karimnagar,Central Mandi,Chilli,2024-01-01,10670.34,12526.05,11598.19
Telangana,Karimnagar,Agricultural Market,Chilli,2024-02-01,11791.46,13842.15,12816.8
Telangana,Karimnagar,Agricultural Market,Chilli,2024-03-01,10798.72,12676.75,11737.73
Telangana,Karimnagar,Main Market,Chilli,2024-04-01,12192.3,14312.7,13252.5
Telangana,Karimnagar,Main Market,Chilli,2024-05-01,12578.54,14766.12,13672.33
Telangana,Karimnagar,Central Mandi,Chilli,2024-06-01,11955.0,14034.13,12994.57
Telangana,Karimnagar,Agricultural Market,Chilli,2024-07-01,10478.52,12300.87,11389.7
Telangana,Karimnagar,Agricultural Market,Chilli,2024-08-01,9636.96,11312.96,10474.96
Telangana,Karimnagar,Agricultural Market,Chilli,2024-09-01,10702.4,12563.69,11633.04
Telangana,Karimnagar,Agricultural Market,Chilli,2024-10-01,9552.49,11213.79,10383.14
Telangana,Karimnagar,Main Market,Chilli,2024-11-01,9728.41,11420.31,10574.36
Telangana,Karimnagar,Agricultural Market,Chilli,2024-12-01,9860.75,11575.66,10718.2
Telangana,Karimnagar,Central Mandi,Chilli,2025-01-01,11429.89,13417.69,12423.79
Telangana,Karimnagar,Central Mandi,Chilli,2025-02-01,12008.63,14097.08,13052.85
Telangana,Karimnagar,Agricultural Market,Chilli,2025-03-01,12019.92,14110.34,13065.13
Telangana,Karimnagar,Central Mandi,Chilli,2025-04-01,12075.95,14176.12,13126.03
Telangana,Karimnagar,Main Market,Chilli,2025-05-01,11527.31,13532.06,12529.68
Telangana,Karimnagar,Agricultural Market,Chilli,2025-06-01,11077.92,13004.51,12041.22
Telangana,Karimnagar,Central Mandi,Chilli,2025-07-01,10625.55,12473.47,11549.51
Telangana,Karimnagar,Agricultural Market,Chilli,2025-08-01,10851.92,12739.21,11795.56
Telangana,Karimnagar,Main Market,Chilli,2025-09-01,9232.44,10838.09,10035.27
Telangana,Karimnagar,Central Mandi,Chilli,2025-10-01,9987.12,11724.02,10855.57
Telangana,Karimnagar,Main Market,Chilli,2025-11-01,9780.92,11481.95,10631.43
Telangana,Karimnagar,Agricultural Market,Chilli,2025-12-01,10395.76,12203.72,11299.74
Telangana,Khammam,Central Mandi,Rice,2020-01-01,2164.69,2541.16,2352.93
Telangana,Khammam,Agricultural Market,Rice,2020-02-01,2026.27,2378.66,2202.46
Telangana,Khammam,Agricultural Market,Rice,2020-03-01,2244.85,2635.26,2440.05
Telangana,Khammam,Central Mandi,Rice,2020-04-01,2052.97,2410.01,2231.49
Telangana,Khammam,Agricultural Market,Rice,2020-05-01,2170.09,2547.49,2358.79
Telangana,Khammam,Central Mandi,Rice,2020-06-01,2058.96,2417.04,2238.0
Telangana,Khammam,Central Mandi,Rice,2020-07-01,2015.89,2366.48,2191.18
Telangana,Khammam,Central Mandi,Rice,2020-08-01,2100.26,2465.52,2282.89
Telangana,Khammam,Agricultural Market,Rice,2020-09-01,1734.0,2035.57,1884.79
Telangana,Khammam,Central Mandi,Rice,2020-10-01,1802.83,2116.36,1959.59
Telangana,Khammam,Agricultural Market,Rice,2020-11-01,1859.46,2182.85,2021.16
Telangana,Khammam,Agricultural Market,Rice,2020-12-01,1871.74,2197.25,2034.49
Telangana,Khammam,Central Mandi,Rice,2021-01-01,1975.21,2318.73,2146.97
Telangana,Khammam,Main Market,Rice,2021-02-01,2434.93,2858.39,2646.66
Telangana,Khammam,Main Market,Rice,2021-03-01,2160.75,2536.53,2348.64
Telangana,Khammam,Central Mandi,Rice,2021-04-01,2302.68,2703.14,2502.91
Telangana,Khammam,Agricultural Market,Rice,2021-05-01,2355.53,2765.19,2560.36
Telangana,Khammam,Agricultural Market,Rice,2021-06-01,2314.04,2716.49,2515.27
Telangana,Khammam,Agricultural Market,Rice,2021-07-01,2070.83,2430.98,2250.9
Telangana,Khammam,Main Market,Rice,2021-08-01,1896.1,2225.86,2060.98
Telangana,Khammam,Central Mandi,Rice,2021-09-01,2027.1,2379.64,2203.37
Telangana,Khammam,Central Mandi,Rice,2021-10-01,1690.32,1984.28,1837.3
Telangana,Khammam,Main Market,Rice,2021-11-01,1976.79,2320.58,2148.69
Telangana,Khammam,Central Mandi,Rice,2021-12-01,1956.78,2297.09,2126.93
Telangana,Khammam,Main Market,Rice,2022-01-01,2114.46,2482.19,2298.32
Telangana,Khammam,Central Mandi,Rice,2022-02-01,2089.51,2452.91,2271.21
Telangana,Khammam,Main Market,Rice,2022-03-01,2386.25,2801.25,2593.75
Telangana,Khammam,Agricultural Market,Rice,2022-04-01,2352.98,2762.19,2557.58
Telangana,Khammam,Agricultural Market,Rice,2022-05-01,2619.74,3075.34,2847.54
Telangana,Khammam,Central Mandi,Rice,2022-06-01,2373.87,2786.71,2580.29
Telangana,Khammam,Central Mandi,Rice,2022-07-01,1913.4,2246.17,2079.79
Telangana,Khammam,Main Market,Rice,2022-08-01,1893.23,2222.49,2057.86
Telangana,Khammam,Main Market,Rice,2022-09-01,1784.74,2095.13,1939.93
Telangana,Khammam,Main Market,Rice,2022-10-01,1876.34,2202.66,2039.5
Telangana,Khammam,Main Market,Rice,2022-11-01,1830.9,2149.32,1990.11
Telangana,Khammam,Agricultural Market,Rice,2022-12-01,1934.82,2271.32,2103.07
Telangana,Khammam,Central Mandi,Rice,2023-01-01,2126.15,2495.91,2311.03
Telangana,Khammam,Central Mandi,Rice,2023-02-01,2496.87,2931.11,2713.99
Telangana,Khammam,Main Market,Rice,2023-03-01,2358.77,2768.99,2563.88
Telangana,Khammam,Agricultural Market,Rice,2023-04-01,2703.0,3173.08,2938.04
Telangana,Khammam,Agricultural Market,Rice,2023-05-01,2360.16,2770.62,2565.39
Telangana,Khammam,Agricultural Market,Rice,2023-06-01,2400.28,2817.73,2609.01
Telangana,Khammam,Main Market,Rice,2023-07-01,2021.54,2373.11,2197.32
Telangana,Khammam,Main Market,Rice,2023-08-01,2009.44,2358.91,2184.18
Telangana,Khammam,Agricultural Market,Rice,2023-09-01,2051.9,2408.75,2230.32
Telangana,Khammam,Agricultural Market,Rice,2023-10-01,1997.8,2345.24,2171.52
Telangana,Khammam,Agricultural Market,Rice,2023-11-01,1963.25,2304.68,2133.96
Telangana,Khammam,Agricultural Market,Rice,2023-12-01,1867.44,2192.21,2029.83
Telangana,Khammam,Main Market,Rice,2024-01-01,2115.17,2483.02,2299.09
Telangana,Khammam,Agricultural Market,Rice,2024-02-01,2298.14,2697.81,2497.98
Telangana,Khammam,Main Market,Rice,2024-03-01,2636.94,3095.54,2866.24
Telangana,Khammam,Main Market,Rice,2024-04-01,2608.65,3062.32,2835.48
Telangana,Khammam,Agricultural Market,Rice,2024-05-01,2618.41,3073.79,2846.1
Telangana,Khammam,Agricultural Market,Rice,2024-06-01,2362.28,2773.11,2567.7
Telangana,Khammam,Agricultural Market,Rice,2024-07-01,2332.3,2737.92,2535.11
Telangana,Khammam,Main Market,Rice,2024-08-01,2110.06,2477.03,2293.54
Telangana,Khammam,Main Market,Rice,2024-09-01,1830.1,2148.38,1989.24
Telangana,Khammam,Main Market,Rice,2024-10-01,2066.53,2425.92,2246.22
Telangana,Khammam,Agricultural Market,Rice,2024-11-01,2024.72,2376.84,2200.78
Telangana,Khammam,Main Market,Rice,2024-12-01,2021.67,2373.26,2197.47
Telangana,Khammam,Main Market,Rice,2025-01-01,2281.3,2678.05,2479.67
Telangana,Khammam,Main Market,Rice,2025-02-01,2365.5,2776.89,2571.19
Telangana,Khammam,Main Market,Rice,2025-03-01,2431.04,2853.83,2642.43
Telangana,Khammam,Main Market,Rice,2025-04-01,2629.7,3087.04,2858.37
Telangana,Khammam,Agricultural Market,Rice,2025-05-01,2757.84,3237.47,2997.66
Telangana,Khammam,Central Mandi,Rice,2025-06-01,2555.16,2999.54,2777.35
Telangana,Khammam,Main Market,Rice,2025-07-01,2156.34,2531.36,2343.85
Telangana,Khammam,Agricultural Market,Rice,2025-08-01,1926.01,2260.97,2093.49
Telangana,Khammam,Agricultural Market,Rice,2025-09-01,1886.13,2214.15,2050.14
Telangana,Khammam,Agricultural Market,Rice,2025-10-01,1913.37,2246.12,2079.74
Telangana,Khammam,Agricultural Market,Rice,2025-11-01,1912.1,2244.64,2078.37
Telangana,Khammam,Main Market,Rice,2025-12-01,2035.51,2389.52,2212.51
Telangana,Khammam,Main Market,Maize,2020-01-01,1790.34,2101.7,1946.02
Telangana,Khammam,Main Market,Maize,2020-02-01,1799.79,2112.8,1956.29
Telangana,Khammam,Central Mandi,Maize,2020-03-01,1999.75,2347.53,2173.64
Telangana,Khammam,Agricultural Market,Maize,2020-04-01,1941.89,2279.61,2110.75
Telangana,Khammam,Agricultural Market,Maize,2020-05-01,1934.1,2270.47,2102.29
Telangana,Khammam,Agricultural Market,Maize,2020-06-01,2121.58,2490.55,2306.06
Telangana,Khammam,Agricultural Market,Maize,2020-07-01,1771.92,2080.08,1926.0
Telangana,Khammam,Main Market,Maize,2020-08-01,1591.59,1868.38,1729.98
Telangana,Khammam,Agricultural Market,Maize,2020-09-01,1600.02,1878.28,1739.15
Telangana,Khammam,Agricultural Market,Maize,2020-10-01,1554.8,1825.2,1690.0
Telangana,Khammam,Agricultural Market,Maize,2020-11-01,1662.99,1952.2,1807.59
Telangana,Khammam,Central Mandi,Maize,2020-12-01,1597.9,1875.79,1736.85
Telangana,Khammam,Main Market,Maize,2021-01-01,1862.97,2186.97,2024.97
Telangana,Khammam,Agricultural Market,Maize,2021-02-01,1995.47,2342.51,2168.99
Telangana,Khammam,Main Market,Maize,2021-03-01,1988.26,2334.04,2161.15
Telangana,Khammam,Central Mandi,Maize,2021-04-01,1949.49,2288.53,2119.01
Telangana,Khammam,Central Mandi,Maize,2021-05-01,2116.34,2484.4,2300.37
Telangana,Khammam,Central Mandi,Maize,2021-06-01,1945.1,2283.38,2114.24
Telangana,Khammam,Main Market,Maize,2021-07-01,1857.12,2180.09,2018.61
Telangana,Khammam,Main Market,Maize,2021-08-01,1666.1,1955.85,1810.97
Telangana,Khammam,Agricultural Market,Maize,2021-09-01,1565.53,1837.8,1701.67
Telangana,Khammam,Central Mandi,Maize,2021-10-01,1591.64,1868.45,1730.04
Telangana,Khammam,Central Mandi,Maize,2021-11-01,1622.79,1905.01,1763.9
Telangana,Khammam,Central Mandi,Maize,2021-12-01,1774.36,2082.95,1928.65
Telangana,Khammam,Main Market,Maize,2022-01-01,1888.18,2216.56,2052.37
Telangana,Khammam,Central Mandi,Maize,2022-02-01,2009.08,2358.48,2183.78
Telangana,Khammam,Agricultural Market,Maize,2022-03-01,2120.12,2488.84,2304.48
Telangana,Khammam,Agricultural Market,Maize,2022-04-01,1956.09,2296.28,2126.18
Telangana,Khammam,Central Mandi,Maize,2022-05-01,2124.1,2493.5,2308.8
Telangana,Khammam,Agricultural Market,Maize,2022-06-01,1844.25,2164.98,2004.62
Telangana,Khammam,Central Mandi,Maize,2022-07-01,1863.6,2187.7,2025.65
Telangana,Khammam,Central Mandi,Maize,2022-08-01,1708.12,2005.18,1856.65
Telangana,Khammam,Agricultural Market,Maize,2022-09-01,1653.73,1941.34,1797.53
Telangana,Khammam,Central Mandi,Maize,2022-10-01,1596.15,1873.74,1734.94
Telangana,Khammam,Main Market,Maize,2022-11-01,1571.41,1844.7,1708.05
Telangana,Khammam,Agricultural Market,Maize,2022-12-01,1735.29,2037.08,1886.19
Telangana,Khammam,Central Mandi,Maize,2023-01-01,2017.38,2368.23,2192.81
Telangana,Khammam,Central Mandi,Maize,2023-02-01,1954.17,2294.03,2124.1
Telangana,Khammam,Agricultural Market,Maize,2023-03-01,2233.43,2621.85,2427.64
Telangana,Khammam,Central Mandi,Maize,2023-04-01,2060.94,2419.36,2240.15
Telangana,Khammam,Agricultural Market,Maize,2023-05-01,1909.35,2241.41,2075.38
Telangana,Khammam,Main Market,Maize,2023-06-01,1940.9,2278.44,2109.67
Telangana,Khammam,Main Market,Maize,2023-07-01,1963.63,2305.13,2134.38
Telangana,Khammam,Central Mandi,Maize,2023-08-01,1619.33,1900.95,1760.14
Telangana,Khammam,Agricultural Market,Maize,2023-09-01,1602.32,1880.99,1741.66
Telangana,Khammam,Main Market,Maize,2023-10-01,1700.15,1995.83,1847.99
Telangana,Khammam,Agricultural Market,Maize,2023-11-01,1637.1,1921.82,1779.46
Telangana,Khammam,Central Mandi,Maize,2023-12-01,1618.7,1900.21,1759.45
Telangana,Khammam,Main Market,Maize,2024-01-01,2081.85,2443.91,2262.88
Telangana,Khammam,Central Mandi,Maize,2024-02-01,1969.5,2312.02,2140.76
Telangana,Khammam,Main Market,Maize,2024-03-01,2270.41,2665.26,2467.83
Telangana,Khammam,Central Mandi,Maize,2024-04-01,2133.28,2504.28,2318.78
Telangana,Khammam,Central Mandi,Maize,2024-05-01,2084.18,2446.64,2265.41
Telangana,Khammam,Agricultural Market,Maize,2024-06-01,2088.7,2451.95,2270.32
Telangana,Khammam,Agricultural Market,Maize,2024-07-01,2206.27,2589.97,2398.12
Telangana,Khammam,Agricultural Market,Maize,2024-08-01,1765.24,2072.24,1918.74
Telangana,Khammam,Main Market,Maize,2024-09-01,1706.28,2003.03,1854.66
Telangana,Khammam,Agricultural Market,Maize,2024-10-01,1838.66,2158.43,1998.54
Telangana,Khammam,Central Mandi,Maize,2024-11-01,1866.05,2190.58,2028.31
Telangana,Khammam,Central Mandi,Maize,2024-12-01,1927.91,2263.2,2095.55
Telangana,Khammam,Agricultural Market,Maize,2025-01-01,2061.27,2419.75,2240.51
Telangana,Khammam,Agricultural Market,Maize,2025-02-01,2119.84,2488.51,2304.18
Telangana,Khammam,Central Mandi,Maize,2025-03-01,2104.82,2470.87,2287.85
Telangana,Khammam,Central Mandi,Maize,2025-04-01,2361.49,2772.18,2566.83
Telangana,Khammam,Central Mandi,Maize,2025-05-01,1930.9,2266.71,2098.81
Telangana,Khammam,Main Market,Maize,2025-06-01,2006.71,2355.71,2181.21
Telangana,Khammam,Main Market,Maize,2025-07-01,2048.38,2404.62,2226.5
Telangana,Khammam,Agricultural Market,Maize,2025-08-01,1822.83,2139.84,1981.33
Telangana,Khammam,Agricultural Market,Maize,2025-09-01,1771.78,2079.91,1925.84
Telangana,Khammam,Agricultural Market,Maize,2025-10-01,1729.85,2030.69,1880.27
Telangana,Khammam,Central Mandi,Maize,2025-11-01,1767.36,2074.73,1921.04
Telangana,Khammam,Agricultural Market,Maize,2025-12-01,1713.67,2011.7,1862.69
Telangana,Khammam,Central Mandi,Cotton,2020-01-01,6490.69,7619.51,7055.1
Telangana,Khammam,Central Mandi,Cotton,2020-02-01,6870.03,8064.81,7467.42
Telangana,Khammam,Main Market,Cotton,2020-03-01,6786.98,7967.32,7377.15
Telangana,Khammam,Main Market,Cotton,2020-04-01,6906.66,8107.82,7507.24
Telangana,Khammam,Central Mandi,Cotton,2020-05-01,6947.05,8155.23,7551.14
Telangana,Khammam,Main Market,Cotton,2020-06-01,6995.43,8212.03,7603.73
Telangana,Khammam,Central Mandi,Cotton,2020-07-01,6036.3,7086.1,6561.2
Telangana,Khammam,Agricultural Market,Cotton,2020-08-01,5901.51,6927.86,6414.69
Telangana,Khammam,Main Market,Cotton,2020-09-01,6286.16,7379.41,6832.78
Telangana,Khammam,Central Mandi,Cotton,2020-10-01,5529.4,6491.03,6010.21
Telangana,Khammam,Agricultural Market,Cotton,2020-11-01,5370.65,6304.68,5837.67
Telangana,Khammam,Main Market,Cotton,2020-12-01,5720.6,6715.48,6218.04
Telangana,Khammam,Central Mandi,Cotton,2021-01-01,6628.34,7781.09,7204.71
Telangana,Khammam,Agricultural Market,Cotton,2021-02-01,6214.16,7294.88,6754.52
Telangana,Khammam,Main Market,Cotton,2021-03-01,7151.24,8394.93,7773.08
Telangana,Khammam,Main Market,Cotton,2021-04-01,7608.37,8931.57,8269.97
Telangana,Khammam,Main Market,Cotton,2021-05-01,7001.19,8218.79,7609.99
Telangana,Khammam,Central Mandi,Cotton,2021-06-01,6641.52,7796.57,7219.04
Telangana,Khammam,Agricultural Market,Cotton,2021-07-01,6033.46,7082.75,6558.1
Telangana,Khammam,Central Mandi,Cotton,2021-08-01,5905.84,6932.94,6419.39
Telangana,Khammam,Central Mandi,Cotton,2021-09-01,5676.25,6663.42,6169.83
Telangana,Khammam,Central Mandi,Cotton,2021-10-01,5229.3,6138.75,5684.02
Telangana,Khammam,Main Market,Cotton,2021-11-01,5537.92,6501.03,6019.47
Telangana,Khammam,Agricultural Market,Cotton,2021-12-01,5717.0,6711.26,6214.13
Telangana,Khammam,Main Market,Cotton,2022-01-01,6476.58,7602.94,7039.76
Telangana,Khammam,Main Market,Cotton,2022-02-01,7058.0,8285.48,7671.74
Telangana,Khammam,Agricultural Market,Cotton,2022-03-01,7747.86,9095.32,8421.59
Telangana,Khammam,Agricultural Market,Cotton,2022-04-01,7702.15,9041.65,8371.9
Telangana,Khammam,Main Market,Cotton,2022-05-01,6806.21,7989.9,7398.05
Telangana,Khammam,Central Mandi,Cotton,2022-06-01,6882.4,8079.34,7480.87
Telangana,Khammam,Central Mandi,Cotton,2022-07-01,6780.35,7959.54,7369.94
Telangana,Khammam,Central Mandi,Cotton,2022-08-01,6320.9,7420.18,6870.54
Telangana,Khammam,Central Mandi,Cotton,2022-09-01,5642.74,6624.08,6133.41
Telangana,Khammam,Main Market,Cotton,2022-10-01,6269.05,7359.32,6814.19
Telangana,Khammam,Agricultural Market,Cotton,2022-11-01,5380.17,6315.85,5848.01
Telangana,Khammam,Main Market,Cotton,2022-12-01,6420.92,7537.6,6979.26
Telangana,Khammam,Central Mandi,Cotton,2023-01-01,6279.38,7371.44,6825.41
Telangana,Khammam,Main Market,Cotton,2023-02-01,6740.45,7912.7,7326.58
Telangana,Khammam,Main Market,Cotton,2023-03-01,7526.88,8835.91,8181.4
Telangana,Khammam,Main Market,Cotton,2023-04-01,7077.99,8308.95,7693.47
Telangana,Khammam,Main Market,Cotton,2023-05-01,6924.02,8128.19,7526.11
Telangana,Khammam,Main Market,Cotton,2023-06-01,6201.4,7279.9,6740.65
Telangana,Khammam,Agricultural Market,Cotton,2023-07-01,6730.84,7901.43,7316.13
Telangana,Khammam,Agricultural Market,Cotton,2023-08-01,6194.87,7272.24,6733.55
Telangana,Khammam,Central Mandi,Cotton,2023-09-01,6692.34,7856.22,7274.28
Telangana,Khammam,Main Market,Cotton,2023-10-01,5578.47,6548.63,6063.55
Telangana,Khammam,Agricultural Market,Cotton,2023-11-01,6160.19,7231.53,6695.86
Telangana,Khammam,Central Mandi,Cotton,2023-12-01,6080.19,7137.62,6608.9
Telangana,Khammam,Agricultural Market,Cotton,2024-01-01,6809.99,7994.34,7402.17
Telangana,Khammam,Main Market,Cotton,2024-02-01,7259.86,8522.44,7891.15
Telangana,Khammam,Main Market,Cotton,2024-03-01,7946.26,9328.22,8637.24
Telangana,Khammam,Agricultural Market,Cotton,2024-04-01,7254.78,8516.48,7885.63
Telangana,Khammam,Central Mandi,Cotton,2024-05-01,7668.38,9002.01,8335.19
Telangana,Khammam,Central Mandi,Cotton,2024-06-01,7530.04,8839.61,8184.82
Telangana,Khammam,Central Mandi,Cotton,2024-07-01,6680.19,7841.96,7261.08
Telangana,Khammam,Agricultural Market,Cotton,2024-08-01,6330.46,7431.41,6880.93
Telangana,Khammam,Main Market,Cotton,2024-09-01,6203.21,7282.03,6742.62
Telangana,Khammam,Central Mandi,Cotton,2024-10-01,5635.3,6615.35,6125.33
Telangana,Khammam,Main Market,Cotton,2024-11-01,5873.32,6894.76,6384.04
Telangana,Khammam,Main Market,Cotton,2024-12-01,6872.73,8067.99,7470.36
Telangana,Khammam,Agricultural Market,Cotton,2025-01-01,7350.26,8628.56,7989.41
Telangana,Khammam,Agricultural Market,Cotton,2025-02-01,6252.66,7340.08,6796.37
Telangana,Khammam,Agricultural Market,Cotton,2025-03-01,7834.22,9196.69,8515.45
Telangana,Khammam,Main Market,Cotton,2025-04-01,7438.72,8732.41,8085.57
Telangana,Khammam,Main Market,Cotton,2025-05-01,8624.09,10123.93,9374.01
Telangana,Khammam,Main Market,Cotton,2025-06-01,7139.1,8380.69,7759.89
Telangana,Khammam,Main Market,Cotton,2025-07-01,7349.58,8627.77,7988.68
Telangana,Khammam,Central Mandi,Cotton,2025-08-01,7412.74,8701.91,8057.32
Telangana,Khammam,Agricultural Market,Cotton,2025-09-01,6354.76,7459.93,6907.34
Telangana,Khammam,Central Mandi,Cotton,2025-10-01,6404.02,7517.77,6960.9
Telangana,Khammam,Central Mandi,Cotton,2025-11-01,6381.39,7491.2,6936.29
Telangana,Khammam,Agricultural Market,Cotton,2025-12-01,6685.99,7848.77,7267.38
Telangana,Khammam,Agricultural Market,Groundnut,2020-01-01,5387.61,6324.59,5856.1
Telangana,Khammam,Central Mandi,Groundnut,2020-02-01,5700.84,6692.29,6196.56
Telangana,Khammam,Main Market,Groundnut,2020-03-01,5727.59,6723.69,6225.64
Telangana,Khammam,Main Market,Groundnut,2020-04-01,5582.58,6553.47,6068.02
Telangana,Khammam,Agricultural Market,Groundnut,2020-05-01,6071.32,7127.2,6599.26
Telangana,Khammam,Main Market,Groundnut,2020-06-01,5567.4,6535.65,6051.53
Telangana,Khammam,Agricultural Market,Groundnut,2020-07-01,5233.0,6143.09,5688.05
Telangana,Khammam,Agricultural Market,Groundnut,2020-08-01,4893.08,5744.06,5318.57
Telangana,Khammam,Agricultural Market,Groundnut,2020-09-01,4407.04,5173.48,4790.26
Telangana,Khammam,Central Mandi,Groundnut,2020-10-01,4410.85,5177.95,4794.4
Telangana,Khammam,Agricultural Market,Groundnut,2020-11-01,4983.06,5849.68,5416.37
Telangana,Khammam,Agricultural Market,Groundnut,2020-12-01,4344.81,5100.43,4722.62
Telangana,Khammam,Agricultural Market,Groundnut,2021-01-01,5299.91,6221.63,5760.77
Telangana,Khammam,Central Mandi,Groundnut,2021-02-01,6109.62,7172.16,6640.89
Telangana,Khammam,Central Mandi,Groundnut,2021-03-01,5692.09,6682.02,6187.06
Telangana,Khammam,Agricultural Market,Groundnut,2021-04-01,6177.25,7251.55,6714.4
Telangana,Khammam,Main Market,Groundnut,2021-05-01,5873.32,6894.77,6384.04
Telangana,Khammam,Agricultural Market,Groundnut,2021-06-01,5599.43,6573.25,6086.34
Telangana,Khammam,Central Mandi,Groundnut,2021-07-01,5497.58,6453.68,5975.63
Telangana,Khammam,Central Mandi,Groundnut,2021-08-01,4932.6,5790.44,5361.52
Telangana,Khammam,Main Market,Groundnut,2021-09-01,4607.86,5409.22,5008.54
Telangana,Khammam,Central Mandi,Groundnut,2021-10-01,4854.35,5698.59,5276.47
Telangana,Khammam,Central Mandi,Groundnut,2021-11-01,5257.85,6172.26,5715.06
Telangana,Khammam,Agricultural Market,Groundnut,2021-12-01,4780.79,5612.23,5196.51
Telangana,Khammam,Main Market,Groundnut,2022-01-01,5435.6,6380.92,5908.26
Telangana,Khammam,Central Mandi,Groundnut,2022-02-01,5729.11,6725.48,6227.3
Telangana,Khammam,Central Mandi,Groundnut,2022-03-01,6431.97,7550.58,6991.27
Telangana,Khammam,Main Market,Groundnut,2022-04-01,6902.94,8103.45,7503.2
Telangana,Khammam,Agricultural Market,Groundnut,2022-05-01,5614.48,6590.91,6102.7
Telangana,Khammam,Agricultural Market,Groundnut,2022-06-01,5510.93,6469.35,5990.14
Telangana,Khammam,Main Market,Groundnut,2022-07-01,6224.53,7307.05,6765.79
Telangana,Khammam,Agricultural Market,Groundnut,2022-08-01,4864.95,5711.03,5287.99
Telangana,Khammam,Main Market,Groundnut,2022-09-01,4828.26,5667.96,5248.11
Telangana,Khammam,Agricultural Market,Groundnut,2022-10-01,5351.48,6282.17,5816.82
Telangana,Khammam,Central Mandi,Groundnut,2022-11-01,4572.84,5368.12,4970.48
Telangana,Khammam,Central Mandi,Groundnut,2022-12-01,4934.43,5792.6,5363.52
Telangana,Khammam,Central Mandi,Groundnut,2023-01-01,5115.03,6004.6,5559.82
Telangana,Khammam,Main Market,Groundnut,2023-02-01,5832.49,6846.84,6339.67
Telangana,Khammam,Agricultural Market,Groundnut,2023-03-01,6334.3,7435.92,6885.11
Telangana,Khammam,Central Mandi,Groundnut,2023-04-01,6290.69,7384.72,6837.7
Telangana,Khammam,Central Mandi,Groundnut,2023-05-01,6278.13,7369.98,6824.06
Telangana,Khammam,Agricultural Market,Groundnut,2023-06-01,5842.56,6858.65,6350.6
Telangana,Khammam,Agricultural Market,Groundnut,2023-07-01,5863.79,6883.58,6373.68
Telangana,Khammam,Agricultural Market,Groundnut,2023-08-01,4849.69,5693.11,5271.4
Telangana,Khammam,Main Market,Groundnut,2023-09-01,5012.25,5883.94,5448.1
Telangana,Khammam,Agricultural Market,Groundnut,2023-10-01,4846.33,5689.17,5267.75
Telangana,Khammam,Central Mandi,Groundnut,2023-11-01,4844.18,5686.65,5265.41
Telangana,Khammam,Main Market,Groundnut,2023-12-01,5570.58,6539.37,6054.97
Telangana,Khammam,Central Mandi,Groundnut,2024-01-01,5595.95,6569.16,6082.56
Telangana,Khammam,Agricultural Market,Groundnut,2024-02-01,6006.86,7051.53,6529.2
Telangana,Khammam,Central Mandi,Groundnut,2024-03-01,5706.98,6699.5,6203.24
Telangana,Khammam,Central Mandi,Groundnut,2024-04-01,6055.15,7108.22,6581.69
Telangana,Khammam,Central Mandi,Groundnut,2024-05-01,6250.17,7337.16,6793.67
Telangana,Khammam,Agricultural Market,Groundnut,2024-06-01,5780.78,6786.14,6283.46
Telangana,Khammam,Main Market,Groundnut,2024-07-01,5409.11,6349.82,5879.46
Telangana,Khammam,Central Mandi,Groundnut,2024-08-01,5537.16,6500.14,6018.65
Telangana,Khammam,Main Market,Groundnut,2024-09-01,5188.83,6091.23,5640.03
Telangana,Khammam,Central Mandi,Groundnut,2024-10-01,4955.0,5816.74,5385.87
Telangana,Khammam,Agricultural Market,Groundnut,2024-11-01,5304.85,6227.44,5766.15
Telangana,Khammam,Agricultural Market,Groundnut,2024-12-01,5568.94,6537.45,6053.2
Telangana,Khammam,Main Market,Groundnut,2025-01-01,6090.96,7150.26,6620.61
Telangana,Khammam,Central Mandi,Groundnut,2025-02-01,6200.75,7279.14,6739.94
Telangana,Khammam,Main Market,Groundnut,2025-03-01,6480.64,7607.7,7044.17
Telangana,Khammam,Agricultural Market,Groundnut,2025-04-01,6907.46,8108.76,7508.11
Telangana,Khammam,Central Mandi,Groundnut,2025-05-01,6359.44,7465.43,6912.44
Telangana,Khammam,Central Mandi,Groundnut,2025-06-01,6382.86,7492.92,6937.89
Telangana,Khammam,Central Mandi,Groundnut,2025-07-01,6036.93,7086.83,6561.88
Telangana,Khammam,Central Mandi,Groundnut,2025-08-01,5605.32,6580.16,6092.74
Telangana,Khammam,Main Market,Groundnut,2025-09-01,5220.85,6128.83,5674.84
Telangana,Khammam,Agricultural Market,Groundnut,2025-10-01,5593.36,6566.11,6079.74
Telangana,Khammam,Agricultural Market,Groundnut,2025-11-01,5427.05,6370.88,5898.97
Telangana,Khammam,Agricultural Market,Groundnut,2025-12-01,5143.43,6037.94,5590.68
Telangana,Khammam,Main Market,Chilli,2020-01-01,9625.59,11299.6,10462.59
Telangana,Khammam,Main Market,Chilli,2020-02-01,10291.94,12081.84,11186.89
Telangana,Khammam,Agricultural Market,Chilli,2020-03-01,10926.61,12826.9,11876.75
Telangana,Khammam,Agricultural Market,Chilli,2020-04-01,11012.38,12927.57,11969.98
Telangana,Khammam,Main Market,Chilli,2020-05-01,10547.35,12381.67,11464.51
Telangana,Khammam,Agricultural Market,Chilli,2020-06-01,10262.16,12046.88,11154.52
Telangana,Khammam,Main Market,Chilli,2020-07-01,9532.13,11189.89,10361.01
Telangana,Khammam,Main Market,Chilli,2020-08-01,8656.54,10162.03,9409.29
Telangana,Khammam,Central Mandi,Chilli,2020-09-01,8352.91,9805.59,9079.25
Telangana,Khammam,Central Mandi,Chilli,2020-10-01,8847.26,10385.91,9616.58
Telangana,Khammam,Agricultural Market,Chilli,2020-11-01,8498.08,9976.01,9237.04
Telangana,Khammam,Main Market,Chilli,2020-12-01,8856.62,10396.9,9626.76
Telangana,Khammam,Main Market,Chilli,2021-01-01,10860.87,12749.72,11805.3
Telangana,Khammam,Central Mandi,Chilli,2021-02-01,10396.72,12204.84,11300.78
Telangana,Khammam,Central Mandi,Chilli,2021-03-01,10825.06,12707.68,11766.37
Telangana,Khammam,Main Market,Chilli,2021-04-01,11031.56,12950.1,11990.83
Telangana,Khammam,Agricultural Market,Chilli,2021-05-01,10632.62,12481.78,11557.2
Telangana,Khammam,Main Market,Chilli,2021-06-01,11043.61,12964.24,12003.92
Telangana,Khammam,Agricultural Market,Chilli,2021-07-01,10048.46,11796.02,10922.24
Telangana,Khammam,Agricultural Market,Chilli,2021-08-01,8955.42,10512.89,9734.15
Telangana,Khammam,Main Market,Chilli,2021-09-01,8588.01,10081.58,9334.8
Telangana,Khammam,Central Mandi,Chilli,2021-10-01,8905.15,10453.87,9679.51
Telangana,Khammam,Main Market,Chilli,2021-11-01,8522.75,10004.97,9263.86
Telangana,Khammam,Agricultural Market,Chilli,2021-12-01,8664.3,10171.13,9417.72
Telangana,Khammam,Central Mandi,Chilli,2022-01-01,10412.52,12223.39,11317.96
Telangana,Khammam,Main Market,Chilli,2022-02-01,10666.29,12521.29,11593.79
Telangana,Khammam,Main Market,Chilli,2022-03-01,11623.08,13644.48,12633.78
Telangana,Khammam,Agricultural Market,Chilli,2022-04-01,11074.51,13000.52,12037.51
Telangana,Khammam,Agricultural Market,Chilli,2022-05-01,10398.98,12207.49,11303.23
Telangana,Khammam,Main Market,Chilli,2022-06-01,10646.54,12498.12,11572.33
Telangana,Khammam,Agricultural Market,Chilli,2022-07-01,10182.86,11953.8,11068.33
Telangana,Khammam,Agricultural Market,Chilli,2022-08-01,9363.08,10991.45,10177.26
Telangana,Khammam,Main Market,Chilli,2022-09-01,9295.27,10911.84,10103.56
Telangana,Khammam,Agricultural Market,Chilli,2022-10-01,9095.52,10677.35,9886.44
Telangana,Khammam,Main Market,Chilli,2022-11-01,9075.85,10654.26,9865.05
Telangana,Khammam,Central Mandi,Chilli,2022-12-01,8920.74,10472.17,9696.46
Telangana,Khammam,Main Market,Chilli,2023-01-01,10103.43,11860.55,10981.99
Telangana,Khammam,Agricultural Market,Chilli,2023-02-01,11080.38,13007.4,12043.89
Telangana,Khammam,Central Mandi,Chilli,2023-03-01,11502.98,13503.5,12503.24
Telangana,Khammam,Central Mandi,Chilli,2023-04-01,10793.89,12671.09,11732.49
Telangana,Khammam,Main Market,Chilli,2023-05-01,12181.65,14300.2,13240.93
Telangana,Khammam,Main Market,Chilli,2023-06-01,12274.95,14409.72,13342.33
Telangana,Khammam,Main Market,Chilli,2023-07-01,10377.91,12182.77,11280.34
Telangana,Khammam,Main Market,Chilli,2023-08-01,8779.61,10306.49,9543.05
Telangana,Khammam,Main Market,Chilli,2023-09-01,8871.35,10414.19,9642.77
Telangana,Khammam,Main Market,Chilli,2023-10-01,8697.38,10209.97,9453.68
Telangana,Khammam,Agricultural Market,Chilli,2023-11-01,10105.17,11862.59,10983.88
Telangana,Khammam,Agricultural Market,Chilli,2023-12-01,9748.24,11443.59,10595.92
Telangana,Khammam,Main Market,Chilli,2024-01-01,11238.6,13193.14,12215.87
Telangana,Khammam,Central Mandi,Chilli,2024-02-01,10744.31,12612.89,11678.6
Telangana,Khammam,Main Market,Chilli,2024-03-01,10454.74,12272.96,11363.85
Telangana,Khammam,Agricultural Market,Chilli,2024-04-01,11858.66,13921.04,12889.85
Telangana,Khammam,Central Mandi,Chilli,2024-05-01,11039.51,12959.43,11999.47
Telangana,Khammam,Central Mandi,Chilli,2024-06-01,10394.49,12202.23,11298.36
Telangana,Khammam,Agricultural Market,Chilli,2024-07-01,9874.36,11591.64,10733.0
Telangana,Khammam,Main Market,Chilli,2024-08-01,10338.35,12136.32,11237.34
Telangana,Khammam,Main Market,Chilli,2024-09-01,9536.55,11195.09,10365.82
Telangana,Khammam,Main Market,Chilli,2024-10-01,9932.99,11660.47,10796.73
Telangana,Khammam,Main Market,Chilli,2024-11-01,10290.76,12080.46,11185.61
Telangana,Khammam,Main Market,Chilli,2024-12-01,9509.13,11162.89,10336.01
Telangana,Khammam,Central Mandi,Chilli,2025-01-01,11219.98,13171.29,12195.63
Telangana,Khammam,Agricultural Market,Chilli,2025-02-01,10857.48,12745.74,11801.61
Telangana,Khammam,Agricultural Market,Chilli,2025-03-01,11278.13,13239.54,12258.83
Telangana,Khammam,Central Mandi,Chilli,2025-04-01,13355.44,15678.12,14516.78
Telangana,Khammam,Agricultural Market,Chilli,2025-05-01,13125.69,15408.42,14267.05
Telangana,Khammam,Agricultural Market,Chilli,2025-06-01,12173.11,14290.17,13231.64
Telangana,Khammam,Central Mandi,Chilli,2025-07-01,11632.02,13654.99,12643.5
Telangana,Khammam,Main Market,Chilli,2025-08-01,9883.68,11602.58,10743.13
Telangana,Khammam,Agricultural Market,Chilli,2025-09-01,9145.76,10736.32,9941.04
Telangana,Khammam,Central Mandi,Chilli,2025-10-01,8839.33,10376.6,9607.96
Telangana,Khammam,Main Market,Chilli,2025-11-01,9190.68,10789.06,9989.87
Telangana,Khammam,Central Mandi,Chilli,2025-12-01,10441.51,12257.43,11349.47
Karnataka,Mysuru,Central Mandi,Rice,2020-01-01,1947.87,2286.63,2117.25
Karnataka,Mysuru,Main Market,Rice,2020-02-01,2144.36,2517.29,2330.83
Karnataka,Mysuru,Main Market,Rice,2020-03-01,2241.81,2631.69,2436.75
Karnataka,Mysuru,Agricultural Market,Rice,2020-04-01,2507.05,2943.05,2725.05
Karnataka,Mysuru,Main Market,Rice,2020-05-01,2407.28,2825.94,2616.61
Karnataka,Mysuru,Agricultural Market,Rice,2020-06-01,2172.84,2550.73,2361.78
Karnataka,Mysuru,Agricultural Market,Rice,2020-07-01,1802.97,2116.52,1959.74
Karnataka,Mysuru,Central Mandi,Rice,2020-08-01,2039.21,2393.85,2216.53
Karnataka,Mysuru,Main Market,Rice,2020-09-01,1942.57,2280.41,2111.49
Karnataka,Mysuru,Agricultural Market,Rice,2020-10-01,1739.51,2042.03,1890.77
Karnataka,Mysuru,Agricultural Market,Rice,2020-11-01,1723.27,2022.97,1873.12
Karnataka,Mysuru,Agricultural Market,Rice,2020-12-01,1914.34,2247.27,2080.8
Karnataka,Mysuru,Main Market,Rice,2021-01-01,2074.77,2435.6,2255.18
Karnataka,Mysuru,Central Mandi,Rice,2021-02-01,2117.6,2485.88,2301.74
Karnataka,Mysuru,Main Market,Rice,2021-03-01,2445.19,2870.44,2657.81
Karnataka,Mysuru,Agricultural Market,Rice,2021-04-01,2390.96,2806.78,2598.87
Karnataka,Mysuru,Agricultural Market,Rice,2021-05-01,2321.76,2725.54,2523.65
Karnataka,Mysuru,Agricultural Market,Rice,2021-06-01,2153.61,2528.15,2340.88
Karnataka,Mysuru,Main Market,Rice,2021-07-01,2137.14,2508.81,2322.97
Karnataka,Mysuru,Main Market,Rice,2021-08-01,1964.0,2305.56,2134.78
Karnataka,Mysuru,Agricultural Market,Rice,2021-09-01,1784.94,2095.36,1940.15
Karnataka,Mysuru,Main Market,Rice,2021-10-01,2011.84,2361.72,2186.78
Karnataka,Mysuru,Central Mandi,Rice,2021-11-01,1800.89,2114.09,1957.49
Karnataka,Mysuru,Central Mandi,Rice,2021-12-01,1887.35,2215.59,2051.47
Karnataka,Mysuru,Main Market,Rice,2022-01-01,2145.53,2518.67,2332.1
Karnataka,Mysuru,Agricultural Market,Rice,2022-02-01,2176.12,2554.58,2365.35
Karnataka,Mysuru,Main Market,Rice,2022-03-01,2407.31,2825.97,2616.64
Karnataka,Mysuru,Agricultural Market,Rice,2022-04-01,2347.03,2755.21,2551.12
Karnataka,Mysuru,Central Mandi,Rice,2022-05-01,2586.58,3036.42,2811.5
Karnataka,Mysuru,Central Mandi,Rice,2022-06-01,1987.39,2333.02,2160.21
Karnataka,Mysuru,Main Market,Rice,2022-07-01,2104.05,2469.97,2287.01
Karnataka,Mysuru,Agricultural Market,Rice,2022-08-01,2066.18,2425.52,2245.85
Karnataka,Mysuru,Agricultural Market,Rice,2022-09-01,2056.72,2414.41,2235.56
Karnataka,Mysuru,Agricultural Market,Rice,2022-10-01,1701.86,1997.83,1849.84
Karnataka,Mysuru,Central Mandi,Rice,2022-11-01,1894.29,2223.73,2059.01
Karnataka,Mysuru,Main Market,Rice,2022-12-01,1975.93,2319.57,2147.75
Karnataka,Mysuru,Main Market,Rice,2023-01-01,2328.11,2733.0,2530.55
Karnataka,Mysuru,Main Market,Rice,2023-02-01,2106.05,2472.32,2289.18
Karnataka,Mysuru,Agricultural Market,Rice,2023-03-01,2351.16,2760.06,2555.61
Karnataka,Mysuru,Main Market,Rice,2023-04-01,2334.75,2740.79,2537.77
Karnataka,Mysuru,Central Mandi,Rice,2023-05-01,2592.43,3043.28,2817.85
Karnataka,Mysuru,Main Market,Rice,2023-06-01,2330.26,2735.52,2532.89
Karnataka,Mysuru,Main Market,Rice,2023-07-01,2228.07,2615.56,2421.82
Karnataka,Mysuru,Main Market,Rice,2023-08-01,1932.18,2268.22,2100.2
Karnataka,Mysuru,Main Market,Rice,2023-09-01,1914.47,2247.42,2080.94
Karnataka,Mysuru,Central Mandi,Rice,2023-10-01,1877.27,2203.75,2040.51
Karnataka,Mysuru,Central Mandi,Rice,2023-11-01,1883.98,2211.63,2047.81
Karnataka,Mysuru,Central Mandi,Rice,2023-12-01,2147.89,2521.44,2334.67
Karnataka,Mysuru,Central Mandi,Rice,2024-01-01,2308.43,2709.9,2509.16
Karnataka,Mysuru,Agricultural Market,Rice,2024-02-01,2652.88,3114.25,2883.56
Karnataka,Mysuru,Agricultural Market,Rice,2024-03-01,2488.4,2921.16,2704.78
Karnataka,Mysuru,Central Mandi,Rice,2024-04-01,2402.65,2820.51,2611.58
Karnataka,Mysuru,Main Market,Rice,2024-05-01,2229.76,2617.55,2423.65
Karnataka,Mysuru,Main Market,Rice,2024-06-01,2478.61,2909.68,2694.14
Karnataka,Mysuru,Main Market,Rice,2024-07-01,2152.9,2527.32,2340.11
Karnataka,Mysuru,Agricultural Market,Rice,2024-08-01,2170.89,2548.43,2359.66
Karnataka,Mysuru,Main Market,Rice,2024-09-01,2071.4,2431.65,2251.52
Karnataka,Mysuru,Agricultural Market,Rice,2024-10-01,1779.05,2088.45,1933.75
Karnataka,Mysuru,Central Mandi,Rice,2024-11-01,2008.9,2358.27,2183.58
Karnataka,Mysuru,Main Market,Rice,2024-12-01,2022.16,2373.84,2198.0
Karnataka,Mysuru,Agricultural Market,Rice,2025-01-01,2466.78,2895.79,2681.29
Karnataka,Mysuru,Agricultural Market,Rice,2025-02-01,2565.82,3012.04,2788.93
Karnataka,Mysuru,Agricultural Market,Rice,2025-03-01,2356.49,2766.32,2561.4
Karnataka,Mysuru,Agricultural Market,Rice,2025-04-01,2371.46,2783.89,2577.67
Karnataka,Mysuru,Main Market,Rice,2025-05-01,2584.04,3033.44,2808.74
Karnataka,Mysuru,Main Market,Rice,2025-06-01,2331.84,2737.37,2534.61
Karnataka,Mysuru,Central Mandi,Rice,2025-07-01,2479.51,2910.73,2695.12
Karnataka,Mysuru,Central Mandi,Rice,2025-08-01,2049.68,2406.15,2227.92
Karnataka,Mysuru,Agricultural Market,Rice,2025-09-01,1990.74,2336.96,2163.85
Karnataka,Mysuru,Main Market,Rice,2025-10-01,2096.77,2461.43,2279.1
Karnataka,Mysuru,Central Mandi,Rice,2025-11-01,1793.16,2105.01,1949.08
Karnataka,Mysuru,Central Mandi,Rice,2025-12-01,2114.41,2482.14,2298.28
Karnataka,Mysuru,Central Mandi,Maize,2020-01-01,1723.09,2022.76,1872.92
Karnataka,Mysuru,Central Mandi,Maize,2020-02-01,1827.71,2145.57,1986.64
Karnataka,Mysuru,Agricultural Market,Maize,2020-03-01,1814.11,2129.61,1971.86
Karnataka,Mysuru,Main Market,Maize,2020-04-01,2018.22,2369.21,2193.71
Karnataka,Mysuru,Central Mandi,Maize,2020-05-01,2056.6,2414.27,2235.44
Karnataka,Mysuru,Central Mandi,Maize,2020-06-01,1938.34,2275.44,2106.89
Karnataka,Mysuru,Central Mandi,Maize,2020-07-01,1714.69,2012.9,1863.8
Karnataka,Mysuru,Central Mandi,Maize,2020-08-01,1708.78,2005.95,1857.36
Karnataka,Mysuru,Main Market,Maize,2020-09-01,1638.39,1923.33,1780.86
Karnataka,Mysuru,Main Market,Maize,2020-10-01,1470.65,1726.41,1598.53
Karnataka,Mysuru,Agricultural Market,Maize,2020-11-01,1706.66,2003.47,1855.06
Karnataka,Mysuru,Agricultural Market,Maize,2020-12-01,1565.79,1838.1,1701.94
Karnataka,Mysuru,Central Mandi,Maize,2021-01-01,1637.0,1921.69,1779.35
Karnataka,Mysuru,Main Market,Maize,2021-02-01,1946.72,2285.28,2116.0
Karnataka,Mysuru,Agricultural Market,Maize,2021-03-01,1999.88,2347.69,2173.78
Karnataka,Mysuru,Main Market,Maize,2021-04-01,1955.98,2296.15,2126.07
Karnataka,Mysuru,Agricultural Market,Maize,2021-05-01,1940.66,2278.17,2109.41
Karnataka,Mysuru,Agricultural Market,Maize,2021-06-01,1993.43,2340.11,2166.77
Karnataka,Mysuru,Central Mandi,Maize,2021-07-01,1687.56,1981.05,1834.31
Karnataka,Mysuru,Agricultural Market,Maize,2021-08-01,1764.28,2071.12,1917.7
Karnataka,Mysuru,Central Mandi,Maize,2021-09-01,1506.24,1768.19,1637.22
Karnataka,Mysuru,Agricultural Market,Maize,2021-10-01,1585.59,1861.34,1723.47
Karnataka,Mysuru,Agricultural Market,Maize,2021-11-01,1576.5,1850.67,1713.59
Karnataka,Mysuru,Central Mandi,Maize,2021-12-01,1671.61,1962.33,1816.97
Karnataka,Mysuru,Agricultural Market,Maize,2022-01-01,1923.38,2257.88,2090.63
Karnataka,Mysuru,Central Mandi,Maize,2022-02-01,1980.53,2324.97,2152.75
Karnataka,Mysuru,Main Market,Maize,2022-03-01,2048.14,2404.34,2226.24
Karnataka,Mysuru,Central Mandi,Maize,2022-04-01,1804.05,2117.8,1960.93
Karnataka,Mysuru,Central Mandi,Maize,2022-05-01,2083.03,2445.3,2264.17
Karnataka,Mysuru,Main Market,Maize,2022-06-01,1967.11,2309.22,2138.16
Karnataka,Mysuru,Agricultural Market,Maize,2022-07-01,1842.48,2162.91,2002.69
Karnataka,Mysuru,Main Market,Maize,2022-08-01,1740.14,2042.77,1891.46
Karnataka,Mysuru,Central Mandi,Maize,2022-09-01,1380.28,1620.33,1500.31
Karnataka,Mysuru,Main Market,Maize,2022-10-01,1513.54,1776.76,1645.15
Karnataka,Mysuru,Agricultural Market,Maize,2022-11-01,1563.35,1835.24,1699.29
Karnataka,Mysuru,Agricultural Market,Maize,2022-12-01,1718.13,2016.94,1867.53
Karnataka,Mysuru,Agricultural Market,Maize,2023-01-01,1735.9,2037.8,1886.85
Karnataka,Mysuru,Main Market,Maize,2023-02-01,1986.59,2332.08,2159.33
Karnataka,Mysuru,Main Market,Maize,2023-03-01,1982.46,2327.24,2154.85
Karnataka,Mysuru,Central Mandi,Maize,2023-04-01,2086.14,2448.94,2267.54
Karnataka,Mysuru,Agricultural Market,Maize,2023-05-01,1909.73,2241.85,2075.79
Karnataka,Mysuru,Central Mandi,Maize,2023-06-01,2061.76,2420.33,2241.04
Karnataka,Mysuru,Agricultural Market,Maize,2023-07-01,2059.38,2417.53,2238.45
Karnataka,Mysuru,Main Market,Maize,2023-08-01,1830.82,2149.23,1990.02
Karnataka,Mysuru,Main Market,Maize,2023-09-01,1602.56,1881.26,1741.91
Karnataka,Mysuru,Main Market,Maize,2023-10-01,1782.38,2092.36,1937.37
Karnataka,Mysuru,Agricultural Market,Maize,2023-11-01,1673.46,1964.5,1818.98
Karnataka,Mysuru,Main Market,Maize,2023-12-01,1722.38,2021.92,1872.15
Karnataka,Mysuru,Agricultural Market,Maize,2024-01-01,2039.95,2394.72,2217.33
Karnataka,Mysuru,Central Mandi,Maize,2024-02-01,2101.68,2467.19,2284.44
Karnataka,Mysuru,Agricultural Market,Maize,2024-03-01,2249.77,2641.03,2445.4
Karnataka,Mysuru,Main Market,Maize,2024-04-01,1954.11,2293.96,2124.03
Karnataka,Mysuru,Agricultural Market,Maize,2024-05-01,2025.03,2377.21,2201.12
Karnataka,Mysuru,Main Market,Maize,2024-06-01,2007.63,2356.78,2182.2
Karnataka,Mysuru,Agricultural Market,Maize,2024-07-01,2021.98,2373.63,2197.8
Karnataka,Mysuru,Main Market,Maize,2024-08-01,1711.09,2008.67,1859.88
Karnataka,Mysuru,Main Market,Maize,2024-09-01,1610.52,1890.61,1750.56
Karnataka,Mysuru,Main Market,Maize,2024-10-01,1752.0,2056.7,1904.35
Karnataka,Mysuru,Main Market,Maize,2024-11-01,1627.59,1910.65,1769.12
Karnataka,Mysuru,Main Market,Maize,2024-12-01,1735.09,2036.85,1885.97
Karnataka,Mysuru,Central Mandi,Maize,2025-01-01,1941.32,2278.94,2110.13
Karnataka,Mysuru,Central Mandi,Maize,2025-02-01,2167.88,2544.9,2356.39
Karnataka,Mysuru,Agricultural Market,Maize,2025-03-01,2205.83,2589.45,2397.64
Karnataka,Mysuru,Main Market,Maize,2025-04-01,1974.69,2318.12,2146.4
Karnataka,Mysuru,Agricultural Market,Maize,2025-05-01,2072.95,2433.46,2253.2
Karnataka,Mysuru,Agricultural Market,Maize,2025-06-01,2165.3,2541.88,2353.59
Karnataka,Mysuru,Main Market,Maize,2025-07-01,1850.8,2172.67,2011.73
Karnataka,Mysuru,Main Market,Maize,2025-08-01,1691.9,1986.14,1839.02
Karnataka,Mysuru,Agricultural Market,Maize,2025-09-01,1689.32,1983.11,1836.21
Karnataka,Mysuru,Central Mandi,Maize,2025-10-01,1875.2,2201.32,2038.26
Karnataka,Mysuru,Main Market,Maize,2025-11-01,1785.46,2095.98,1940.72
Karnataka,Mysuru,Main Market,Maize,2025-12-01,1812.59,2127.82,1970.21
Karnataka,Mysuru,Central Mandi,Cotton,2020-01-01,6557.32,7697.72,7127.52
Karnataka,Mysuru,Central Mandi,Cotton,2020-02-01,6960.55,8171.08,7565.82
Karnataka,Mysuru,Central Mandi,Cotton,2020-03-01,6976.53,8189.84,7583.19
Karnataka,Mysuru,Main Market,Cotton,2020-04-01,6444.03,7564.73,7004.38
Karnataka,Mysuru,Central Mandi,Cotton,2020-05-01,7141.29,8383.26,7762.28
Karnataka,Mysuru,Agricultural Market,Cotton,2020-06-01,6494.4,7623.86,7059.13
Karnataka,Mysuru,Agricultural Market,Cotton,2020-07-01,6719.17,7887.72,7303.45
Karnataka,Mysuru,Main Market,Cotton,2020-08-01,5624.34,6602.49,6113.42
Karnataka,Mysuru,Central Mandi,Cotton,2020-09-01,5656.22,6639.91,6148.06
Karnataka,Mysuru,Central Mandi,Cotton,2020-10-01,5947.87,6982.29,6465.08
Karnataka,Mysuru,Central Mandi,Cotton,2020-11-01,5991.65,7033.67,6512.66
Karnataka,Mysuru,Main Market,Cotton,2020-12-01,6325.79,7425.93,6875.86
Karnataka,Mysuru,Main Market,Cotton,2021-01-01,6389.71,7500.96,6945.34
Karnataka,Mysuru,Main Market,Cotton,2021-02-01,6626.98,7779.5,7203.24
Karnataka,Mysuru,Main Market,Cotton,2021-03-01,6931.85,8137.39,7534.62
Karnataka,Mysuru,Main Market,Cotton,2021-04-01,7668.43,9002.07,8335.25
Karnataka,Mysuru,Agricultural Market,Cotton,2021-05-01,7637.43,8965.68,8301.56
Karnataka,Mysuru,Main Market,Cotton,2021-06-01,6314.0,7412.09,6863.04
Karnataka,Mysuru,Main Market,Cotton,2021-07-01,6517.34,7650.79,7084.06
Karnataka,Mysuru,Main Market,Cotton,2021-08-01,6298.57,7393.97,6846.27
Karnataka,Mysuru,Main Market,Cotton,2021-09-01,5752.12,6752.49,6252.3
Karnataka,Mysuru,Central Mandi,Cotton,2021-10-01,5932.34,6964.05,6448.19
Karnataka,Mysuru,Central Mandi,Cotton,2021-11-01,5871.75,6892.92,6382.33
Karnataka,Mysuru,Central Mandi,Cotton,2021-12-01,6226.88,7309.81,6768.34
Karnataka,Mysuru,Main Market,Cotton,2022-01-01,6511.87,7644.37,7078.12
Karnataka,Mysuru,Central Mandi,Cotton,2022-02-01,7188.62,8438.81,7813.71
Karnataka,Mysuru,Central Mandi,Cotton,2022-03-01,7572.97,8890.01,8231.49
Karnataka,Mysuru,Agricultural Market,Cotton,2022-04-01,6861.57,8054.88,7458.22
Karnataka,Mysuru,Main Market,Cotton,2022-05-01,7522.37,8830.61,8176.49
Karnataka,Mysuru,Agricultural Market,Cotton,2022-06-01,6690.97,7854.62,7272.8
Karnataka,Mysuru,Agricultural Market,Cotton,2022-07-01,6437.19,7556.7,6996.94
Karnataka,Mysuru,Central Mandi,Cotton,2022-08-01,6862.41,8055.87,7459.14
Karnataka,Mysuru,Agricultural Market,Cotton,2022-09-01,6085.63,7144.0,6614.82
Karnataka,Mysuru,Agricultural Market,Cotton,2022-10-01,5957.5,6993.58,6475.54
Karnataka,Mysuru,Agricultural Market,Cotton,2022-11-01,6272.02,7362.81,6817.42
Karnataka,Mysuru,Main Market,Cotton,2022-12-01,6071.86,7127.83,6599.84
Karnataka,Mysuru,Agricultural Market,Cotton,2023-01-01,7189.85,8440.26,7815.05
Karnataka,Mysuru,Agricultural Market,Cotton,2023-02-01,7594.39,8915.15,8254.77
Karnataka,Mysuru,Central Mandi,Cotton,2023-03-01,6528.07,7663.39,7095.73
Karnataka,Mysuru,Agricultural Market,Cotton,2023-04-01,7523.22,8831.61,8177.41
Karnataka,Mysuru,Main Market,Cotton,2023-05-01,6931.6,8137.1,7534.35
Karnataka,Mysuru,Agricultural Market,Cotton,2023-06-01,7844.94,9209.27,8527.1
Karnataka,Mysuru,Central Mandi,Cotton,2023-07-01,6778.56,7957.44,7368.0
Karnataka,Mysuru,Central Mandi,Cotton,2023-08-01,6436.7,7556.13,6996.41
Karnataka,Mysuru,Central Mandi,Cotton,2023-09-01,6734.16,7905.32,7319.74
Karnataka,Mysuru,Main Market,Cotton,2023-10-01,6296.3,7391.31,6843.81
Karnataka,Mysuru,Agricultural Market,Cotton,2023-11-01,5853.65,6871.68,6362.67
Karnataka,Mysuru,Main Market,Cotton,2023-12-01,5984.26,7025.0,6504.63
Karnataka,Mysuru,Central Mandi,Cotton,2024-01-01,7261.93,8524.88,7893.4
Karnataka,Mysuru,Agricultural Market,Cotton,2024-02-01,8075.59,9480.04,8777.82
Karnataka,Mysuru,Central Mandi,Cotton,2024-03-01,7707.55,9047.99,8377.77
Karnataka,Mysuru,Agricultural Market,Cotton,2024-04-01,7432.28,8724.85,8078.56
Karnataka,Mysuru,Agricultural Market,Cotton,2024-05-01,8116.03,9527.51,8821.77
Karnataka,Mysuru,Main Market,Cotton,2024-06-01,7943.52,9325.0,8634.26
Karnataka,Mysuru,Agricultural Market,Cotton,2024-07-01,6435.16,7554.32,6994.74
Karnataka,Mysuru,Main Market,Cotton,2024-08-01,6633.91,7787.63,7210.77
Karnataka,Mysuru,Agricultural Market,Cotton,2024-09-01,6118.35,7182.41,6650.38
Karnataka,Mysuru,Central Mandi,Cotton,2024-10-01,5371.78,6306.0,5838.89
Karnataka,Mysuru,Central Mandi,Cotton,2024-11-01,5981.28,7021.5,6501.39
Karnataka,Mysuru,Main Market,Cotton,2024-12-01,5988.53,7030.01,6509.27
Karnataka,Mysuru,Agricultural Market,Cotton,2025-01-01,7183.07,8432.3,7807.69
Karnataka,Mysuru,Central Mandi,Cotton,2025-02-01,7558.04,8872.48,8215.26
Karnataka,Mysuru,Agricultural Market,Cotton,2025-03-01,7467.44,8766.12,8116.78
Karnataka,Mysuru,Central Mandi,Cotton,2025-04-01,8194.54,9619.67,8907.1
Karnataka,Mysuru,Central Mandi,Cotton,2025-05-01,7955.38,9338.93,8647.16
Karnataka,Mysuru,Agricultural Market,Cotton,2025-06-01,7156.03,8400.56,7778.3
Karnataka,Mysuru,Main Market,Cotton,2025-07-01,6875.07,8070.74,7472.91
Karnataka,Mysuru,Central Mandi,Cotton,2025-08-01,6047.94,7099.75,6573.85
Karnataka,Mysuru,Main Market,Cotton,2025-09-01,5729.02,6725.37,6227.2
Karnataka,Mysuru,Main Market,Cotton,2025-10-01,5511.57,6470.1,5990.84
Karnataka,Mysuru,Central Mandi,Cotton,2025-11-01,6797.72,7979.93,7388.82
Karnataka,Mysuru,Agricultural Market,Cotton,2025-12-01,6424.0,7541.22,6982.61
Karnataka,Mysuru,Agricultural Market,Groundnut,2020-01-01,5637.06,6617.42,6127.24
Karnataka,Mysuru,Central Mandi,Groundnut,2020-02-01,5267.22,6183.26,5725.24
Karnataka,Mysuru,Central Mandi,Groundnut,2020-03-01,5554.21,6520.16,6037.19
Karnataka,Mysuru,Agricultural Market,Groundnut,2020-04-01,5244.32,6156.38,5700.35
Karnataka,Mysuru,Agricultural Market,Groundnut,2020-05-01,5410.29,6351.21,5880.75
Karnataka,Mysuru,Main Market,Groundnut,2020-06-01,5536.08,6498.87,6017.48
Karnataka,Mysuru,Agricultural Market,Groundnut,2020-07-01,5164.62,6062.82,5613.72
Karnataka,Mysuru,Agricultural Market,Groundnut,2020-08-01,4479.0,5257.96,4868.48
Karnataka,Mysuru,Central Mandi,Groundnut,2020-09-01,5118.61,6008.8,5563.7
Karnataka,Mysuru,Agricultural Market,Groundnut,2020-10-01,4660.07,5470.51,5065.29
Karnataka,Mysuru,Agricultural Market,Groundnut,2020-11-01,5285.03,6204.17,5744.6
Karnataka,Mysuru,Agricultural Market,Groundnut,2020-12-01,4858.86,5703.88,5281.37
Karnataka,Mysuru,Main Market,Groundnut,2021-01-01,5070.06,5951.81,5510.93
Karnataka,Mysuru,Main Market,Groundnut,2021-02-01,5265.16,6180.84,5723.0
Karnataka,Mysuru,Central Mandi,Groundnut,2021-03-01,5412.02,6353.24,5882.63
Karnataka,Mysuru,Main Market,Groundnut,2021-04-01,5495.17,6450.85,5973.01
Karnataka,Mysuru,Main Market,Groundnut,2021-05-01,5879.9,6902.49,6391.19
Karnataka,Mysuru,Agricultural Market,Groundnut,2021-06-01,5873.16,6894.58,6383.87
Karnataka,Mysuru,Agricultural Market,Groundnut,2021-07-01,5193.01,6096.14,5644.57
Karnataka,Mysuru,Main Market,Groundnut,2021-08-01,5108.89,5997.39,5553.14
Karnataka,Mysuru,Central Mandi,Groundnut,2021-09-01,4209.32,4941.37,4575.34
Karnataka,Mysuru,Agricultural Market,Groundnut,2021-10-01,4792.54,5626.03,5209.28
Karnataka,Mysuru,Main Market,Groundnut,2021-11-01,4385.49,5148.18,4766.84
Karnataka,Mysuru,Central Mandi,Groundnut,2021-12-01,5080.74,5964.34,5522.54
Karnataka,Mysuru,Agricultural Market,Groundnut,2022-01-01,5666.43,6651.9,6159.16
Karnataka,Mysuru,Agricultural Market,Groundnut,2022-02-01,5831.59,6845.78,6338.69
Karnataka,Mysuru,Agricultural Market,Groundnut,2022-03-01,6229.46,7312.85,6771.16
Karnataka,Mysuru,Agricultural Market,Groundnut,2022-04-01,6316.26,7414.74,6865.5
Karnataka,Mysuru,Agricultural Market,Groundnut,2022-05-01,5832.57,6846.94,6339.76
Karnataka,Mysuru,Agricultural Market,Groundnut,2022-06-01,5492.72,6447.97,5970.35
Karnataka,Mysuru,Central Mandi,Groundnut,2022-07-01,5769.35,6772.72,6271.04
Karnataka,Mysuru,Central Mandi,Groundnut,2022-08-01,5196.31,6100.02,5648.17
Karnataka,Mysuru,Central Mandi,Groundnut,2022-09-01,4612.9,5415.14,5014.02
Karnataka,Mysuru,Main Market,Groundnut,2022-10-01,4545.67,5336.22,4940.94
Karnataka,Mysuru,Agricultural Market,Groundnut,2022-11-01,4787.96,5620.65,5204.3
Karnataka,Mysuru,Central Mandi,Groundnut,2022-12-01,5163.9,6061.97,5612.94
Karnataka,Mysuru,Agricultural Market,Groundnut,2023-01-01,5577.22,6547.17,6062.19
Karnataka,Mysuru,Central Mandi,Groundnut,2023-02-01,5705.5,6697.76,6201.63
Karnataka,Mysuru,Main Market,Groundnut,2023-03-01,6095.05,7155.06,6625.05
Karnataka,Mysuru,Agricultural Market,Groundnut,2023-04-01,6514.86,7647.88,7081.37
Karnataka,Mysuru,Agricultural Market,Groundnut,2023-05-01,5965.11,7002.52,6483.81
Karnataka,Mysuru,Main Market,Groundnut,2023-06-01,6075.93,7132.61,6604.27
Karnataka,Mysuru,Central Mandi,Groundnut,2023-07-01,5383.83,6320.15,5851.99
Karnataka,Mysuru,Main Market,Groundnut,2023-08-01,5460.1,6409.69,5934.89
Karnataka,Mysuru,Central Mandi,Groundnut,2023-09-01,4740.64,5565.09,5152.87
Karnataka,Mysuru,Central Mandi,Groundnut,2023-10-01,4787.14,5619.68,5203.41
Karnataka,Mysuru,Main Market,Groundnut,2023-11-01,4597.27,5396.8,4997.04
Karnataka,Mysuru,Central Mandi,Groundnut,2023-12-01,5461.83,6411.72,5936.77
Karnataka,Mysuru,Agricultural Market,Groundnut,2024-01-01,6105.81,7167.69,6636.75
Karnataka,Mysuru,Main Market,Groundnut,2024-02-01,5966.4,7004.03,6485.21
Karnataka,Mysuru,Main Market,Groundnut,2024-03-01,6471.85,7597.39,7034.62
Karnataka,Mysuru,Central Mandi,Groundnut,2024-04-01,6330.24,7431.15,6880.7
Karnataka,Mysuru,Agricultural Market,Groundnut,2024-05-01,6556.31,7696.53,7126.42
Karnataka,Mysuru,Main Market,Groundnut,2024-06-01,6412.74,7528.0,6970.37
Karnataka,Mysuru,Main Market,Groundnut,2024-07-01,6055.66,7108.82,6582.24
Karnataka,Mysuru,Central Mandi,Groundnut,2024-08-01,5514.92,6474.03,5994.48
Karnataka,Mysuru,Main Market,Groundnut,2024-09-01,4801.17,5636.15,5218.66
Karnataka,Mysuru,Central Mandi,Groundnut,2024-10-01,5092.08,5977.66,5534.87
Karnataka,Mysuru,Main Market,Groundnut,2024-11-01,5323.23,6249.01,5786.12
Karnataka,Mysuru,Main Market,Groundnut,2024-12-01,5003.2,5873.32,5438.26
Karnataka,Mysuru,Central Mandi,Groundnut,2025-01-01,5871.76,6892.93,6382.34
Karnataka,Mysuru,Agricultural Market,Groundnut,2025-02-01,5734.64,6731.97,6233.31
Karnataka,Mysuru,Central Mandi,Groundnut,2025-03-01,6933.02,8138.77,7535.89
Karnataka,Mysuru,Central Mandi,Groundnut,2025-04-01,6693.13,7857.15,7275.14
Karnataka,Mysuru,Agricultural Market,Groundnut,2025-05-01,6258.11,7346.48,6802.29
Karnataka,Mysuru,Agricultural Market,Groundnut,2025-06-01,5763.64,6766.01,6264.82
Karnataka,Mysuru,Central Mandi,Groundnut,2025-07-01,5708.97,6701.83,6205.4
Karnataka,Mysuru,Main Market,Groundnut,2025-08-01,5358.21,6290.07,5824.14
Karnataka,Mysuru,Agricultural Market,Groundnut,2025-09-01,5384.21,6320.59,5852.4
Karnataka,Mysuru,Agricultural Market,Groundnut,2025-10-01,4667.05,5478.71,5072.88
Karnataka,Mysuru,Central Mandi,Groundnut,2025-11-01,5149.48,6045.05,5597.27
Karnataka,Mysuru,Central Mandi,Groundnut,2025-12-01,5430.22,6374.61,5902.41
Karnataka,Mysuru,Main Market,Chilli,2020-01-01,9723.09,11414.06,10568.58
Karnataka,Mysuru,Main Market,Chilli,2020-02-01,9763.1,11461.03,10612.06
Karnataka,Mysuru,Central Mandi,Chilli,2020-03-01,10448.95,12266.16,11357.56
Karnataka,Mysuru,Central Mandi,Chilli,2020-04-01,10539.11,12372.0,11455.55
Karnataka,Mysuru,Main Market,Chilli,2020-05-01,10483.69,12306.94,11395.32
Karnataka,Mysuru,Central Mandi,Chilli,2020-06-01,11010.64,12925.54,11968.09
Karnataka,Mysuru,Central Mandi,Chilli,2020-07-01,9540.27,11199.45,10369.86
Karnataka,Mysuru,Central Mandi,Chilli,2020-08-01,9912.77,11636.73,10774.75
Karnataka,Mysuru,Central Mandi,Chilli,2020-09-01,9381.9,11013.54,10197.72
Karnataka,Mysuru,Central Mandi,Chilli,2020-10-01,8292.77,9734.99,9013.88
Karnataka,Mysuru,Main Market,Chilli,2020-11-01,8121.7,9534.18,8827.94
Karnataka,Mysuru,Main Market,Chilli,2020-12-01,9566.19,11229.88,10398.04
Karnataka,Mysuru,Central Mandi,Chilli,2021-01-01,9830.83,11540.54,10685.68
Karnataka,Mysuru,Agricultural Market,Chilli,2021-02-01,10481.33,12304.16,11392.75
Karnataka,Mysuru,Agricultural Market,Chilli,2021-03-01,10915.39,12813.72,11864.55
Karnataka,Mysuru,Agricultural Market,Chilli,2021-04-01,11226.67,13179.14,12202.9
Karnataka,Mysuru,Main Market,Chilli,2021-05-01,11390.64,13371.62,12381.13
Karnataka,Mysuru,Main Market,Chilli,2021-06-01,11115.23,13048.31,12081.77
Karnataka,Mysuru,Agricultural Market,Chilli,2021-07-01,10553.3,12388.66,11470.98
Karnataka,Mysuru,Agricultural Market,Chilli,2021-08-01,9169.38,10764.05,9966.71
Karnataka,Mysuru,Central Mandi,Chilli,2021-09-01,8249.14,9683.77,8966.46
Karnataka,Mysuru,Main Market,Chilli,2021-10-01,8892.64,10439.18,9665.91
Karnataka,Mysuru,Central Mandi,Chilli,2021-11-01,7642.36,8971.47,8306.92
Karnataka,Mysuru,Central Mandi,Chilli,2021-12-01,9383.59,11015.51,10199.55
Karnataka,Mysuru,Main Market,Chilli,2022-01-01,9735.28,11428.37,10581.82
Karnataka,Mysuru,Main Market,Chilli,2022-02-01,10667.32,12522.51,11594.92
Karnataka,Mysuru,Agricultural Market,Chilli,2022-03-01,10149.78,11914.96,11032.37
Karnataka,Mysuru,Main Market,Chilli,2022-04-01,10901.09,12796.93,11849.01
Karnataka,Mysuru,Main Market,Chilli,2022-05-01,12025.69,14117.12,13071.41
Karnataka,Mysuru,Agricultural Market,Chilli,2022-06-01,10368.06,12171.21,11269.64
Karnataka,Mysuru,Central Mandi,Chilli,2022-07-01,9565.27,11228.8,10397.04
Karnataka,Mysuru,Agricultural Market,Chilli,2022-08-01,9996.44,11734.95,10865.7
Karnataka,Mysuru,Agricultural Market,Chilli,2022-09-01,9724.44,11415.64,10570.04
Karnataka,Mysuru,Main Market,Chilli,2022-10-01,8982.52,10544.7,9763.61
Karnataka,Mysuru,Main Market,Chilli,2022-11-01,9938.82,11667.31,10803.06
Karnataka,Mysuru,Main Market,Chilli,2022-12-01,9966.95,11700.34,10833.65
Karnataka,Mysuru,Main Market,Chilli,2023-01-01,9271.14,10883.51,10077.32
Karnataka,Mysuru,Agricultural Market,Chilli,2023-02-01,10653.44,12506.22,11579.83
Karnataka,Mysuru,Agricultural Market,Chilli,2023-03-01,11995.03,14081.13,13038.08
Karnataka,Mysuru,Central Mandi,Chilli,2023-04-01,11818.51,13873.9,12846.21
Karnataka,Mysuru,Agricultural Market,Chilli,2023-05-01,11899.89,13969.44,12934.67
Karnataka,Mysuru,Central Mandi,Chilli,2023-06-01,10832.26,12716.14,11774.2
Karnataka,Mysuru,Agricultural Market,Chilli,2023-07-01,9525.35,11181.94,10353.64
Karnataka,Mysuru,Main Market,Chilli,2023-08-01,9893.08,11613.61,10753.35
Karnataka,Mysuru,Main Market,Chilli,2023-09-01,9959.53,11691.62,10825.57
Karnataka,Mysuru,Agricultural Market,Chilli,2023-10-01,9107.78,10691.74,9899.76
Karnataka,Mysuru,Main Market,Chilli,2023-11-01,9160.57,10753.71,9957.14
Karnataka,Mysuru,Central Mandi,Chilli,2023-12-01,9734.55,11427.52,10581.03
Karnataka,Mysuru,Agricultural Market,Chilli,2024-01-01,10872.82,12763.74,11818.28
Karnataka,Mysuru,Main Market,Chilli,2024-02-01,10564.38,12401.66,11483.02
Karnataka,Mysuru,Central Mandi,Chilli,2024-03-01,11840.04,13899.17,12869.61
Karnataka,Mysuru,Central Mandi,Chilli,2024-04-01,11878.09,13943.85,12910.97
Karnataka,Mysuru,Agricultural Market,Chilli,2024-05-01,11009.17,12923.8,11966.48
Karnataka,Mysuru,Main Market,Chilli,2024-06-01,11381.66,13361.08,12371.37
Karnataka,Mysuru,Agricultural Market,Chilli,2024-07-01,9739.81,11433.69,10586.75
Karnataka,Mysuru,Main Market,Chilli,2024-08-01,9582.47,11248.99,10415.73
Karnataka,Mysuru,Central Mandi,Chilli,2024-09-01,8929.22,10482.13,9705.68
Karnataka,Mysuru,Central Mandi,Chilli,2024-10-01,9799.97,11504.31,10652.14
Karnataka,Mysuru,Main Market,Chilli,2024-11-01,10438.77,12254.21,11346.49
Karnataka,Mysuru,Main Market,Chilli,2024-12-01,9671.24,11353.19,10512.21
Karnataka,Mysuru,Main Market,Chilli,2025-01-01,10312.23,12105.67,11208.95
Karnataka,Mysuru,Agricultural Market,Chilli,2025-02-01,12236.88,14365.04,13300.96
Karnataka,Mysuru,Main Market,Chilli,2025-03-01,10961.26,12867.56,11914.41
Karnataka,Mysuru,Agricultural Market,Chilli,2025-04-01,11807.15,13860.57,12833.86
Karnataka,Mysuru,Central Mandi,Chilli,2025-05-01,12645.88,14845.17,13745.53
Karnataka,Mysuru,Agricultural Market,Chilli,2025-06-01,11587.13,13602.28,12594.71
Karnataka,Mysuru,Main Market,Chilli,2025-07-01,11720.42,13758.75,12739.58
Karnataka,Mysuru,Central Mandi,Chilli,2025-08-01,9911.17,11634.85,10773.01
Karnataka,Mysuru,Central Mandi,Chilli,2025-09-01,9662.24,11342.63,10502.44
Karnataka,Mysuru,Main Market,Chilli,2025-10-01,9722.42,11413.27,10567.85
Karnataka,Mysuru,Central Mandi,Chilli,2025-11-01,9863.07,11578.39,10720.73
Karnataka,Mysuru,Main Market,Chilli,2025-12-01,11032.72,12951.45,11992.09
Karnataka,Belagavi,Central Mandi,Rice,2020-01-01,1912.2,2244.76,2078.48
Karnataka,Belagavi,Main Market,Rice,2020-02-01,2142.3,2514.87,2328.59
Karnataka,Belagavi,Agricultural Market,Rice,2020-03-01,2320.02,2723.51,2521.76
Karnataka,Belagavi,Agricultural Market,Rice,2020-04-01,2223.55,2610.26,2416.9
Karnataka,Belagavi,Central Mandi,Rice,2020-05-01,2383.83,2798.41,2591.12
Karnataka,Belagavi,Central Mandi,Rice,2020-06-01,2163.79,2540.1,2351.95
Karnataka,Belagavi,Agricultural Market,Rice,2020-07-01,1973.13,2316.29,2144.71
Karnataka,Belagavi,Agricultural Market,Rice,2020-08-01,1801.34,2114.62,1957.98
Karnataka,Belagavi,Central Mandi,Rice,2020-09-01,1824.36,2141.64,1983.0
Karnataka,Belagavi,Agricultural Market,Rice,2020-10-01,1732.15,2033.4,1882.77
Karnataka,Belagavi,Agricultural Market,Rice,2020-11-01,1955.09,2295.11,2125.1
Karnataka,Belagavi,Agricultural Market,Rice,2020-12-01,1829.36,2147.51,1988.44
Karnataka,Belagavi,Main Market,Rice,2021-01-01,2138.26,2510.13,2324.19
Karnataka,Belagavi,Main Market,Rice,2021-02-01,2267.44,2661.78,2464.61
Karnataka,Belagavi,Agricultural Market,Rice,2021-03-01,2491.57,2924.88,2708.22
Karnataka,Belagavi,Central Mandi,Rice,2021-04-01,2228.83,2616.45,2422.64
Karnataka,Belagavi,Central Mandi,Rice,2021-05-01,2179.56,2558.62,2369.09
Karnataka,Belagavi,Agricultural Market,Rice,2021-06-01,2370.0,2782.18,2576.09
Karnataka,Belagavi,Main Market,Rice,2021-07-01,2097.29,2462.04,2279.67
Karnataka,Belagavi,Main Market,Rice,2021-08-01,2080.15,2441.91,2261.03
Karnataka,Belagavi,Central Mandi,Rice,2021-09-01,1967.6,2309.79,2138.7
Karnataka,Belagavi,Agricultural Market,Rice,2021-10-01,1793.16,2105.02,1949.09
Karnataka,Belagavi,Central Mandi,Rice,2021-11-01,2023.92,2375.91,2199.91
Karnataka,Belagavi,Main Market,Rice,2021-12-01,2028.34,2381.09,2204.72
Karnataka,Belagavi,Agricultural Market,Rice,2022-01-01,2147.01,2520.4,2333.7
Karnataka,Belagavi,Main Market,Rice,2022-02-01,2224.49,2611.36,2417.93
Karnataka,Belagavi,Main Market,Rice,2022-03-01,2459.01,2886.67,2672.84
Karnataka,Belagavi,Agricultural Market,Rice,2022-04-01,2178.66,2557.55,2368.1
Karnataka,Belagavi,Main Market,Rice,2022-05-01,2567.88,3014.47,2791.18
Karnataka,Belagavi,Main Market,Rice,2022-06-01,2319.32,2722.68,2521.0
Karnataka,Belagavi,Main Market,Rice,2022-07-01,2310.5,2712.33,2511.41
Karnataka,Belagavi,Agricultural Market,Rice,2022-08-01,1973.56,2316.79,2145.17
Karnataka,Belagavi,Agricultural Market,Rice,2022-09-01,1833.95,2152.9,1993.42
Karnataka,Belagavi,Main Market,Rice,2022-10-01,1752.11,2056.83,1904.47
Karnataka,Belagavi,Central Mandi,Rice,2022-11-01,1744.81,2048.25,1896.53
Karnataka,Belagavi,Agricultural Market,Rice,2022-12-01,1939.3,2276.57,2107.94
Karnataka,Belagavi,Main Market,Rice,2023-01-01,2334.25,2740.21,2537.23
Karnataka,Belagavi,Central Mandi,Rice,2023-02-01,2269.32,2663.99,2466.66
Karnataka,Belagavi,Agricultural Market,Rice,2023-03-01,2401.7,2819.39,2610.55
Karnataka,Belagavi,Agricultural Market,Rice,2023-04-01,2413.15,2832.83,2622.99
Karnataka,Belagavi,Agricultural Market,Rice,2023-05-01,2293.04,2691.83,2492.44
Karnataka,Belagavi,Main Market,Rice,2023-06-01,2425.1,2846.86,2635.98
Karnataka,Belagavi,Agricultural Market,Rice,2023-07-01,2146.13,2519.37,2332.75
Karnataka,Belagavi,Central Mandi,Rice,2023-08-01,1991.26,2337.57,2164.41
Karnataka,Belagavi,Central Mandi,Rice,2023-09-01,1993.77,2340.52,2167.14
Karnataka,Belagavi,Central Mandi,Rice,2023-10-01,1812.19,2127.36,1969.78
Karnataka,Belagavi,Central Mandi,Rice,2023-11-01,2056.43,2414.06,2235.24
Karnataka,Belagavi,Central Mandi,Rice,2023-12-01,2110.0,2476.95,2293.47
Karnataka,Belagavi,Main Market,Rice,2024-01-01,2222.07,2608.51,2415.29
Karnataka,Belagavi,Agricultural Market,Rice,2024-02-01,2344.83,2752.63,2548.73
Karnataka,Belagavi,Central Mandi,Rice,2024-03-01,2236.72,2625.72,2431.22
Karnataka,Belagavi,Agricultural Market,Rice,2024-04-01,2502.4,2937.6,2720.0
Karnataka,Belagavi,Main Market,Rice,2024-05-01,2468.47,2897.77,2683.12
Karnataka,Belagavi,Main Market,Rice,2024-06-01,2505.92,2941.73,2723.82
Karnataka,Belagavi,Main Market,Rice,2024-07-01,2190.9,2571.92,2381.41
Karnataka,Belagavi,Main Market,Rice,2024-08-01,2174.24,2552.37,2363.3
Karnataka,Belagavi,Central Mandi,Rice,2024-09-01,2024.94,2377.1,2201.02
Karnataka,Belagavi,Central Mandi,Rice,2024-10-01,1996.11,2343.26,2169.68
Karnataka,Belagavi,Agricultural Market,Rice,2024-11-01,1959.67,2300.49,2130.08
Karnataka,Belagavi,Main Market,Rice,2024-12-01,2044.75,2400.36,2222.56
Karnataka,Belagavi,Agricultural Market,Rice,2025-01-01,2415.38,2835.45,2625.42
Karnataka,Belagavi,Agricultural Market,Rice,2025-02-01,2363.5,2774.55,2569.03
Karnataka,Belagavi,Agricultural Market,Rice,2025-03-01,2447.17,2872.76,2659.96
Karnataka,Belagavi,Main Market,Rice,2025-04-01,2718.55,3191.34,2954.95
Karnataka,Belagavi,Agricultural Market,Rice,2025-05-01,2371.7,2784.17,2577.94
Karnataka,Belagavi,Central Mandi,Rice,2025-06-01,2352.8,2761.99,2557.39
Karnataka,Belagavi,Central Mandi,Rice,2025-07-01,2378.02,2791.59,2584.8
Karnataka,Belagavi,Main Market,Rice,2025-08-01,2113.49,2481.05,2297.27
Karnataka,Belagavi,Central Mandi,Rice,2025-09-01,1979.64,2323.92,2151.78
Karnataka,Belagavi,Agricultural Market,Rice,2025-10-01,2133.18,2504.17,2318.68
Karnataka,Belagavi,Central Mandi,Rice,2025-11-01,2021.16,2372.66,2196.91
Karnataka,Belagavi,Agricultural Market,Rice,2025-12-01,2132.6,2503.48,2318.04
Karnataka,Belagavi,Main Market,Maize,2020-01-01,1832.47,2151.16,1991.82
Karnataka,Belagavi,Agricultural Market,Maize,2020-02-01,1794.9,2107.06,1950.98
Karnataka,Belagavi,Central Mandi,Maize,2020-03-01,2075.11,2436.0,2255.56
Karnataka,Belagavi,Agricultural Market,Maize,2020-04-01,2163.68,2539.97,2351.82
Karnataka,Belagavi,Central Mandi,Maize,2020-05-01,1899.55,2229.91,2064.73
Karnataka,Belagavi,Central Mandi,Maize,2020-06-01,1673.49,1964.53,1819.01
Karnataka,Belagavi,Main Market,Maize,2020-07-01,1790.01,2101.32,1945.66
Karnataka,Belagavi,Central Mandi,Maize,2020-08-01,1715.53,2013.88,1864.71
Karnataka,Belagavi,Central Mandi,Maize,2020-09-01,1581.04,1856.0,1718.52
Karnataka,Belagavi,Agricultural Market,Maize,2020-10-01,1535.29,1802.3,1668.8
Karnataka,Belagavi,Agricultural Market,Maize,2020-11-01,1485.45,1743.79,1614.62
Karnataka,Belagavi,Agricultural Market,Maize,2020-12-01,1726.82,2027.14,1876.98
Karnataka,Belagavi,Central Mandi,Maize,2021-01-01,1681.24,1973.63,1827.44
Karnataka,Belagavi,Agricultural Market,Maize,2021-02-01,1721.13,2020.45,1870.79
Karnataka,Belagavi,Main Market,Maize,2021-03-01,1905.18,2236.52,2070.85
Karnataka,Belagavi,Agricultural Market,Maize,2021-04-01,1852.7,2174.91,2013.8
Karnataka,Belagavi,Main Market,Maize,2021-05-01,1909.04,2241.05,2075.04
Karnataka,Belagavi,Central Mandi,Maize,2021-06-01,1888.72,2217.19,2052.95
Karnataka,Belagavi,Agricultural Market,Maize,2021-07-01,1923.5,2258.02,2090.76
Karnataka,Belagavi,Main Market,Maize,2021-08-01,1666.8,1956.68,1811.74
Karnataka,Belagavi,Main Market,Maize,2021-09-01,1702.05,1998.06,1850.05
Karnataka,Belagavi,Agricultural Market,Maize,2021-10-01,1482.47,1740.29,1611.38
Karnataka,Belagavi,Main Market,Maize,2021-11-01,1634.12,1918.32,1776.22
Karnataka,Belagavi,Main Market,Maize,2021-12-01,1730.68,2031.67,1881.17
Karnataka,Belagavi,Central Mandi,Maize,2022-01-01,1688.81,1982.52,1835.66
Karnataka,Belagavi,Agricultural Market,Maize,2022-02-01,1754.49,2059.62,1907.06
Karnataka,Belagavi,Main Market,Maize,2022-03-01,2048.2,2404.4,2226.3
Karnataka,Belagavi,Main Market,Maize,2022-04-01,1946.45,2284.96,2115.71
Karnataka,Belagavi,Main Market,Maize,2022-05-01,1971.36,2314.21,2142.79
Karnataka,Belagavi,Central Mandi,Maize,2022-06-01,1878.43,2205.11,2041.77
Karnataka,Belagavi,Main Market,Maize,2022-07-01,1765.19,2072.18,1918.68
Karnataka,Belagavi,Main Market,Maize,2022-08-01,1719.87,2018.98,1869.42
Karnataka,Belagavi,Main Market,Maize,2022-09-01,1751.13,2055.67,1903.4
Karnataka,Belagavi,Main Market,Maize,2022-10-01,1498.56,1759.18,1628.87
Karnataka,Belagavi,Central Mandi,Maize,2022-11-01,1777.49,2086.62,1932.06
Karnataka,Belagavi,Main Market,Maize,2022-12-01,1761.5,2067.85,1914.67
Karnataka,Belagavi,Agricultural Market,Maize,2023-01-01,1872.94,2198.67,2035.8
Karnataka,Belagavi,Central Mandi,Maize,2023-02-01,1984.05,2329.1,2156.57
Karnataka,Belagavi,Agricultural Market,Maize,2023-03-01,1900.33,2230.82,2065.58
Karnataka,Belagavi,Central Mandi,Maize,2023-04-01,2390.65,2806.41,2598.53
Karnataka,Belagavi,Central Mandi,Maize,2023-05-01,2297.29,2696.82,2497.06
Karnataka,Belagavi,Central Mandi,Maize,2023-06-01,2067.51,2427.08,2247.29
Karnataka,Belagavi,Agricultural Market,Maize,2023-07-01,2020.47,2371.86,2196.17
Karnataka,Belagavi,Main Market,Maize,2023-08-01,1600.42,1878.75,1739.59
Karnataka,Belagavi,Main Market,Maize,2023-09-01,1781.84,2091.73,1936.79
Karnataka,Belagavi,Central Mandi,Maize,2023-10-01,1680.36,1972.6,1826.48
Karnataka,Belagavi,Main Market,Maize,2023-11-01,1494.18,1754.04,1624.11
Karnataka,Belagavi,Main Market,Maize,2023-12-01,1871.0,2196.39,2033.7
Karnataka,Belagavi,Main Market,Maize,2024-01-01,1828.36,2146.34,1987.35
Karnataka,Belagavi,Main Market,Maize,2024-02-01,2079.83,2441.54,2260.69
Karnataka,Belagavi,Central Mandi,Maize,2024-03-01,2051.55,2408.34,2229.95
Karnataka,Belagavi,Main Market,Maize,2024-04-01,2211.12,2595.66,2403.39
Karnataka,Belagavi,Agricultural Market,Maize,2024-05-01,2180.51,2559.72,2370.12
Karnataka,Belagavi,Central Mandi,Maize,2024-06-01,1985.27,2330.53,2157.9
Karnataka,Belagavi,Agricultural Market,Maize,2024-07-01,1858.23,2181.4,2019.82
Karnataka,Belagavi,Agricultural Market,Maize,2024-08-01,1768.8,2076.42,1922.61
Karnataka,Belagavi,Main Market,Maize,2024-09-01,1699.58,1995.16,1847.37
Karnataka,Belagavi,Agricultural Market,Maize,2024-10-01,1512.83,1775.93,1644.38
Karnataka,Belagavi,Main Market,Maize,2024-11-01,1805.12,2119.05,1962.08
Karnataka,Belagavi,Main Market,Maize,2024-12-01,1953.04,2292.69,2122.87
Karnataka,Belagavi,Agricultural Market,Maize,2025-01-01,1858.23,2181.4,2019.82
Karnataka,Belagavi,Agricultural Market,Maize,2025-02-01,2202.94,2586.06,2394.5
Karnataka,Belagavi,Main Market,Maize,2025-03-01,1970.92,2313.69,2142.3
Karnataka,Belagavi,Main Market,Maize,2025-04-01,2300.6,2700.71,2500.65
Karnataka,Belagavi,Main Market,Maize,2025-05-01,2354.68,2764.19,2559.44
Karnataka,Belagavi,Agricultural Market,Maize,2025-06-01,2035.47,2389.46,2212.46
Karnataka,Belagavi,Central Mandi,Maize,2025-07-01,1899.89,2230.3,2065.1
Karnataka,Belagavi,Main Market,Maize,2025-08-01,1823.28,2140.38,1981.83
Karnataka,Belagavi,Agricultural Market,Maize,2025-09-01,1684.6,1977.57,1831.08
Karnataka,Belagavi,Main Market,Maize,2025-10-01,1733.61,2035.11,1884.36
Karnataka,Belagavi,Main Market,Maize,2025-11-01,1795.62,2107.9,1951.76
Karnataka,Belagavi,Agricultural Market,Maize,2025-12-01,1941.34,2278.96,2110.15
Karnataka,Belagavi,Agricultural Market,Cotton,2020-01-01,5994.57,7037.1,6515.83
Karnataka,Belagavi,Central Mandi,Cotton,2020-02-01,6372.4,7480.64,6926.52
Karnataka,Belagavi,Agricultural Market,Cotton,2020-03-01,6765.11,7941.65,7353.38
Karnataka,Belagavi,Central Mandi,Cotton,2020-04-01,6587.04,7732.61,7159.82
Karnataka,Belagavi,Main Market,Cotton,2020-05-01,7304.03,8574.3,7939.16
Karnataka,Belagavi,Main Market,Cotton,2020-06-01,6999.4,8216.68,7608.04
Karnataka,Belagavi,Central Mandi,Cotton,2020-07-01,6539.96,7677.34,7108.65
Karnataka,Belagavi,Main Market,Cotton,2020-08-01,6280.56,7372.84,6826.7
Karnataka,Belagavi,Agricultural Market,Cotton,2020-09-01,5938.27,6971.01,6454.64
Karnataka,Belagavi,Agricultural Market,Cotton,2020-10-01,5479.17,6432.07,5955.62
Karnataka,Belagavi,Main Market,Cotton,2020-11-01,5265.36,6181.07,5723.22
Karnataka,Belagavi,Main Market,Cotton,2020-12-01,5858.08,6876.88,6367.48
Karnataka,Belagavi,Central Mandi,Cotton,2021-01-01,6051.94,7104.45,6578.19
Karnataka,Belagavi,Main Market,Cotton,2021-02-01,6436.97,7556.44,6996.71
Karnataka,Belagavi,Agricultural Market,Cotton,2021-03-01,6904.02,8104.72,7504.37
Karnataka,Belagavi,Central Mandi,Cotton,2021-04-01,7021.47,8242.6,7632.04
Karnataka,Belagavi,Agricultural Market,Cotton,2021-05-01,6822.24,8008.72,7415.48
Karnataka,Belagavi,Main Market,Cotton,2021-06-01,6361.3,7467.61,6914.45
Karnataka,Belagavi,Agricultural Market,Cotton,2021-07-01,6491.85,7620.87,7056.36
Karnataka,Belagavi,Agricultural Market,Cotton,2021-08-01,6228.81,7312.08,6770.45
Karnataka,Belagavi,Central Mandi,Cotton,2021-09-01,5564.45,6532.18,6048.31
Karnataka,Belagavi,Agricultural Market,Cotton,2021-10-01,5913.45,6941.88,6427.67
Karnataka,Belagavi,Agricultural Market,Cotton,2021-11-01,5903.76,6930.5,6417.13
Karnataka,Belagavi,Central Mandi,Cotton,2021-12-01,5915.14,6943.86,6429.5
Karnataka,Belagavi,Central Mandi,Cotton,2022-01-01,6498.33,7628.47,7063.4
Karnataka,Belagavi,Central Mandi,Cotton,2022-02-01,7524.18,8832.74,8178.46
Karnataka,Belagavi,Agricultural Market,Cotton,2022-03-01,7449.87,8745.5,8097.68
Karnataka,Belagavi,Agricultural Market,Cotton,2022-04-01,7641.83,8970.85,8306.34
Karnataka,Belagavi,Main Market,Cotton,2022-05-01,7661.31,8993.71,8327.51
Karnataka,Belagavi,Main Market,Cotton,2022-06-01,7116.42,8354.06,7735.24
Karnataka,Belagavi,Main Market,Cotton,2022-07-01,6653.1,7810.17,7231.63
Karnataka,Belagavi,Central Mandi,Cotton,2022-08-01,5899.68,6925.71,6412.7
Karnataka,Belagavi,Agricultural Market,Cotton,2022-09-01,6187.46,7263.54,6725.5
Karnataka,Belagavi,Agricultural Market,Cotton,2022-10-01,4966.78,5830.56,5398.67
Karnataka,Belagavi,Main Market,Cotton,2022-11-01,6083.38,7141.36,6612.37
Karnataka,Belagavi,Central Mandi,Cotton,2022-12-01,6061.97,7116.22,6589.1
Karnataka,Belagavi,Central Mandi,Cotton,2023-01-01,6763.45,7939.71,7351.58
Karnataka,Belagavi,Agricultural Market,Cotton,2023-02-01,7184.92,8434.47,7809.7
Karnataka,Belagavi,Main Market,Cotton,2023-03-01,7693.74,9031.78,8362.76
Karnataka,Belagavi,Main Market,Cotton,2023-04-01,7841.91,9205.72,8523.82
Karnataka,Belagavi,Central Mandi,Cotton,2023-05-01,7442.73,8737.12,8089.93
Karnataka,Belagavi,Central Mandi,Cotton,2023-06-01,7062.13,8290.33,7676.23
Karnataka,Belagavi,Main Market,Cotton,2023-07-01,6714.41,7882.13,7298.27
Karnataka,Belagavi,Central Mandi,Cotton,2023-08-01,6370.13,7477.98,6924.05
Karnataka,Belagavi,Agricultural Market,Cotton,2023-09-01,6398.22,7510.96,6954.59
Karnataka,Belagavi,Main Market,Cotton,2023-10-01,6057.75,7111.27,6584.51
Karnataka,Belagavi,Central Mandi,Cotton,2023-11-01,5914.85,6943.52,6429.18
Karnataka,Belagavi,Main Market,Cotton,2023-12-01,6522.46,7656.8,7089.63
Karnataka,Belagavi,Main Market,Cotton,2024-01-01,7018.85,8239.52,7629.18
Karnataka,Belagavi,Agricultural Market,Cotton,2024-02-01,7017.89,8238.4,7628.14
Karnataka,Belagavi,Agricultural Market,Cotton,2024-03-01,8434.27,9901.09,9167.68
Karnataka,Belagavi,Main Market,Cotton,2024-04-01,7366.16,8647.23,8006.69
Karnataka,Belagavi,Main Market,Cotton,2024-05-01,7285.07,8552.03,7918.55
Karnataka,Belagavi,Agricultural Market,Cotton,2024-06-01,6492.11,7621.17,7056.64
Karnataka,Belagavi,Main Market,Cotton,2024-07-01,6637.03,7791.3,7214.16
Karnataka,Belagavi,Agricultural Market,Cotton,2024-08-01,6730.98,7901.58,7316.28
Karnataka,Belagavi,Agricultural Market,Cotton,2024-09-01,7093.89,8327.61,7710.75
Karnataka,Belagavi,Central Mandi,Cotton,2024-10-01,5765.08,6767.7,6266.39
Karnataka,Belagavi,Main Market,Cotton,2024-11-01,6530.24,7665.93,7098.08
Karnataka,Belagavi,Main Market,Cotton,2024-12-01,6917.77,8120.86,7519.32
Karnataka,Belagavi,Agricultural Market,Cotton,2025-01-01,6959.62,8169.99,7564.81
Karnataka,Belagavi,Agricultural Market,Cotton,2025-02-01,7117.72,8355.58,7736.65
Karnataka,Belagavi,Central Mandi,Cotton,2025-03-01,7636.02,8964.03,8300.02
Karnataka,Belagavi,Main Market,Cotton,2025-04-01,7789.93,9144.7,8467.32
Karnataka,Belagavi,Central Mandi,Cotton,2025-05-01,7219.46,8475.02,7847.24
Karnataka,Belagavi,Central Mandi,Cotton,2025-06-01,7644.06,8973.46,8308.76
Karnataka,Belagavi,Agricultural Market,Cotton,2025-07-01,7072.1,8302.03,7687.07
Karnataka,Belagavi,Central Mandi,Cotton,2025-08-01,6399.72,7512.72,6956.22
Karnataka,Belagavi,Main Market,Cotton,2025-09-01,6615.68,7766.24,7190.96
Karnataka,Belagavi,Main Market,Cotton,2025-10-01,6575.44,7718.99,7147.21
Karnataka,Belagavi,Central Mandi,Cotton,2025-11-01,6185.93,7261.75,6723.84
Karnataka,Belagavi,Agricultural Market,Cotton,2025-12-01,7221.8,8477.77,7849.79
Karnataka,Belagavi,Agricultural Market,Groundnut,2020-01-01,4702.25,5520.04,5111.15
Karnataka,Belagavi,Main Market,Groundnut,2020-02-01,5398.85,6337.78,5868.32
Karnataka,Belagavi,Agricultural Market,Groundnut,2020-03-01,5442.85,6389.44,5916.15
Karnataka,Belagavi,Main Market,Groundnut,2020-04-01,5808.74,6818.96,6313.85
Karnataka,Belagavi,Central Mandi,Groundnut,2020-05-01,5312.68,6236.63,5774.65
Karnataka,Belagavi,Central Mandi,Groundnut,2020-06-01,5332.99,6260.47,5796.73
Karnataka,Belagavi,Central Mandi,Groundnut,2020-07-01,5330.45,6257.48,5793.97
Karnataka,Belagavi,Central Mandi,Groundnut,2020-08-01,4930.7,5788.21,5359.45
Karnataka,Belagavi,Main Market,Groundnut,2020-09-01,4403.21,5168.98,4786.09
Karnataka,Belagavi,Main Market,Groundnut,2020-10-01,4384.52,5147.04,4765.78
Karnataka,Belagavi,Main Market,Groundnut,2020-11-01,4440.64,5212.93,4826.79
Karnataka,Belagavi,Agricultural Market,Groundnut,2020-12-01,5199.93,6104.26,5652.1
Karnataka,Belagavi,Main Market,Groundnut,2021-01-01,5388.04,6325.09,5856.56
Karnataka,Belagavi,Central Mandi,Groundnut,2021-02-01,5071.44,5953.43,5512.43
Karnataka,Belagavi,Central Mandi,Groundnut,2021-03-01,5864.15,6884.0,6374.07
Karnataka,Belagavi,Agricultural Market,Groundnut,2021-04-01,5833.21,6847.68,6340.44
Karnataka,Belagavi,Main Market,Groundnut,2021-05-01,5976.29,7015.64,6495.97
Karnataka,Belagavi,Agricultural Market,Groundnut,2021-06-01,5871.01,6892.05,6381.53
Karnataka,Belagavi,Agricultural Market,Groundnut,2021-07-01,5145.9,6040.84,5593.37
Karnataka,Belagavi,Main Market,Groundnut,2021-08-01,5195.36,6098.9,5647.13
Karnataka,Belagavi,Main Market,Groundnut,2021-09-01,5001.73,5871.6,5436.67
Karnataka,Belagavi,Main Market,Groundnut,2021-10-01,4614.16,5416.62,5015.39
Karnataka,Belagavi,Central Mandi,Groundnut,2021-11-01,4635.87,5442.11,5038.99
Karnataka,Belagavi,Agricultural Market,Groundnut,2021-12-01,5026.65,5900.85,5463.75
Karnataka,Belagavi,Agricultural Market,Groundnut,2022-01-01,5868.55,6889.17,6378.86
Karnataka,Belagavi,Main Market,Groundnut,2022-02-01,5286.38,6205.75,5746.06
Karnataka,Belagavi,Main Market,Groundnut,2022-03-01,5918.59,6947.91,6433.25
Karnataka,Belagavi,Main Market,Groundnut,2022-04-01,6429.7,7547.91,6988.81
Karnataka,Belagavi,Agricultural Market,Groundnut,2022-05-01,6157.27,7228.1,6692.68
Karnataka,Belagavi,Agricultural Market,Groundnut,2022-06-01,6069.03,7124.52,6596.77
Karnataka,Belagavi,Main Market,Groundnut,2022-07-01,5120.35,6010.85,5565.6
Karnataka,Belagavi,Main Market,Groundnut,2022-08-01,5107.28,5995.5,5551.39
Karnataka,Belagavi,Main Market,Groundnut,2022-09-01,4424.69,5194.21,4809.45
Karnataka,Belagavi,Main Market,Groundnut,2022-10-01,4925.66,5782.3,5353.98
Karnataka,Belagavi,Central Mandi,Groundnut,2022-11-01,4745.67,5571.01,5158.34
Karnataka,Belagavi,Central Mandi,Groundnut,2022-12-01,5292.02,6212.37,5752.2
Karnataka,Belagavi,Agricultural Market,Groundnut,2023-01-01,5875.35,6897.15,6386.25
Karnataka,Belagavi,Agricultural Market,Groundnut,2023-02-01,5446.99,6394.29,5920.64
Karnataka,Belagavi,Agricultural Market,Groundnut,2023-03-01,6375.52,7484.3,6929.91
Karnataka,Belagavi,Main Market,Groundnut,2023-04-01,5953.17,6988.51,6470.84
Karnataka,Belagavi,Main Market,Groundnut,2023-05-01,6604.14,7752.69,7178.42
Karnataka,Belagavi,Agricultural Market,Groundnut,2023-06-01,5912.43,6940.68,6426.56
Karnataka,Belagavi,Main Market,Groundnut,2023-07-01,5671.57,6657.93,6164.75
Karnataka,Belagavi,Agricultural Market,Groundnut,2023-08-01,5114.02,6003.41,5558.72
Karnataka,Belagavi,Main Market,Groundnut,2023-09-01,4781.92,5613.55,5197.74
Karnataka,Belagavi,Central Mandi,Groundnut,2023-10-01,4651.73,5460.73,5056.23
Karnataka,Belagavi,Agricultural Market,Groundnut,2023-11-01,4894.98,5746.28,5320.63
Karnataka,Belagavi,Central Mandi,Groundnut,2023-12-01,5379.08,6314.58,5846.83
Karnataka,Belagavi,Agricultural Market,Groundnut,2024-01-01,5985.83,7026.84,6506.34
Karnataka,Belagavi,Central Mandi,Groundnut,2024-02-01,6200.86,7279.26,6740.06
Karnataka,Belagavi,Agricultural Market,Groundnut,2024-03-01,5681.12,6669.14,6175.13
Karnataka,Belagavi,Central Mandi,Groundnut,2024-04-01,7076.95,8307.72,7692.33
Karnataka,Belagavi,Main Market,Groundnut,2024-05-01,5524.33,6485.09,6004.71
Karnataka,Belagavi,Agricultural Market,Groundnut,2024-06-01,6017.68,7064.23,6540.96
Karnataka,Belagavi,Central Mandi,Groundnut,2024-07-01,5964.29,7001.56,6482.93
Karnataka,Belagavi,Agricultural Market,Groundnut,2024-08-01,5124.73,6015.98,5570.35
Karnataka,Belagavi,Main Market,Groundnut,2024-09-01,5224.09,6132.63,5678.36
Karnataka,Belagavi,Agricultural Market,Groundnut,2024-10-01,4647.17,5455.38,5051.28
Karnataka,Belagavi,Agricultural Market,Groundnut,2024-11-01,5032.98,5908.28,5470.63
Karnataka,Belagavi,Central Mandi,Groundnut,2024-12-01,5677.35,6664.71,6171.03
Karnataka,Belagavi,Agricultural Market,Groundnut,2025-01-01,5728.64,6724.93,6226.79
Karnataka,Belagavi,Main Market,Groundnut,2025-02-01,5866.03,6886.21,6376.12
Karnataka,Belagavi,Central Mandi,Groundnut,2025-03-01,6266.23,7356.01,6811.12
Karnataka,Belagavi,Agricultural Market,Groundnut,2025-04-01,6399.79,7512.79,6956.29
Karnataka,Belagavi,Main Market,Groundnut,2025-05-01,6835.7,8024.52,7430.11
Karnataka,Belagavi,Central Mandi,Groundnut,2025-06-01,6389.48,7500.69,6945.08
Karnataka,Belagavi,Main Market,Groundnut,2025-07-01,6235.13,7319.51,6777.32
Karnataka,Belagavi,Central Mandi,Groundnut,2025-08-01,5461.35,6411.15,5936.25
Karnataka,Belagavi,Central Mandi,Groundnut,2025-09-01,5207.06,6112.63,5659.84
Karnataka,Belagavi,Main Market,Groundnut,2025-10-01,5015.73,5888.03,5451.88
Karnataka,Belagavi,Agricultural Market,Groundnut,2025-11-01,5091.1,5976.51,5533.81
Karnataka,Belagavi,Agricultural Market,Groundnut,2025-12-01,5364.47,6297.42,5830.95
Karnataka,Belagavi,Agricultural Market,Chilli,2020-01-01,9670.77,11352.64,10511.71
Karnataka,Belagavi,Central Mandi,Chilli,2020-02-01,10208.92,11984.38,11096.65
Karnataka,Belagavi,Central Mandi,Chilli,2020-03-01,11837.52,13896.22,12866.87
Karnataka,Belagavi,Central Mandi,Chilli,2020-04-01,11354.1,13328.72,12341.41
Karnataka,Belagavi,Agricultural Market,Chilli,2020-05-01,10585.19,12426.1,11505.64
Karnataka,Belagavi,Agricultural Market,Chilli,2020-06-01,9842.1,11553.77,10697.94
Karnataka,Belagavi,Central Mandi,Chilli,2020-07-01,10099.63,11856.09,10977.86
Karnataka,Belagavi,Central Mandi,Chilli,2020-08-01,9057.51,10632.73,9845.12
Karnataka,Belagavi,Central Mandi,Chilli,2020-09-01,9564.09,11227.41,10395.75
Karnataka,Belagavi,Central Mandi,Chilli,2020-10-01,8194.62,9619.77,8907.2
Karnataka,Belagavi,Central Mandi,Chilli,2020-11-01,9292.05,10908.06,10100.05
Karnataka,Belagavi,Central Mandi,Chilli,2020-12-01,10150.22,11915.48,11032.85
Karnataka,Belagavi,Agricultural Market,Chilli,2021-01-01,10208.34,11983.7,11096.02
Karnataka,Belagavi,Main Market,Chilli,2021-02-01,10179.93,11950.35,11065.14
Karnataka,Belagavi,Central Mandi,Chilli,2021-03-01,12131.54,14241.37,13186.46
Karnataka,Belagavi,Main Market,Chilli,2021-04-01,11808.81,13862.51,12835.66
Karnataka,Belagavi,Main Market,Chilli,2021-05-01,10376.0,12180.52,11278.26
Karnataka,Belagavi,Central Mandi,Chilli,2021-06-01,10022.59,11765.65,10894.12
Karnataka,Belagavi,Agricultural Market,Chilli,2021-07-01,10092.38,11847.57,10969.97
Karnataka,Belagavi,Main Market,Chilli,2021-08-01,9845.12,11557.31,10701.21
Karnataka,Belagavi,Central Mandi,Chilli,2021-09-01,8958.2,10516.15,9737.17
Karnataka,Belagavi,Agricultural Market,Chilli,2021-10-01,8640.5,10143.2,9391.85
Karnataka,Belagavi,Central Mandi,Chilli,2021-11-01,8467.09,9939.63,9203.36
Karnataka,Belagavi,Main Market,Chilli,2021-12-01,9140.33,10729.95,9935.14
Karnataka,Belagavi,Agricultural Market,Chilli,2022-01-01,10047.36,11794.72,10921.04
Karnataka,Belagavi,Central Mandi,Chilli,2022-02-01,10180.74,11951.3,11066.02
Karnataka,Belagavi,Main Market,Chilli,2022-03-01,10705.52,12567.35,11636.44
Karnataka,Belagavi,Central Mandi,Chilli,2022-04-01,11996.55,14082.91,13039.73
Karnataka,Belagavi,Agricultural Market,Chilli,2022-05-01,11183.91,13128.94,12156.43
Karnataka,Belagavi,Agricultural Market,Chilli,2022-06-01,10741.36,12609.42,11675.39
Karnataka,Belagavi,Central Mandi,Chilli,2022-07-01,10475.48,12297.3,11386.39
Karnataka,Belagavi,Main Market,Chilli,2022-08-01,9698.04,11384.65,10541.34
Karnataka,Belagavi,Central Mandi,Chilli,2022-09-01,9705.73,11393.68,10549.71
Karnataka,Belagavi,Central Mandi,Chilli,2022-10-01,8555.63,10043.56,9299.6
Karnataka,Belagavi,Main Market,Chilli,2022-11-01,9533.29,11191.25,10362.27
Karnataka,Belagavi,Agricultural Market,Chilli,2022-12-01,9245.79,10853.75,10049.77
Karnataka,Belagavi,Central Mandi,Chilli,2023-01-01,10513.44,12341.86,11427.65
Karnataka,Belagavi,Agricultural Market,Chilli,2023-02-01,9746.19,11441.18,10593.69
Karnataka,Belagavi,Main Market,Chilli,2023-03-01,12901.4,15145.12,14023.26
Karnataka,Belagavi,Central Mandi,Chilli,2023-04-01,11161.25,13102.34,12131.8
Karnataka,Belagavi,Central Mandi,Chilli,2023-05-01,11745.66,13788.38,12767.02
Karnataka,Belagavi,Agricultural Market,Chilli,2023-06-01,10816.12,12697.18,11756.65
Karnataka,Belagavi,Main Market,Chilli,2023-07-01,10649.72,12501.85,11575.78
Karnataka,Belagavi,Main Market,Chilli,2023-08-01,10418.72,12230.67,11324.69
Karnataka,Belagavi,Central Mandi,Chilli,2023-09-01,8681.02,10190.76,9435.89
Karnataka,Belagavi,Main Market,Chilli,2023-10-01,10258.43,12042.51,11150.47
Karnataka,Belagavi,Main Market,Chilli,2023-11-01,9186.98,10784.72,9985.85
Karnataka,Belagavi,Central Mandi,Chilli,2023-12-01,8990.55,10554.13,9772.34
Karnataka,Belagavi,Main Market,Chilli,2024-01-01,11143.0,13080.91,12111.95
Karnataka,Belagavi,Agricultural Market,Chilli,2024-02-01,11945.6,14023.09,12984.34
Karnataka,Belagavi,Agricultural Market,Chilli,2024-03-01,11991.6,14077.1,13034.35
Karnataka,Belagavi,Main Market,Chilli,2024-04-01,11347.65,13321.16,12334.41
Karnataka,Belagavi,Agricultural Market,Chilli,2024-05-01,11874.58,13939.72,12907.15
Karnataka,Belagavi,Central Mandi,Chilli,2024-06-01,10008.74,11749.39,10879.06
Karnataka,Belagavi,Central Mandi,Chilli,2024-07-01,10794.46,12671.75,11733.1
Karnataka,Belagavi,Main Market,Chilli,2024-08-01,10628.65,12477.11,11552.88
Karnataka,Belagavi,Central Mandi,Chilli,2024-09-01,9761.66,11459.35,10610.5
Karnataka,Belagavi,Main Market,Chilli,2024-10-01,9988.3,11725.4,10856.85
Karnataka,Belagavi,Central Mandi,Chilli,2024-11-01,8623.0,10122.65,9372.82
Karnataka,Belagavi,Central Mandi,Chilli,2024-12-01,9762.96,11460.87,10611.92
Karnataka,Belagavi,Main Market,Chilli,2025-01-01,10738.34,12605.88,11672.11
Karnataka,Belagavi,Central Mandi,Chilli,2025-02-01,11138.01,13075.05,12106.53
Karnataka,Belagavi,Central Mandi,Chilli,2025-03-01,11796.44,13847.99,12822.21
Karnataka,Belagavi,Agricultural Market,Chilli,2025-04-01,11317.62,13285.9,12301.76
Karnataka,Belagavi,Agricultural Market,Chilli,2025-05-01,12908.82,15153.84,14031.33
Karnataka,Belagavi,Main Market,Chilli,2025-06-01,11557.43,13567.42,12562.43
Karnataka,Belagavi,Central Mandi,Chilli,2025-07-01,10941.82,12844.75,11893.28
Karnataka,Belagavi,Main Market,Chilli,2025-08-01,10760.94,12632.41,11696.68
Karnataka,Belagavi,Main Market,Chilli,2025-09-01,9840.0,11551.3,10695.65
Karnataka,Belagavi,Agricultural Market,Chilli,2025-10-01,9363.72,10992.2,10177.96
Karnataka,Belagavi,Agricultural Market,Chilli,2025-11-01,9854.68,11568.53,10711.61
Karnataka,Belagavi,Main Market,Chilli,2025-12-01,11574.22,13587.13,12580.68
Karnataka,Dharwad,Main Market,Rice,2020-01-01,1865.19,2189.57,2027.38
Karnataka,Dharwad,Central Mandi,Rice,2020-02-01,2204.33,2587.7,2396.02
Karnataka,Dharwad,Central Mandi,Rice,2020-03-01,2026.42,2378.84,2202.63
Karnataka,Dharwad,Main Market,Rice,2020-04-01,2366.09,2777.58,2571.84
Karnataka,Dharwad,Central Mandi,Rice,2020-05-01,2172.63,2550.47,2361.55
Karnataka,Dharwad,Agricultural Market,Rice,2020-06-01,2048.65,2404.93,2226.79
Karnataka,Dharwad,Main Market,Rice,2020-07-01,2138.33,2510.22,2324.27
Karnataka,Dharwad,Main Market,Rice,2020-08-01,1834.77,2153.86,1994.31
Karnataka,Dharwad,Main Market,Rice,2020-09-01,1631.53,1915.28,1773.41
Karnataka,Dharwad,Agricultural Market,Rice,2020-10-01,1879.3,2206.14,2042.72
Karnataka,Dharwad,Agricultural Market,Rice,2020-11-01,1886.6,2214.71,2050.65
Karnataka,Dharwad,Agricultural Market,Rice,2020-12-01,1754.22,2059.3,1906.76
Karnataka,Dharwad,Central Mandi,Rice,2021-01-01,2071.63,2431.92,2251.77
Karnataka,Dharwad,Central Mandi,Rice,2021-02-01,2336.49,2742.83,2539.66
Karnataka,Dharwad,Agricultural Market,Rice,2021-03-01,2043.48,2398.87,2221.18
Karnataka,Dharwad,Main Market,Rice,2021-04-01,2397.46,2814.4,2605.93
Karnataka,Dharwad,Agricultural Market,Rice,2021-05-01,2172.34,2550.13,2361.23
Karnataka,Dharwad,Main Market,Rice,2021-06-01,2189.65,2570.46,2380.06
Karnataka,Dharwad,Main Market,Rice,2021-07-01,1835.35,2154.54,1994.94
Karnataka,Dharwad,Main Market,Rice,2021-08-01,1930.3,2266.0,2098.15
Karnataka,Dharwad,Main Market,Rice,2021-09-01,1817.92,2134.08,1976.0
Karnataka,Dharwad,Main Market,Rice,2021-10-01,1923.45,2257.96,2090.7
Karnataka,Dharwad,Main Market,Rice,2021-11-01,1805.03,2118.94,1961.98
Karnataka,Dharwad,Main Market,Rice,2021-12-01,1846.66,2167.82,2007.24
Karnataka,Dharwad,Central Mandi,Rice,2022-01-01,2135.89,2507.35,2321.62
Karnataka,Dharwad,Central Mandi,Rice,2022-02-01,2202.37,2585.39,2393.88
Karnataka,Dharwad,Central Mandi,Rice,2022-03-01,2551.03,2994.68,2772.85
Karnataka,Dharwad,Agricultural Market,Rice,2022-04-01,2403.68,2821.71,2612.7
Karnataka,Dharwad,Agricultural Market,Rice,2022-05-01,2325.2,2729.58,2527.39
Karnataka,Dharwad,Main Market,Rice,2022-06-01,2225.45,2612.48,2418.96
Karnataka,Dharwad,Main Market,Rice,2022-07-01,1989.02,2334.94,2161.98
Karnataka,Dharwad,Main Market,Rice,2022-08-01,2064.76,2423.85,2244.31
Karnataka,Dharwad,Agricultural Market,Rice,2022-09-01,1981.22,2325.78,2153.5
Karnataka,Dharwad,Agricultural Market,Rice,2022-10-01,1683.16,1975.89,1829.52
Karnataka,Dharwad,Agricultural Market,Rice,2022-11-01,2056.39,2414.03,2235.21
Karnataka,Dharwad,Main Market,Rice,2022-12-01,1943.82,2281.87,2112.85
Karnataka,Dharwad,Central Mandi,Rice,2023-01-01,2127.15,2497.09,2312.12
Karnataka,Dharwad,Agricultural Market,Rice,2023-02-01,2291.95,2690.55,2491.25
Karnataka,Dharwad,Central Mandi,Rice,2023-03-01,2279.73,2676.2,2477.97
Karnataka,Dharwad,Central Mandi,Rice,2023-04-01,2472.92,2902.99,2687.96
Karnataka,Dharwad,Central Mandi,Rice,2023-05-01,2269.47,2664.17,2466.82
Karnataka,Dharwad,Main Market,Rice,2023-06-01,2461.04,2889.05,2675.04
Karnataka,Dharwad,Agricultural Market,Rice,2023-07-01,2228.45,2616.01,2422.23
Karnataka,Dharwad,Agricultural Market,Rice,2023-08-01,2177.69,2556.41,2367.05
Karnataka,Dharwad,Central Mandi,Rice,2023-09-01,2025.26,2377.48,2201.37
Karnataka,Dharwad,Agricultural Market,Rice,2023-10-01,1822.51,2139.47,1980.99
Karnataka,Dharwad,Central Mandi,Rice,2023-11-01,1998.92,2346.55,2172.74
Karnataka,Dharwad,Main Market,Rice,2023-12-01,1894.3,2223.74,2059.02
Karnataka,Dharwad,Main Market,Rice,2024-01-01,2086.46,2449.32,2267.89
Karnataka,Dharwad,Agricultural Market,Rice,2024-02-01,2161.47,2537.38,2349.43
Karnataka,Dharwad,Central Mandi,Rice,2024-03-01,2688.36,3155.9,2922.13
Karnataka,Dharwad,Central Mandi,Rice,2024-04-01,2313.88,2716.29,2515.09
Karnataka,Dharwad,Main Market,Rice,2024-05-01,2523.3,2962.13,2742.72
Karnataka,Dharwad,Agricultural Market,Rice,2024-06-01,2320.81,2724.43,2522.62
Karnataka,Dharwad,Main Market,Rice,2024-07-01,2124.6,2494.1,2309.35
Karnataka,Dharwad,Agricultural Market,Rice,2024-08-01,2116.29,2484.34,2300.31
Karnataka,Dharwad,Agricultural Market,Rice,2024-09-01,1802.48,2115.95,1959.22
Karnataka,Dharwad,Central Mandi,Rice,2024-10-01,2068.07,2427.74,2247.91
Karnataka,Dharwad,Main Market,Rice,2024-11-01,1968.03,2310.3,2139.17
Karnataka,Dharwad,Main Market,Rice,2024-12-01,2144.23,2517.14,2330.69
Karnataka,Dharwad,Central Mandi,Rice,2025-01-01,2374.01,2786.89,2580.45
Karnataka,Dharwad,Agricultural Market,Rice,2025-02-01,2610.94,3065.01,2837.98
Karnataka,Dharwad,Main Market,Rice,2025-03-01,2327.7,2732.51,2530.11
Karnataka,Dharwad,Agricultural Market,Rice,2025-04-01,2399.44,2816.74,2608.09
Karnataka,Dharwad,Central Mandi,Rice,2025-05-01,2509.99,2946.51,2728.25
Karnataka,Dharwad,Main Market,Rice,2025-06-01,2396.68,2813.49,2605.09
Karnataka,Dharwad,Agricultural Market,Rice,2025-07-01,2258.8,2651.63,2455.22
Karnataka,Dharwad,Agricultural Market,Rice,2025-08-01,2107.9,2474.49,2291.19
Karnataka,Dharwad,Central Mandi,Rice,2025-09-01,2051.93,2408.79,2230.36
Karnataka,Dharwad,Central Mandi,Rice,2025-10-01,2006.4,2355.34,2180.87
Karnataka,Dharwad,Main Market,Rice,2025-11-01,2026.74,2379.21,2202.97
Karnataka,Dharwad,Agricultural Market,Rice,2025-12-01,2181.86,2561.31,2371.59
Karnataka,Dharwad,Agricultural Market,Maize,2020-01-01,1908.45,2240.35,2074.4
Karnataka,Dharwad,Agricultural Market,Maize,2020-02-01,1772.43,2080.68,1926.56
Karnataka,Dharwad,Agricultural Market,Maize,2020-03-01,1924.27,2258.92,2091.6
Karnataka,Dharwad,Agricultural Market,Maize,2020-04-01,1975.01,2318.49,2146.75
Karnataka,Dharwad,Agricultural Market,Maize,2020-05-01,1950.21,2289.37,2119.79
Karnataka,Dharwad,Main Market,Maize,2020-06-01,1796.05,2108.4,1952.23
Karnataka,Dharwad,Central Mandi,Maize,2020-07-01,1836.74,2156.17,1996.46
Karnataka,Dharwad,Main Market,Maize,2020-08-01,1679.82,1971.96,1825.89
Karnataka,Dharwad,Central Mandi,Maize,2020-09-01,1603.24,1882.07,1742.65
Karnataka,Dharwad,Agricultural Market,Maize,2020-10-01,1369.54,1607.72,1488.63
Karnataka,Dharwad,Central Mandi,Maize,2020-11-01,1693.02,1987.45,1840.23
Karnataka,Dharwad,Central Mandi,Maize,2020-12-01,1635.45,1919.88,1777.66
Karnataka,Dharwad,Agricultural Market,Maize,2021-01-01,1636.79,1921.45,1779.12
Karnataka,Dharwad,Main Market,Maize,2021-02-01,1853.98,2176.41,2015.19
Karnataka,Dharwad,Main Market,Maize,2021-03-01,1860.88,2184.52,2022.7
Karnataka,Dharwad,Main Market,Maize,2021-04-01,2043.85,2399.3,2221.58
Karnataka,Dharwad,Agricultural Market,Maize,2021-05-01,2138.24,2510.11,2324.17
Karnataka,Dharwad,Main Market,Maize,2021-06-01,1853.07,2175.34,2014.2
Karnataka,Dharwad,Main Market,Maize,2021-07-01,1672.44,1963.3,1817.87
Karnataka,Dharwad,Agricultural Market,Maize,2021-08-01,1706.95,2003.82,1855.39
Karnataka,Dharwad,Agricultural Market,Maize,2021-09-01,1689.95,1983.85,1836.9
Karnataka,Dharwad,Agricultural Market,Maize,2021-10-01,1705.01,2001.53,1853.27
Karnataka,Dharwad,Agricultural Market,Maize,2021-11-01,1573.4,1847.03,1710.21
Karnataka,Dharwad,Central Mandi,Maize,2021-12-01,1704.65,2001.11,1852.88
Karnataka,Dharwad,Main Market,Maize,2022-01-01,1642.2,1927.8,1785.0
Karnataka,Dharwad,Main Market,Maize,2022-02-01,2163.99,2540.34,2352.17
Karnataka,Dharwad,Main Market,Maize,2022-03-01,2089.22,2452.57,2270.89
Karnataka,Dharwad,Central Mandi,Maize,2022-04-01,2048.86,2405.18,2227.02
Karnataka,Dharwad,Main Market,Maize,2022-05-01,1959.79,2300.62,2130.2
Karnataka,Dharwad,Agricultural Market,Maize,2022-06-01,1986.31,2331.76,2159.03
Karnataka,Dharwad,Main Market,Maize,2022-07-01,1862.47,2186.37,2024.42
Karnataka,Dharwad,Agricultural Market,Maize,2022-08-01,1565.82,1838.14,1701.98
Karnataka,Dharwad,Central Mandi,Maize,2022-09-01,1517.64,1781.58,1649.61
Karnataka,Dharwad,Agricultural Market,Maize,2022-10-01,1702.67,1998.79,1850.73
Karnataka,Dharwad,Agricultural Market,Maize,2022-11-01,1620.38,1902.19,1761.29
Karnataka,Dharwad,Central Mandi,Maize,2022-12-01,1759.12,2065.05,1912.08
Karnataka,Dharwad,Central Mandi,Maize,2023-01-01,1925.96,2260.91,2093.44
Karnataka,Dharwad,Main Market,Maize,2023-02-01,2073.44,2434.03,2253.74
Karnataka,Dharwad,Main Market,Maize,2023-03-01,2283.56,2680.7,2482.13
Karnataka,Dharwad,Main Market,Maize,2023-04-01,2153.7,2528.26,2340.98
Karnataka,Dharwad,Central Mandi,Maize,2023-05-01,1935.65,2272.28,2103.96
Karnataka,Dharwad,Main Market,Maize,2023-06-01,2085.8,2448.55,2267.17
Karnataka,Dharwad,Agricultural Market,Maize,2023-07-01,2074.32,2435.07,2254.69
Karnataka,Dharwad,Central Mandi,Maize,2023-08-01,1578.76,1853.33,1716.05
Karnataka,Dharwad,Agricultural Market,Maize,2023-09-01,1719.87,2018.98,1869.43
Karnataka,Dharwad,Central Mandi,Maize,2023-10-01,1737.3,2039.43,1888.36
Karnataka,Dharwad,Main Market,Maize,2023-11-01,1672.88,1963.81,1818.34
Karnataka,Dharwad,Agricultural Market,Maize,2023-12-01,1700.05,1995.71,1847.88
Karnataka,Dharwad,Central Mandi,Maize,2024-01-01,1811.6,2126.66,1969.13
Karnataka,Dharwad,Central Mandi,Maize,2024-02-01,1875.88,2202.12,2039.0
Karnataka,Dharwad,Central Mandi,Maize,2024-03-01,2200.15,2582.78,2391.46
Karnataka,Dharwad,Agricultural Market,Maize,2024-04-01,2093.15,2457.18,2275.16
Karnataka,Dharwad,Main Market,Maize,2024-05-01,2164.26,2540.65,2352.46
Karnataka,Dharwad,Central Mandi,Maize,2024-06-01,1919.11,2252.87,2085.99
Karnataka,Dharwad,Main Market,Maize,2024-07-01,2053.02,2410.07,2231.55
Karnataka,Dharwad,Agricultural Market,Maize,2024-08-01,1836.2,2155.54,1995.87
Karnataka,Dharwad,Agricultural Market,Maize,2024-09-01,1614.33,1895.08,1754.71
Karnataka,Dharwad,Central Mandi,Maize,2024-10-01,1472.23,1728.27,1600.25
Karnataka,Dharwad,Central Mandi,Maize,2024-11-01,1646.55,1932.91,1789.73
Karnataka,Dharwad,Main Market,Maize,2024-12-01,1761.78,2068.18,1914.98
Karnataka,Dharwad,Agricultural Market,Maize,2025-01-01,1697.66,1992.9,1845.28
Karnataka,Dharwad,Main Market,Maize,2025-02-01,1965.31,2307.11,2136.21
Karnataka,Dharwad,Agricultural Market,Maize,2025-03-01,2233.25,2621.64,2427.45
Karnataka,Dharwad,Central Mandi,Maize,2025-04-01,2123.36,2492.64,2308.0
Karnataka,Dharwad,Central Mandi,Maize,2025-05-01,2129.46,2499.8,2314.63
Karnataka,Dharwad,Central Mandi,Maize,2025-06-01,2249.24,2640.41,2444.83
Karnataka,Dharwad,Agricultural Market,Maize,2025-07-01,1822.93,2139.96,1981.44
Karnataka,Dharwad,Main Market,Maize,2025-08-01,1730.68,2031.67,1881.17
Karnataka,Dharwad,Agricultural Market,Maize,2025-09-01,1701.7,1997.65,1849.67
Karnataka,Dharwad,Central Mandi,Maize,2025-10-01,1673.2,1964.19,1818.7
Karnataka,Dharwad,Main Market,Maize,2025-11-01,1810.78,2125.7,1968.24
Karnataka,Dharwad,Main Market,Maize,2025-12-01,2045.52,2401.26,2223.39
Karnataka,Dharwad,Agricultural Market,Cotton,2020-01-01,6030.55,7079.35,6554.95
Karnataka,Dharwad,Agricultural Market,Cotton,2020-02-01,6594.0,7740.79,7167.39
Karnataka,Dharwad,Central Mandi,Cotton,2020-03-01,7008.1,8226.9,7617.5
Karnataka,Dharwad,Agricultural Market,Cotton,2020-04-01,7103.43,8338.81,7721.12
Karnataka,Dharwad,Agricultural Market,Cotton,2020-05-01,6722.62,7891.77,7307.19
Karnataka,Dharwad,Central Mandi,Cotton,2020-06-01,6154.32,7224.63,6689.47
Karnataka,Dharwad,Agricultural Market,Cotton,2020-07-01,6492.31,7621.4,7056.85
Karnataka,Dharwad,Central Mandi,Cotton,2020-08-01,5673.05,6659.67,6166.36
Karnataka,Dharwad,Agricultural Market,Cotton,2020-09-01,5341.4,6270.34,5805.87
Karnataka,Dharwad,Central Mandi,Cotton,2020-10-01,5388.77,6325.95,5857.36
Karnataka,Dharwad,Central Mandi,Cotton,2020-11-01,5889.62,6913.9,6401.76
Karnataka,Dharwad,Agricultural Market,Cotton,2020-12-01,5408.43,6349.03,5878.73
Karnataka,Dharwad,Agricultural Market,Cotton,2021-01-01,6552.4,7691.95,7122.18
Karnataka,Dharwad,Main Market,Cotton,2021-02-01,6961.69,8172.42,7567.05
Karnataka,Dharwad,Agricultural Market,Cotton,2021-03-01,6610.63,7760.3,7185.47
Karnataka,Dharwad,Central Mandi,Cotton,2021-04-01,7774.11,9126.13,8450.12
Karnataka,Dharwad,Main Market,Cotton,2021-05-01,7204.0,8456.87,7830.43
Karnataka,Dharwad,Central Mandi,Cotton,2021-06-01,6840.7,8030.39,7435.54
Karnataka,Dharwad,Central Mandi,Cotton,2021-07-01,6270.09,7360.54,6815.32
Karnataka,Dharwad,Main Market,Cotton,2021-08-01,6300.18,7395.86,6848.02
Karnataka,Dharwad,Agricultural Market,Cotton,2021-09-01,5764.53,6767.05,6265.79
Karnataka,Dharwad,Agricultural Market,Cotton,2021-10-01,5261.84,6176.95,5719.39
Karnataka,Dharwad,Central Mandi,Cotton,2021-11-01,5372.62,6306.99,5839.81
Karnataka,Dharwad,Main Market,Cotton,2021-12-01,5201.02,6105.54,5653.28
Karnataka,Dharwad,Central Mandi,Cotton,2022-01-01,7253.84,8515.38,7884.61
Karnataka,Dharwad,Main Market,Cotton,2022-02-01,6441.78,7562.09,7001.94
Karnataka,Dharwad,Main Market,Cotton,2022-03-01,7423.08,8714.06,8068.57
Karnataka,Dharwad,Agricultural Market,Cotton,2022-04-01,7759.24,9108.67,8433.95
Karnataka,Dharwad,Main Market,Cotton,2022-05-01,6957.89,8167.96,7562.93
Karnataka,Dharwad,Main Market,Cotton,2022-06-01,6522.54,7656.89,7089.71
Karnataka,Dharwad,Central Mandi,Cotton,2022-07-01,6835.13,8023.85,7429.49
Karnataka,Dharwad,Main Market,Cotton,2022-08-01,5533.84,6496.24,6015.04
Karnataka,Dharwad,Agricultural Market,Cotton,2022-09-01,5481.76,6435.11,5958.43
Karnataka,Dharwad,Main Market,Cotton,2022-10-01,5646.13,6628.06,6137.1
Karnataka,Dharwad,Agricultural Market,Cotton,2022-11-01,5768.58,6771.81,6270.19
Karnataka,Dharwad,Agricultural Market,Cotton,2022-12-01,6101.17,7162.25,6631.71
Karnataka,Dharwad,Central Mandi,Cotton,2023-01-01,6957.26,8167.22,7562.24
Karnataka,Dharwad,Central Mandi,Cotton,2023-02-01,7087.97,8320.66,7704.31
Karnataka,Dharwad,Main Market,Cotton,2023-03-01,7965.33,9350.61,8657.97
Karnataka,Dharwad,Main Market,Cotton,2023-04-01,7376.54,8659.41,8017.98
Karnataka,Dharwad,Agricultural Market,Cotton,2023-05-01,7264.98,8528.46,7896.72
Karnataka,Dharwad,Main Market,Cotton,2023-06-01,7119.18,8357.29,7738.24
Karnataka,Dharwad,Agricultural Market,Cotton,2023-07-01,6349.97,7454.31,6902.14
Karnataka,Dharwad,Central Mandi,Cotton,2023-08-01,6344.9,7448.36,6896.63
Karnataka,Dharwad,Main Market,Cotton,2023-09-01,6676.98,7838.19,7257.59
Karnataka,Dharwad,Main Market,Cotton,2023-10-01,6026.46,7074.53,6550.49
Karnataka,Dharwad,Central Mandi,Cotton,2023-11-01,6098.66,7159.3,6628.98
Karnataka,Dharwad,Central Mandi,Cotton,2023-12-01,6658.23,7816.18,7237.21
Karnataka,Dharwad,Agricultural Market,Cotton,2024-01-01,7186.31,8436.11,7811.21
Karnataka,Dharwad,Agricultural Market,Cotton,2024-02-01,6838.97,8028.36,7433.66
Karnataka,Dharwad,Central Mandi,Cotton,2024-03-01,8146.61,9563.42,8855.01
Karnataka,Dharwad,Central Mandi,Cotton,2024-04-01,7479.0,8779.69,8129.35
Karnataka,Dharwad,Central Mandi,Cotton,2024-05-01,7647.17,8977.11,8312.14
Karnataka,Dharwad,Central Mandi,Cotton,2024-06-01,7032.91,8256.02,7644.46
Karnataka,Dharwad,Main Market,Cotton,2024-07-01,6231.01,7314.66,6772.83
Karnataka,Dharwad,Main Market,Cotton,2024-08-01,6841.19,8030.96,7436.07
Karnataka,Dharwad,Main Market,Cotton,2024-09-01,5405.98,6346.15,5876.07
Karnataka,Dharwad,Agricultural Market,Cotton,2024-10-01,6333.09,7434.5,6883.79
Karnataka,Dharwad,Agricultural Market,Cotton,2024-11-01,6399.87,7512.89,6956.38
Karnataka,Dharwad,Agricultural Market,Cotton,2024-12-01,6663.58,7822.46,7243.02
Karnataka,Dharwad,Agricultural Market,Cotton,2025-01-01,6715.97,7883.96,7299.97
Karnataka,Dharwad,Main Market,Cotton,2025-02-01,7183.39,8432.68,7808.04
Karnataka,Dharwad,Central Mandi,Cotton,2025-03-01,8037.91,9435.8,8736.86
Karnataka,Dharwad,Agricultural Market,Cotton,2025-04-01,8037.4,9435.21,8736.31
Karnataka,Dharwad,Central Mandi,Cotton,2025-05-01,7229.72,8487.07,7858.4
Karnataka,Dharwad,Central Mandi,Cotton,2025-06-01,6676.1,7837.16,7256.63
Karnataka,Dharwad,Main Market,Cotton,2025-07-01,7714.16,9055.76,8384.96
Karnataka,Dharwad,Agricultural Market,Cotton,2025-08-01,5866.24,6886.45,6376.35
Karnataka,Dharwad,Central Mandi,Cotton,2025-09-01,5446.88,6394.16,5920.52
Karnataka,Dharwad,Main Market,Cotton,2025-10-01,5497.35,6453.41,5975.38
Karnataka,Dharwad,Main Market,Cotton,2025-11-01,7068.33,8297.61,7682.97
Karnataka,Dharwad,Central Mandi,Cotton,2025-12-01,6239.2,7324.28,6781.74
Karnataka,Dharwad,Agricultural Market,Groundnut,2020-01-01,5000.7,5870.39,5435.55
Karnataka,Dharwad,Central Mandi,Groundnut,2020-02-01,5588.93,6560.91,6074.92
Karnataka,Dharwad,Central Mandi,Groundnut,2020-03-01,5409.06,6349.77,5879.41
Karnataka,Dharwad,Main Market,Groundnut,2020-04-01,5465.32,6415.82,5940.57
Karnataka,Dharwad,Main Market,Groundnut,2020-05-01,5484.57,6438.41,5961.49
Karnataka,Dharwad,Agricultural Market,Groundnut,2020-06-01,5530.61,6492.46,6011.54
Karnataka,Dharwad,Central Mandi,Groundnut,2020-07-01,5260.02,6174.81,5717.41
Karnataka,Dharwad,Central Mandi,Groundnut,2020-08-01,5014.74,5886.87,5450.81
Karnataka,Dharwad,Central Mandi,Groundnut,2020-09-01,5043.4,5920.51,5481.95
Karnataka,Dharwad,Central Mandi,Groundnut,2020-10-01,4656.18,5465.95,5061.07
Karnataka,Dharwad,Main Market,Groundnut,2020-11-01,4609.95,5411.68,5010.82
Karnataka,Dharwad,Main Market,Groundnut,2020-12-01,4690.2,5505.89,5098.04
Karnataka,Dharwad,Central Mandi,Groundnut,2021-01-01,5217.83,6125.28,5671.56
Karnataka,Dharwad,Agricultural Market,Groundnut,2021-02-01,5465.74,6416.3,5941.02
Karnataka,Dharwad,Agricultural Market,Groundnut,2021-03-01,5286.31,6205.67,5745.99
Karnataka,Dharwad,Main Market,Groundnut,2021-04-01,6070.75,7126.53,6598.64
Karnataka,Dharwad,Main Market,Groundnut,2021-05-01,6054.66,7107.64,6581.15
Karnataka,Dharwad,Agricultural Market,Groundnut,2021-06-01,5320.42,6245.71,5783.07
Karnataka,Dharwad,Central Mandi,Groundnut,2021-07-01,5437.13,6382.72,5909.92
Karnataka,Dharwad,Central Mandi,Groundnut,2021-08-01,5429.01,6373.19,5901.1
Karnataka,Dharwad,Central Mandi,Groundnut,2021-09-01,4539.23,5328.67,4933.95
Karnataka,Dharwad,Main Market,Groundnut,2021-10-01,4521.21,5307.51,4914.36
Karnataka,Dharwad,Central Mandi,Groundnut,2021-11-01,4934.99,5793.25,5364.12
Karnataka,Dharwad,Central Mandi,Groundnut,2021-12-01,4664.29,5475.47,5069.88
Karnataka,Dharwad,Central Mandi,Groundnut,2022-01-01,5586.16,6557.67,6071.91
Karnataka,Dharwad,Main Market,Groundnut,2022-02-01,5599.7,6573.56,6086.63
Karnataka,Dharwad,Central Mandi,Groundnut,2022-03-01,5429.27,6373.49,5901.38
Karnataka,Dharwad,Agricultural Market,Groundnut,2022-04-01,6070.2,7125.89,6598.04
Karnataka,Dharwad,Main Market,Groundnut,2022-05-01,6183.49,7258.88,6721.19
Karnataka,Dharwad,Agricultural Market,Groundnut,2022-06-01,5852.5,6870.32,6361.41
Karnataka,Dharwad,Main Market,Groundnut,2022-07-01,4815.04,5652.43,5233.74
Karnataka,Dharwad,Agricultural Market,Groundnut,2022-08-01,4887.76,5737.81,5312.79
Karnataka,Dharwad,Main Market,Groundnut,2022-09-01,4640.71,5447.79,5044.25
Karnataka,Dharwad,Agricultural Market,Groundnut,2022-10-01,5053.96,5932.91,5493.44
Karnataka,Dharwad,Central Mandi,Groundnut,2022-11-01,4688.15,5503.48,5095.82
Karnataka,Dharwad,Central Mandi,Groundnut,2022-12-01,5115.91,6005.63,5560.77
Karnataka,Dharwad,Central Mandi,Groundnut,2023-01-01,5287.38,6206.93,5747.15
Karnataka,Dharwad,Main Market,Groundnut,2023-02-01,6198.3,7276.27,6737.29
Karnataka,Dharwad,Agricultural Market,Groundnut,2023-03-01,5951.08,6986.05,6468.57
Karnataka,Dharwad,Agricultural Market,Groundnut,2023-04-01,6004.52,7048.78,6526.65
Karnataka,Dharwad,Agricultural Market,Groundnut,2023-05-01,5671.51,6657.86,6164.68
Karnataka,Dharwad,Main Market,Groundnut,2023-06-01,5720.25,6715.08,6217.67
Karnataka,Dharwad,Central Mandi,Groundnut,2023-07-01,5604.48,6579.18,6091.83
Karnataka,Dharwad,Agricultural Market,Groundnut,2023-08-01,5393.59,6331.6,5862.59
Karnataka,Dharwad,Agricultural Market,Groundnut,2023-09-01,4767.72,5596.89,5182.31
Karnataka,Dharwad,Central Mandi,Groundnut,2023-10-01,5354.83,6286.1,5820.47
Karnataka,Dharwad,Main Market,Groundnut,2023-11-01,4993.1,5861.47,5427.29
Karnataka,Dharwad,Main Market,Groundnut,2023-12-01,5703.33,6695.22,6199.27
Karnataka,Dharwad,Central Mandi,Groundnut,2024-01-01,5905.78,6932.88,6419.33
Karnataka,Dharwad,Main Market,Groundnut,2024-02-01,6495.47,7625.11,7060.29
Karnataka,Dharwad,Agricultural Market,Groundnut,2024-03-01,6243.56,7329.39,6786.48
Karnataka,Dharwad,Central Mandi,Groundnut,2024-04-01,5952.77,6988.03,6470.4
Karnataka,Dharwad,Central Mandi,Groundnut,2024-05-01,6539.48,7676.78,7108.13
Karnataka,Dharwad,Agricultural Market,Groundnut,2024-06-01,6319.67,7418.74,6869.2
Karnataka,Dharwad,Agricultural Market,Groundnut,2024-07-01,5622.55,6600.39,6111.47
Karnataka,Dharwad,Agricultural Market,Groundnut,2024-08-01,5376.77,6311.86,5844.31
Karnataka,Dharwad,Agricultural Market,Groundnut,2024-09-01,4675.1,5488.16,5081.63
Karnataka,Dharwad,Central Mandi,Groundnut,2024-10-01,5453.58,6402.03,5927.81
Karnataka,Dharwad,Main Market,Groundnut,2024-11-01,4828.87,5668.67,5248.77
Karnataka,Dharwad,Central Mandi,Groundnut,2024-12-01,5906.67,6933.92,6420.3
Karnataka,Dharwad,Central Mandi,Groundnut,2025-01-01,5808.36,6818.51,6313.43
Karnataka,Dharwad,Main Market,Groundnut,2025-02-01,5911.94,6940.1,6426.02
Karnataka,Dharwad,Main Market,Groundnut,2025-03-01,5995.43,7038.11,6516.77
Karnataka,Dharwad,Main Market,Groundnut,2025-04-01,6632.56,7786.05,7209.3
Karnataka,Dharwad,Central Mandi,Groundnut,2025-05-01,7010.48,8229.69,7620.08
Karnataka,Dharwad,Central Mandi,Groundnut,2025-06-01,6162.23,7233.92,6698.08
Karnataka,Dharwad,Agricultural Market,Groundnut,2025-07-01,5577.85,6547.91,6062.88
Karnataka,Dharwad,Agricultural Market,Groundnut,2025-08-01,5117.37,6007.35,5562.36
Karnataka,Dharwad,Main Market,Groundnut,2025-09-01,5722.29,6717.47,6219.88
Karnataka,Dharwad,Agricultural Market,Groundnut,2025-10-01,5267.83,6183.97,5725.9
Karnataka,Dharwad,Agricultural Market,Groundnut,2025-11-01,5227.48,6136.61,5682.05
Karnataka,Dharwad,Main Market,Groundnut,2025-12-01,5666.21,6651.64,6158.93
Karnataka,Dharwad,Agricultural Market,Chilli,2020-01-01,9734.29,11427.21,10580.75
Karnataka,Dharwad,Central Mandi,Chilli,2020-02-01,10373.92,12178.08,11276.0
Karnataka,Dharwad,Main Market,Chilli,2020-03-01,11558.09,13568.2,12563.14
Karnataka,Dharwad,Main Market,Chilli,2020-04-01,11037.86,12957.49,11997.68
Karnataka,Dharwad,Central Mandi,Chilli,2020-05-01,11274.49,13235.27,12254.88
Karnataka,Dharwad,Agricultural Market,Chilli,2020-06-01,11860.22,13922.87,12891.55
Karnataka,Dharwad,Agricultural Market,Chilli,2020-07-01,9425.75,11065.01,10245.38
Karnataka,Dharwad,Main Market,Chilli,2020-08-01,8522.82,10005.05,9263.93
Karnataka,Dharwad,Agricultural Market,Chilli,2020-09-01,8558.4,10046.82,9302.61
Karnataka,Dharwad,Main Market,Chilli,2020-10-01,8394.24,9854.11,9124.18
Karnataka,Dharwad,Central Mandi,Chilli,2020-11-01,9126.41,10713.61,9920.01
Karnataka,Dharwad,Central Mandi,Chilli,2020-12-01,9309.74,10928.82,10119.28
Karnataka,Dharwad,Main Market,Chilli,2021-01-01,9996.62,11735.16,10865.89
Karnataka,Dharwad,Main Market,Chilli,2021-02-01,11697.24,13731.54,12714.39
Karnataka,Dharwad,Main Market,Chilli,2021-03-01,10375.48,12179.91,11277.7
Karnataka,Dharwad,Main Market,Chilli,2021-04-01,11733.43,13774.03,12753.73
Karnataka,Dharwad,Agricultural Market,Chilli,2021-05-01,9924.0,11649.92,10786.96
Karnataka,Dharwad,Main Market,Chilli,2021-06-01,10207.25,11982.43,11094.84
Karnataka,Dharwad,Agricultural Market,Chilli,2021-07-01,9424.75,11063.83,10244.29
Karnataka,Dharwad,Agricultural Market,Chilli,2021-08-01,9054.86,10629.62,9842.24
Karnataka,Dharwad,Central Mandi,Chilli,2021-09-01,9740.83,11434.88,10587.85
Karnataka,Dharwad,Central Mandi,Chilli,2021-10-01,9366.53,10995.49,10181.01
Karnataka,Dharwad,Central Mandi,Chilli,2021-11-01,8342.0,9792.79,9067.4
Karnataka,Dharwad,Central Mandi,Chilli,2021-12-01,9022.08,10591.14,9806.61
Karnataka,Dharwad,Agricultural Market,Chilli,2022-01-01,10541.42,12374.71,11458.06
Karnataka,Dharwad,Main Market,Chilli,2022-02-01,11612.47,13632.03,12622.25
Karnataka,Dharwad,Main Market,Chilli,2022-03-01,11167.31,13109.45,12138.38
Karnataka,Dharwad,Agricultural Market,Chilli,2022-04-01,11228.38,13181.14,12204.76
Karnataka,Dharwad,Central Mandi,Chilli,2022-05-01,10807.15,12686.65,11746.9
Karnataka,Dharwad,Central Mandi,Chilli,2022-06-01,11796.61,13848.2,12822.41
Karnataka,Dharwad,Main Market,Chilli,2022-07-01,9664.23,11344.97,10504.6
Karnataka,Dharwad,Central Mandi,Chilli,2022-08-01,9247.96,10856.3,10052.13
Karnataka,Dharwad,Agricultural Market,Chilli,2022-09-01,9037.65,10609.41,9823.53
Karnataka,Dharwad,Central Mandi,Chilli,2022-10-01,9191.32,10789.81,9990.56
Karnataka,Dharwad,Agricultural Market,Chilli,2022-11-01,9050.48,10624.48,9837.48
Karnataka,Dharwad,Agricultural Market,Chilli,2022-12-01,10223.2,12001.14,11112.17
Karnataka,Dharwad,Main Market,Chilli,2023-01-01,10146.52,11911.14,11028.83
Karnataka,Dharwad,Main Market,Chilli,2023-02-01,10076.39,11828.81,10952.6
Karnataka,Dharwad,Central Mandi,Chilli,2023-03-01,11994.27,14080.23,13037.25
Karnataka,Dharwad,Agricultural Market,Chilli,2023-04-01,12126.61,14235.59,13181.1
Karnataka,Dharwad,Agricultural Market,Chilli,2023-05-01,12020.96,14111.56,13066.26
Karnataka,Dharwad,Central Mandi,Chilli,2023-06-01,11132.87,13069.02,12100.94
Karnataka,Dharwad,Main Market,Chilli,2023-07-01,11325.06,13294.64,12309.85
Karnataka,Dharwad,Central Mandi,Chilli,2023-08-01,9665.78,11346.78,10506.28
Karnataka,Dharwad,Main Market,Chilli,2023-09-01,9192.86,10791.62,9992.24
Karnataka,Dharwad,Main Market,Chilli,2023-10-01,8711.75,10226.84,9469.3
Karnataka,Dharwad,Central Mandi,Chilli,2023-11-01,9289.47,10905.03,10097.25
Karnataka,Dharwad,Agricultural Market,Chilli,2023-12-01,9826.14,11535.04,10680.59
Karnataka,Dharwad,Main Market,Chilli,2024-01-01,11671.24,13701.03,12686.14
Karnataka,Dharwad,Central Mandi,Chilli,2024-02-01,10428.76,12242.45,11335.6
Karnataka,Dharwad,Central Mandi,Chilli,2024-03-01,12147.37,14259.96,13203.66
Karnataka,Dharwad,Central Mandi,Chilli,2024-04-01,12009.74,14098.39,13054.07
Karnataka,Dharwad,Agricultural Market,Chilli,2024-05-01,11976.94,14059.89,13018.42
Karnataka,Dharwad,Central Mandi,Chilli,2024-06-01,10979.88,12889.43,11934.65
Karnataka,Dharwad,Central Mandi,Chilli,2024-07-01,10010.99,11752.03,10881.51
Karnataka,Dharwad,Main Market,Chilli,2024-08-01,9727.2,11418.89,10573.04
Karnataka,Dharwad,Agricultural Market,Chilli,2024-09-01,8634.49,10136.15,9385.32
Karnataka,Dharwad,Agricultural Market,Chilli,2024-10-01,8990.5,10554.07,9772.29
Karnataka,Dharwad,Main Market,Chilli,2024-11-01,9600.39,11270.03,10435.21
Karnataka,Dharwad,Central Mandi,Chilli,2024-12-01,10022.21,11765.21,10893.71
Karnataka,Dharwad,Main Market,Chilli,2025-01-01,11002.73,12916.24,11959.48
Karnataka,Dharwad,Agricultural Market,Chilli,2025-02-01,12227.85,14354.43,13291.14
Karnataka,Dharwad,Main Market,Chilli,2025-03-01,12141.04,14252.53,13196.78
Karnataka,Dharwad,Main Market,Chilli,2025-04-01,13150.54,15437.6,14294.07
Karnataka,Dharwad,Central Mandi,Chilli,2025-05-01,11947.38,14025.19,12986.29
Karnataka,Dharwad,Main Market,Chilli,2025-06-01,10754.63,12624.99,11689.81
Karnataka,Dharwad,Main Market,Chilli,2025-07-01,11222.0,13173.66,12197.83
Karnataka,Dharwad,Agricultural Market,Chilli,2025-08-01,10806.85,12686.3,11746.58
Karnataka,Dharwad,Central Mandi,Chilli,2025-09-01,9040.61,10612.89,9826.75
Karnataka,Dharwad,Agricultural Market,Chilli,2025-10-01,8909.8,10459.33,9684.57
Karnataka,Dharwad,Main Market,Chilli,2025-11-01,9389.58,11022.55,10206.07
Karnataka,Dharwad,Agricultural Market,Chilli,2025-12-01,10016.23,11758.19,10887.21
Maharashtra,Nashik,Main Market,Rice,2020-01-01,2193.61,2575.1,2384.36
Maharashtra,Nashik,Agricultural Market,Rice,2020-02-01,2067.21,2426.73,2246.97
Maharashtra,Nashik,Agricultural Market,Rice,2020-03-01,2200.2,2582.85,2391.52
Maharashtra,Nashik,Main Market,Rice,2020-04-01,2419.66,2840.47,2630.07
Maharashtra,Nashik,Agricultural Market,Rice,2020-05-01,2080.27,2442.06,2261.16
Maharashtra,Nashik,Agricultural Market,Rice,2020-06-01,2171.01,2548.58,2359.8
Maharashtra,Nashik,Main Market,Rice,2020-07-01,2121.87,2490.89,2306.38
Maharashtra,Nashik,Agricultural Market,Rice,2020-08-01,1914.66,2247.64,2081.15
Maharashtra,Nashik,Central Mandi,Rice,2020-09-01,1705.73,2002.38,1854.05
Maharashtra,Nashik,Central Mandi,Rice,2020-10-01,1678.57,1970.5,1824.54
Maharashtra,Nashik,Central Mandi,Rice,2020-11-01,1750.89,2055.4,1903.14
Maharashtra,Nashik,Main Market,Rice,2020-12-01,2207.49,2591.41,2399.45
Maharashtra,Nashik,Agricultural Market,Rice,2021-01-01,2046.82,2402.79,2224.8
Maharashtra,Nashik,Central Mandi,Rice,2021-02-01,2122.71,2491.87,2307.29
Maharashtra,Nashik,Agricultural Market,Rice,2021-03-01,2319.62,2723.04,2521.33
Maharashtra,Nashik,Central Mandi,Rice,2021-04-01,2594.07,3045.21,2819.64
Maharashtra,Nashik,Central Mandi,Rice,2021-05-01,1949.28,2288.29,2118.79
Maharashtra,Nashik,Main Market,Rice,2021-06-01,2142.15,2514.7,2328.42
Maharashtra,Nashik,Main Market,Rice,2021-07-01,2240.59,2630.26,2435.43
Maharashtra,Nashik,Central Mandi,Rice,2021-08-01,2151.85,2526.08,2338.97
Maharashtra,Nashik,Main Market,Rice,2021-09-01,1888.83,2217.32,2053.08
Maharashtra,Nashik,Main Market,Rice,2021-10-01,1847.15,2168.39,2007.77
Maharashtra,Nashik,Agricultural Market,Rice,2021-11-01,1858.94,2182.23,2020.59
Maharashtra,Nashik,Agricultural Market,Rice,2021-12-01,2078.47,2439.94,2259.21
Maharashtra,Nashik,Main Market,Rice,2022-01-01,2206.22,2589.91,2398.06
Maharashtra,Nashik,Agricultural Market,Rice,2022-02-01,2258.96,2651.83,2455.39
Maharashtra,Nashik,Main Market,Rice,2022-03-01,2519.57,2957.75,2738.66
Maharashtra,Nashik,Central Mandi,Rice,2022-04-01,2501.35,2936.37,2718.86
Maharashtra,Nashik,Central Mandi,Rice,2022-05-01,2427.78,2850.01,2638.89
Maharashtra,Nashik,Agricultural Market,Rice,2022-06-01,2078.44,2439.9,2259.17
Maharashtra,Nashik,Central Mandi,Rice,2022-07-01,2205.99,2589.64,2397.81
Maharashtra,Nashik,Agricultural Market,Rice,2022-08-01,1793.23,2105.09,1949.16
Maharashtra,Nashik,Central Mandi,Rice,2022-09-01,1688.43,1982.07,1835.25
Maharashtra,Nashik,Agricultural Market,Rice,2022-10-01,1914.44,2247.39,2080.92
Maharashtra,Nashik,Main Market,Rice,2022-11-01,1840.1,2160.12,2000.11
Maharashtra,Nashik,Central Mandi,Rice,2022-12-01,2016.54,2367.24,2191.89
Maharashtra,Nashik,Main Market,Rice,2023-01-01,2290.13,2688.41,2489.27
Maharashtra,Nashik,Main Market,Rice,2023-02-01,2154.44,2529.13,2341.78
Maharashtra,Nashik,Main Market,Rice,2023-03-01,2293.96,2692.91,2493.43
Maharashtra,Nashik,Agricultural Market,Rice,2023-04-01,2556.24,3000.8,2778.52
Maharashtra,Nashik,Main Market,Rice,2023-05-01,2205.05,2588.53,2396.79
Maharashtra,Nashik,Agricultural Market,Rice,2023-06-01,2324.92,2729.25,2527.09
Maharashtra,Nashik,Main Market,Rice,2023-07-01,2128.5,2498.68,2313.59
Maharashtra,Nashik,Main Market,Rice,2023-08-01,2055.06,2412.46,2233.76
Maharashtra,Nashik,Main Market,Rice,2023-09-01,2130.45,2500.96,2315.7
Maharashtra,Nashik,Central Mandi,Rice,2023-10-01,1846.65,2167.81,2007.23
Maharashtra,Nashik,Agricultural Market,Rice,2023-11-01,2077.27,2438.54,2257.9
Maharashtra,Nashik,Main Market,Rice,2023-12-01,2321.8,2725.59,2523.7
Maharashtra,Nashik,Agricultural Market,Rice,2024-01-01,2174.84,2553.08,2363.96
Maharashtra,Nashik,Central Mandi,Rice,2024-02-01,2165.6,2542.23,2353.92
Maharashtra,Nashik,Main Market,Rice,2024-03-01,2277.66,2673.77,2475.71
Maharashtra,Nashik,Main Market,Rice,2024-04-01,2580.16,3028.89,2804.53
Maharashtra,Nashik,Main Market,Rice,2024-05-01,2414.81,2834.78,2624.79
Maharashtra,Nashik,Agricultural Market,Rice,2024-06-01,2379.65,2793.51,2586.58
Maharashtra,Nashik,Agricultural Market,Rice,2024-07-01,2281.87,2678.72,2480.29
Maharashtra,Nashik,Agricultural Market,Rice,2024-08-01,2067.22,2426.74,2246.98
Maharashtra,Nashik,Central Mandi,Rice,2024-09-01,2070.29,2430.34,2250.31
Maharashtra,Nashik,Main Market,Rice,2024-10-01,1930.97,2266.8,2098.89
Maharashtra,Nashik,Agricultural Market,Rice,2024-11-01,1956.07,2296.26,2126.16
Maharashtra,Nashik,Central Mandi,Rice,2024-12-01,2010.4,2360.03,2185.22
Maharashtra,Nashik,Central Mandi,Rice,2025-01-01,2434.11,2857.43,2645.77
Maharashtra,Nashik,Agricultural Market,Rice,2025-02-01,2435.27,2858.8,2647.04
Maharashtra,Nashik,Main Market,Rice,2025-03-01,2512.22,2949.13,2730.68
Maharashtra,Nashik,Agricultural Market,Rice,2025-04-01,2589.76,3040.15,2814.95
Maharashtra,Nashik,Central Mandi,Rice,2025-05-01,2689.93,3157.74,2923.83
Maharashtra,Nashik,Central Mandi,Rice,2025-06-01,2481.35,2912.89,2697.12
Maharashtra,Nashik,Agricultural Market,Rice,2025-07-01,2336.48,2742.83,2539.65
Maharashtra,Nashik,Agricultural Market,Rice,2025-08-01,2101.3,2466.75,2284.03
Maharashtra,Nashik,Agricultural Market,Rice,2025-09-01,1945.01,2283.27,2114.14
Maharashtra,Nashik,Central Mandi,Rice,2025-10-01,2081.27,2443.23,2262.25
Maharashtra,Nashik,Central Mandi,Rice,2025-11-01,2152.79,2527.19,2339.99
Maharashtra,Nashik,Agricultural Market,Rice,2025-12-01,2187.53,2567.97,2377.75
Maharashtra,Nashik,Agricultural Market,Maize,2020-01-01,1785.7,2096.26,1940.98
Maharashtra,Nashik,Central Mandi,Maize,2020-02-01,1693.65,1988.2,1840.93
Maharashtra,Nashik,Central Mandi,Maize,2020-03-01,1970.97,2313.75,2142.36
Maharashtra,Nashik,Agricultural Market,Maize,2020-04-01,2130.11,2500.57,2315.34
Maharashtra,Nashik,Main Market,Maize,2020-05-01,1871.69,2197.2,2034.44
Maharashtra,Nashik,Agricultural Market,Maize,2020-06-01,1799.85,2112.86,1956.35
Maharashtra,Nashik,Central Mandi,Maize,2020-07-01,1652.0,1939.3,1795.65
Maharashtra,Nashik,Agricultural Market,Maize,2020-08-01,1517.32,1781.21,1649.27
Maharashtra,Nashik,Central Mandi,Maize,2020-09-01,1603.1,1881.9,1742.5
Maharashtra,Nashik,Agricultural Market,Maize,2020-10-01,1706.41,2003.18,1854.8
Maharashtra,Nashik,Main Market,Maize,2020-11-01,1542.9,1811.23,1677.06
Maharashtra,Nashik,Central Mandi,Maize,2020-12-01,1754.58,2059.72,1907.15
Maharashtra,Nashik,Agricultural Market,Maize,2021-01-01,1766.4,2073.6,1920.0
Maharashtra,Nashik,Main Market,Maize,2021-02-01,2022.28,2373.98,2198.13
Maharashtra,Nashik,Central Mandi,Maize,2021-03-01,2003.87,2352.37,2178.12
Maharashtra,Nashik,Central Mandi,Maize,2021-04-01,1866.11,2190.65,2028.38
Maharashtra,Nashik,Central Mandi,Maize,2021-05-01,1773.88,2082.38,1928.13
Maharashtra,Nashik,Central Mandi,Maize,2021-06-01,1973.8,2317.07,2145.43
Maharashtra,Nashik,Agricultural Market,Maize,2021-07-01,1933.81,2270.13,2101.97
Maharashtra,Nashik,Agricultural Market,Maize,2021-08-01,1600.27,1878.58,1739.42
Maharashtra,Nashik,Central Mandi,Maize,2021-09-01,1555.45,1825.96,1690.71
Maharashtra,Nashik,Agricultural Market,Maize,2021-10-01,1647.02,1933.45,1790.24
Maharashtra,Nashik,Main Market,Maize,2021-11-01,1647.57,1934.1,1790.84
Maharashtra,Nashik,Central Mandi,Maize,2021-12-01,1610.6,1890.7,1750.65
Maharashtra,Nashik,Central Mandi,Maize,2022-01-01,1910.36,2242.59,2076.47
Maharashtra,Nashik,Agricultural Market,Maize,2022-02-01,1867.89,2192.74,2030.31
Maharashtra,Nashik,Main Market,Maize,2022-03-01,2041.21,2396.21,2218.71
Maharashtra,Nashik,Main Market,Maize,2022-04-01,1784.85,2095.26,1940.06
Maharashtra,Nashik,Central Mandi,Maize,2022-05-01,2140.45,2512.7,2326.57
Maharashtra,Nashik,Central Mandi,Maize,2022-06-01,1954.01,2293.84,2123.92
Maharashtra,Nashik,Central Mandi,Maize,2022-07-01,1849.39,2171.03,2010.21
Maharashtra,Nashik,Central Mandi,Maize,2022-08-01,1772.54,2080.81,1926.68
Maharashtra,Nashik,Agricultural Market,Maize,2022-09-01,1734.09,2035.67,1884.88
Maharashtra,Nashik,Central Mandi,Maize,2022-10-01,1654.89,1942.7,1798.79
Maharashtra,Nashik,Agricultural Market,Maize,2022-11-01,1639.03,1924.08,1781.55
Maharashtra,Nashik,Central Mandi,Maize,2022-12-01,1603.41,1882.26,1742.84
Maharashtra,Nashik,Central Mandi,Maize,2023-01-01,1899.77,2230.17,2064.97
Maharashtra,Nashik,Central Mandi,Maize,2023-02-01,1984.5,2329.64,2157.07
Maharashtra,Nashik,Central Mandi,Maize,2023-03-01,1930.7,2266.47,2098.59
Maharashtra,Nashik,Main Market,Maize,2023-04-01,2057.8,2415.68,2236.74
Maharashtra,Nashik,Main Market,Maize,2023-05-01,2106.66,2473.04,2289.85
Maharashtra,Nashik,Central Mandi,Maize,2023-06-01,2028.12,2380.83,2204.47
Maharashtra,Nashik,Central Mandi,Maize,2023-07-01,1832.52,2151.21,1991.86
Maharashtra,Nashik,Central Mandi,Maize,2023-08-01,1571.89,1845.26,1708.58
Maharashtra,Nashik,Main Market,Maize,2023-09-01,1733.07,2034.47,1883.77
Maharashtra,Nashik,Main Market,Maize,2023-10-01,1712.51,2010.33,1861.42
Maharashtra,Nashik,Agricultural Market,Maize,2023-11-01,1562.41,1834.13,1698.27
Maharashtra,Nashik,Agricultural Market,Maize,2023-12-01,1918.75,2252.44,2085.6
Maharashtra,Nashik,Agricultural Market,Maize,2024-01-01,1937.72,2274.72,2106.22
Maharashtra,Nashik,Central Mandi,Maize,2024-02-01,1867.22,2191.95,2029.59
Maharashtra,Nashik,Main Market,Maize,2024-03-01,2353.96,2763.34,2558.65
Maharashtra,Nashik,Main Market,Maize,2024-04-01,1971.17,2313.98,2142.58
Maharashtra,Nashik,Agricultural Market,Maize,2024-05-01,2188.31,2568.88,2378.59
Maharashtra,Nashik,Agricultural Market,Maize,2024-06-01,1914.5,2247.45,2080.97
Maharashtra,Nashik,Agricultural Market,Maize,2024-07-01,1982.21,2326.94,2154.58
Maharashtra,Nashik,Main Market,Maize,2024-08-01,1833.54,2152.42,1992.98
Maharashtra,Nashik,Agricultural Market,Maize,2024-09-01,1621.58,1903.59,1762.59
Maharashtra,Nashik,Central Mandi,Maize,2024-10-01,1650.27,1937.27,1793.77
Maharashtra,Nashik,Main Market,Maize,2024-11-01,1789.98,2101.29,1945.63
Maharashtra,Nashik,Central Mandi,Maize,2024-12-01,1789.94,2101.23,1945.58
Maharashtra,Nashik,Central Mandi,Maize,2025-01-01,2090.61,2454.2,2272.4
Maharashtra,Nashik,Central Mandi,Maize,2025-02-01,1864.93,2189.26,2027.09
Maharashtra,Nashik,Central Mandi,Maize,2025-03-01,2278.03,2674.21,2476.12
Maharashtra,Nashik,Agricultural Market,Maize,2025-04-01,2080.05,2441.8,2260.93
Maharashtra,Nashik,Central Mandi,Maize,2025-05-01,2075.77,2436.77,2256.27
Maharashtra,Nashik,Agricultural Market,Maize,2025-06-01,1915.61,2248.76,2082.18
Maharashtra,Nashik,Central Mandi,Maize,2025-07-01,2002.26,2350.48,2176.37
Maharashtra,Nashik,Main Market,Maize,2025-08-01,1791.03,2102.52,1946.77
Maharashtra,Nashik,Agricultural Market,Maize,2025-09-01,1905.33,2236.69,2071.01
Maharashtra,Nashik,Agricultural Market,Maize,2025-10-01,1626.49,1909.36,1767.92
Maharashtra,Nashik,Central Mandi,Maize,2025-11-01,1641.62,1927.12,1784.37
Maharashtra,Nashik,Agricultural Market,Maize,2025-12-01,1775.48,2084.25,1929.87
Maharashtra,Nashik,Agricultural Market,Cotton,2020-01-01,6196.88,7274.6,6735.74
Maharashtra,Nashik,Main Market,Cotton,2020-02-01,6577.88,7721.86,7149.87
Maharashtra,Nashik,Agricultural Market,Cotton,2020-03-01,7798.42,9154.67,8476.55
Maharashtra,Nashik,Agricultural Market,Cotton,2020-04-01,7372.78,8655.0,8013.89
Maharashtra,Nashik,Main Market,Cotton,2020-05-01,6794.27,7975.88,7385.08
Maharashtra,Nashik,Agricultural Market,Cotton,2020-06-01,6393.67,7505.62,6949.65
Maharashtra,Nashik,Central Mandi,Cotton,2020-07-01,5832.96,6847.38,6340.17
Maharashtra,Nashik,Main Market,Cotton,2020-08-01,5747.41,6746.96,6247.18
Maharashtra,Nashik,Main Market,Cotton,2020-09-01,6200.57,7278.93,6739.75
Maharashtra,Nashik,Agricultural Market,Cotton,2020-10-01,5730.21,6726.76,6228.48
Maharashtra,Nashik,Main Market,Cotton,2020-11-01,5875.55,6897.39,6386.47
Maharashtra,Nashik,Central Mandi,Cotton,2020-12-01,6100.76,7161.76,6631.26
Maharashtra,Nashik,Main Market,Cotton,2021-01-01,6246.55,7332.91,6789.73
Maharashtra,Nashik,Main Market,Cotton,2021-02-01,7357.36,8636.91,7997.14
Maharashtra,Nashik,Central Mandi,Cotton,2021-03-01,6728.27,7898.41,7313.34
Maharashtra,Nashik,Main Market,Cotton,2021-04-01,7156.13,8400.68,7778.41
Maharashtra,Nashik,Main Market,Cotton,2021-05-01,7054.15,8280.96,7667.55
Maharashtra,Nashik,Main Market,Cotton,2021-06-01,6767.76,7944.77,7356.27
Maharashtra,Nashik,Agricultural Market,Cotton,2021-07-01,6257.38,7345.62,6801.5
Maharashtra,Nashik,Central Mandi,Cotton,2021-08-01,6220.11,7301.87,6760.99
Maharashtra,Nashik,Agricultural Market,Cotton,2021-09-01,5734.29,6731.55,6232.92
Maharashtra,Nashik,Main Market,Cotton,2021-10-01,5724.11,6719.61,6221.86
Maharashtra,Nashik,Main Market,Cotton,2021-11-01,5346.42,6276.23,5811.32
Maharashtra,Nashik,Central Mandi,Cotton,2021-12-01,5480.18,6433.26,5956.72
Maharashtra,Nashik,Agricultural Market,Cotton,2022-01-01,6482.3,7609.66,7045.98
Maharashtra,Nashik,Central Mandi,Cotton,2022-02-01,6753.57,7928.11,7340.84
Maharashtra,Nashik,Main Market,Cotton,2022-03-01,7437.98,8731.54,8084.76
Maharashtra,Nashik,Agricultural Market,Cotton,2022-04-01,7086.45,8318.87,7702.66
Maharashtra,Nashik,Agricultural Market,Cotton,2022-05-01,6900.56,8100.66,7500.61
Maharashtra,Nashik,Main Market,Cotton,2022-06-01,7031.74,8254.65,7643.2
Maharashtra,Nashik,Agricultural Market,Cotton,2022-07-01,5998.71,7041.96,6520.33
Maharashtra,Nashik,Central Mandi,Cotton,2022-08-01,6176.4,7250.56,6713.48
Maharashtra,Nashik,Main Market,Cotton,2022-09-01,5818.07,6829.9,6323.99
Maharashtra,Nashik,Central Mandi,Cotton,2022-10-01,5845.25,6861.81,6353.53
Maharashtra,Nashik,Central Mandi,Cotton,2022-11-01,6055.15,7108.22,6581.68
Maharashtra,Nashik,Central Mandi,Cotton,2022-12-01,6028.81,7077.3,6553.05
Maharashtra,Nashik,Main Market,Cotton,2023-01-01,6180.78,7255.7,6718.24
Maharashtra,Nashik,Agricultural Market,Cotton,2023-02-01,7101.57,8336.63,7719.1
Maharashtra,Nashik,Central Mandi,Cotton,2023-03-01,6998.08,8215.14,7606.61
Maharashtra,Nashik,Central Mandi,Cotton,2023-04-01,7857.1,9223.55,8540.33
Maharashtra,Nashik,Agricultural Market,Cotton,2023-05-01,6814.92,8000.12,7407.52
Maharashtra,Nashik,Central Mandi,Cotton,2023-06-01,6834.37,8022.96,7428.67
Maharashtra,Nashik,Central Mandi,Cotton,2023-07-01,6607.46,7756.59,7182.03
Maharashtra,Nashik,Main Market,Cotton,2023-08-01,6133.37,7200.04,6666.71
Maharashtra,Nashik,Main Market,Cotton,2023-09-01,6438.1,7557.77,6997.93
Maharashtra,Nashik,Agricultural Market,Cotton,2023-10-01,5834.62,6849.34,6341.98
Maharashtra,Nashik,Main Market,Cotton,2023-11-01,6187.63,7263.73,6725.68
Maharashtra,Nashik,Main Market,Cotton,2023-12-01,6390.29,7501.65,6945.97
Maharashtra,Nashik,Agricultural Market,Cotton,2024-01-01,7280.86,8547.1,7913.98
Maharashtra,Nashik,Agricultural Market,Cotton,2024-02-01,7673.24,9007.72,8340.48
Maharashtra,Nashik,Main Market,Cotton,2024-03-01,7183.58,8432.9,7808.24
Maharashtra,Nashik,Central Mandi,Cotton,2024-04-01,7499.31,8803.54,8151.42
Maharashtra,Nashik,Agricultural Market,Cotton,2024-05-01,8332.47,9781.6,9057.03
Maharashtra,Nashik,Agricultural Market,Cotton,2024-06-01,7244.12,8503.96,7874.04
Maharashtra,Nashik,Agricultural Market,Cotton,2024-07-01,6521.11,7655.21,7088.16
Maharashtra,Nashik,Agricultural Market,Cotton,2024-08-01,6226.16,7308.97,6767.56
Maharashtra,Nashik,Main Market,Cotton,2024-09-01,6066.39,7121.42,6593.9
Maharashtra,Nashik,Central Mandi,Cotton,2024-10-01,6023.34,7070.88,6547.11
Maharashtra,Nashik,Main Market,Cotton,2024-11-01,6566.98,7709.07,7138.03
Maharashtra,Nashik,Agricultural Market,Cotton,2024-12-01,6032.81,7081.99,6557.4
Maharashtra,Nashik,Agricultural Market,Cotton,2025-01-01,7352.55,8631.25,7991.9
Maharashtra,Nashik,Main Market,Cotton,2025-02-01,7006.34,8224.83,7615.58
Maharashtra,Nashik,Central Mandi,Cotton,2025-03-01,7900.21,9274.16,8587.19
Maharashtra,Nashik,Central Mandi,Cotton,2025-04-01,7894.32,9267.25,8580.79
Maharashtra,Nashik,Agricultural Market,Cotton,2025-05-01,7355.78,8635.04,7995.41
Maharashtra,Nashik,Central Mandi,Cotton,2025-06-01,7250.29,8511.21,7880.75
Maharashtra,Nashik,Central Mandi,Cotton,2025-07-01,6630.57,7783.71,7207.14
Maharashtra,Nashik,Main Market,Cotton,2025-08-01,6724.45,7893.92,7309.19
Maharashtra,Nashik,Main Market,Cotton,2025-09-01,6140.95,7208.94,6674.95
Maharashtra,Nashik,Central Mandi,Cotton,2025-10-01,5833.49,6848.01,6340.75
Maharashtra,Nashik,Main Market,Cotton,2025-11-01,6802.52,7985.57,7394.05
Maharashtra,Nashik,Central Mandi,Cotton,2025-12-01,6521.22,7655.34,7088.28
Maharashtra,Nashik,Central Mandi,Groundnut,2020-01-01,5600.74,6574.79,6087.76
Maharashtra,Nashik,Central Mandi,Groundnut,2020-02-01,5585.75,6557.18,6071.47
Maharashtra,Nashik,Main Market,Groundnut,2020-03-01,5512.61,6471.33,5991.97
Maharashtra,Nashik,Main Market,Groundnut,2020-04-01,5826.23,6839.49,6332.86
Maharashtra,Nashik,Central Mandi,Groundnut,2020-05-01,5618.52,6595.66,6107.09
Maharashtra,Nashik,Main Market,Groundnut,2020-06-01,5686.95,6675.99,6181.47
Maharashtra,Nashik,Central Mandi,Groundnut,2020-07-01,5692.82,6682.88,6187.85
Maharashtra,Nashik,Central Mandi,Groundnut,2020-08-01,5082.99,5966.99,5524.99
Maharashtra,Nashik,Central Mandi,Groundnut,2020-09-01,4539.29,5328.73,4934.01
Maharashtra,Nashik,Central Mandi,Groundnut,2020-10-01,4643.19,5450.7,5046.94
Maharashtra,Nashik,Main Market,Groundnut,2020-11-01,4393.75,5157.88,4775.81
Maharashtra,Nashik,Agricultural Market,Groundnut,2020-12-01,4990.64,5858.57,5424.61
Maharashtra,Nashik,Main Market,Groundnut,2021-01-01,5611.45,6587.35,6099.4
Maharashtra,Nashik,Main Market,Groundnut,2021-02-01,5850.95,6868.51,6359.73
Maharashtra,Nashik,Central Mandi,Groundnut,2021-03-01,5521.11,6481.3,6001.2
Maharashtra,Nashik,Main Market,Groundnut,2021-04-01,5914.57,6943.19,6428.88
Maharashtra,Nashik,Main Market,Groundnut,2021-05-01,6151.88,7221.77,6686.82
Maharashtra,Nashik,Central Mandi,Groundnut,2021-06-01,5581.39,6552.06,6066.72
Maharashtra,Nashik,Main Market,Groundnut,2021-07-01,5521.43,6481.68,6001.56
Maharashtra,Nashik,Central Mandi,Groundnut,2021-08-01,4454.07,5228.7,4841.39
Maharashtra,Nashik,Agricultural Market,Groundnut,2021-09-01,4624.97,5429.31,5027.14
Maharashtra,Nashik,Agricultural Market,Groundnut,2021-10-01,4684.32,5498.99,5091.65
Maharashtra,Nashik,Central Mandi,Groundnut,2021-11-01,4465.43,5242.03,4853.73
Maharashtra,Nashik,Agricultural Market,Groundnut,2021-12-01,4635.74,5441.95,5038.85
Maharashtra,Nashik,Central Mandi,Groundnut,2022-01-01,5743.45,6742.31,6242.88
Maharashtra,Nashik,Main Market,Groundnut,2022-02-01,6152.41,7222.39,6687.4
Maharashtra,Nashik,Central Mandi,Groundnut,2022-03-01,5896.4,6921.87,6409.13
Maharashtra,Nashik,Agricultural Market,Groundnut,2022-04-01,6224.94,7307.54,6766.24
Maharashtra,Nashik,Main Market,Groundnut,2022-05-01,5786.93,6793.35,6290.14
Maharashtra,Nashik,Central Mandi,Groundnut,2022-06-01,5687.99,6677.21,6182.6
Maharashtra,Nashik,Central Mandi,Groundnut,2022-07-01,5474.07,6426.09,5950.08
Maharashtra,Nashik,Main Market,Groundnut,2022-08-01,5442.24,6388.72,5915.48
Maharashtra,Nashik,Central Mandi,Groundnut,2022-09-01,4865.84,5712.07,5288.95
Maharashtra,Nashik,Central Mandi,Groundnut,2022-10-01,4024.56,4724.48,4374.52
Maharashtra,Nashik,Main Market,Groundnut,2022-11-01,5009.02,5880.16,5444.59
Maharashtra,Nashik,Agricultural Market,Groundnut,2022-12-01,4974.8,5839.98,5407.39
Maharashtra,Nashik,Main Market,Groundnut,2023-01-01,5656.61,6640.37,6148.49
Maharashtra,Nashik,Agricultural Market,Groundnut,2023-02-01,5608.72,6584.15,6096.44
Maharashtra,Nashik,Central Mandi,Groundnut,2023-03-01,6255.57,7343.49,6799.53
Maharashtra,Nashik,Agricultural Market,Groundnut,2023-04-01,6660.66,7819.03,7239.85
Maharashtra,Nashik,Central Mandi,Groundnut,2023-05-01,5272.26,6189.17,5730.72
Maharashtra,Nashik,Central Mandi,Groundnut,2023-06-01,5687.3,6676.4,6181.85
Maharashtra,Nashik,Central Mandi,Groundnut,2023-07-01,5926.62,6957.33,6441.97
Maharashtra,Nashik,Main Market,Groundnut,2023-08-01,5439.74,6385.78,5912.76
Maharashtra,Nashik,Central Mandi,Groundnut,2023-09-01,5234.66,6145.04,5689.85
Maharashtra,Nashik,Agricultural Market,Groundnut,2023-10-01,5508.68,6466.72,5987.7
Maharashtra,Nashik,Central Mandi,Groundnut,2023-11-01,5270.08,6186.61,5728.34
Maharashtra,Nashik,Agricultural Market,Groundnut,2023-12-01,5256.52,6170.7,5713.61
Maharashtra,Nashik,Central Mandi,Groundnut,2024-01-01,5510.64,6469.02,5989.83
Maharashtra,Nashik,Main Market,Groundnut,2024-02-01,6165.57,7237.85,6701.71
Maharashtra,Nashik,Central Mandi,Groundnut,2024-03-01,6196.44,7274.08,6735.26
Maharashtra,Nashik,Central Mandi,Groundnut,2024-04-01,6509.68,7641.79,7075.73
Maharashtra,Nashik,Agricultural Market,Groundnut,2024-05-01,6045.66,7097.08,6571.37
Maharashtra,Nashik,Main Market,Groundnut,2024-06-01,6083.33,7141.3,6612.31
Maharashtra,Nashik,Central Mandi,Groundnut,2024-07-01,5943.95,6977.69,6460.82
Maharashtra,Nashik,Agricultural Market,Groundnut,2024-08-01,4863.38,5709.19,5286.28
Maharashtra,Nashik,Agricultural Market,Groundnut,2024-09-01,5431.32,6375.89,5903.61
Maharashtra,Nashik,Agricultural Market,Groundnut,2024-10-01,5218.19,6125.7,5671.95
Maharashtra,Nashik,Main Market,Groundnut,2024-11-01,5415.68,6357.54,5886.61
Maharashtra,Nashik,Agricultural Market,Groundnut,2024-12-01,4697.85,5514.87,5106.36
Maharashtra,Nashik,Agricultural Market,Groundnut,2025-01-01,6280.16,7372.36,6826.26
Maharashtra,Nashik,Main Market,Groundnut,2025-02-01,6240.53,7325.84,6783.19
Maharashtra,Nashik,Agricultural Market,Groundnut,2025-03-01,5972.44,7011.12,6491.78
Maharashtra,Nashik,Main Market,Groundnut,2025-04-01,7001.45,8219.09,7610.27
Maharashtra,Nashik,Agricultural Market,Groundnut,2025-05-01,6102.0,7163.21,6632.6
Maharashtra,Nashik,Main Market,Groundnut,2025-06-01,5715.54,6709.55,6212.54
Maharashtra,Nashik,Main Market,Groundnut,2025-07-01,5761.05,6762.98,6262.01
Maharashtra,Nashik,Main Market,Groundnut,2025-08-01,5488.05,6442.5,5965.27
Maharashtra,Nashik,Main Market,Groundnut,2025-09-01,5539.59,6503.0,6021.29
Maharashtra,Nashik,Main Market,Groundnut,2025-10-01,5262.58,6177.81,5720.2
Maharashtra,Nashik,Main Market,Groundnut,2025-11-01,5218.46,6126.02,5672.24
Maharashtra,Nashik,Central Mandi,Groundnut,2025-12-01,5980.82,7020.97,6500.9
Maharashtra,Nashik,Main Market,Chilli,2020-01-01,8620.33,10119.52,9369.93
Maharashtra,Nashik,Main Market,Chilli,2020-02-01,10103.68,11860.85,10982.27
Maharashtra,Nashik,Agricultural Market,Chilli,2020-03-01,10956.9,12862.44,11909.67
Maharashtra,Nashik,Central Mandi,Chilli,2020-04-01,11345.49,13318.62,12332.06
Maharashtra,Nashik,Central Mandi,Chilli,2020-05-01,10322.02,12117.15,11219.58
Maharashtra,Nashik,Central Mandi,Chilli,2020-06-01,10874.56,12765.78,11820.17
Maharashtra,Nashik,Central Mandi,Chilli,2020-07-01,9205.34,10806.27,10005.81
Maharashtra,Nashik,Main Market,Chilli,2020-08-01,8488.12,9964.32,9226.22
Maharashtra,Nashik,Main Market,Chilli,2020-09-01,8524.11,10006.57,9265.34
Maharashtra,Nashik,Central Mandi,Chilli,2020-10-01,8733.85,10252.78,9493.31
Maharashtra,Nashik,Central Mandi,Chilli,2020-11-01,8430.67,9896.87,9163.77
Maharashtra,Nashik,Central Mandi,Chilli,2020-12-01,8451.63,9921.47,9186.55
Maharashtra,Nashik,Agricultural Market,Chilli,2021-01-01,9790.78,11493.52,10642.15
Maharashtra,Nashik,Central Mandi,Chilli,2021-02-01,11143.39,13081.37,12112.38
Maharashtra,Nashik,Central Mandi,Chilli,2021-03-01,11130.58,13066.33,12098.45
Maharashtra,Nashik,Central Mandi,Chilli,2021-04-01,11211.48,13161.3,12186.39
Maharashtra,Nashik,Main Market,Chilli,2021-05-01,11155.13,13095.15,12125.14
Maharashtra,Nashik,Central Mandi,Chilli,2021-06-01,10344.02,12142.98,11243.5
Maharashtra,Nashik,Main Market,Chilli,2021-07-01,10560.46,12397.06,11478.76
Maharashtra,Nashik,Agricultural Market,Chilli,2021-08-01,9449.87,11093.33,10271.6
Maharashtra,Nashik,Main Market,Chilli,2021-09-01,9307.89,10926.66,10117.28
Maharashtra,Nashik,Agricultural Market,Chilli,2021-10-01,8817.85,10351.39,9584.62
Maharashtra,Nashik,Agricultural Market,Chilli,2021-11-01,8955.86,10513.4,9734.63
Maharashtra,Nashik,Main Market,Chilli,2021-12-01,9122.19,10708.66,9915.43
Maharashtra,Nashik,Central Mandi,Chilli,2022-01-01,9872.19,11589.09,10730.64
Maharashtra,Nashik,Main Market,Chilli,2022-02-01,10095.51,11851.25,10973.38
Maharashtra,Nashik,Central Mandi,Chilli,2022-03-01,11770.37,13817.39,12793.88
Maharashtra,Nashik,Main Market,Chilli,2022-04-01,12491.39,14663.81,13577.6
Maharashtra,Nashik,Agricultural Market,Chilli,2022-05-01,11355.18,13330.0,12342.59
Maharashtra,Nashik,Main Market,Chilli,2022-06-01,9634.29,11309.82,10472.05
Maharashtra,Nashik,Main Market,Chilli,2022-07-01,10186.1,11957.59,11071.85
Maharashtra,Nashik,Main Market,Chilli,2022-08-01,8256.27,9692.14,8974.21
Maharashtra,Nashik,Central Mandi,Chilli,2022-09-01,9186.18,10783.77,9984.97
Maharashtra,Nashik,Agricultural Market,Chilli,2022-10-01,9423.23,11062.06,10242.65
Maharashtra,Nashik,Central Mandi,Chilli,2022-11-01,8617.94,10116.71,9367.32
Maharashtra,Nashik,Agricultural Market,Chilli,2022-12-01,9635.64,11311.41,10473.53
Maharashtra,Nashik,Agricultural Market,Chilli,2023-01-01,9844.79,11556.93,10700.86
Maharashtra,Nashik,Main Market,Chilli,2023-02-01,10520.32,12349.94,11435.13
Maharashtra,Nashik,Agricultural Market,Chilli,2023-03-01,11325.35,13294.97,12310.16
Maharashtra,Nashik,Main Market,Chilli,2023-04-01,11780.92,13829.78,12805.35
Maharashtra,Nashik,Main Market,Chilli,2023-05-01,12572.88,14759.47,13666.17
Maharashtra,Nashik,Main Market,Chilli,2023-06-01,10733.76,12600.5,11667.13
Maharashtra,Nashik,Central Mandi,Chilli,2023-07-01,11203.53,13151.97,12177.75
Maharashtra,Nashik,Agricultural Market,Chilli,2023-08-01,9285.41,10900.27,10092.84
Maharashtra,Nashik,Central Mandi,Chilli,2023-09-01,9040.77,10613.08,9826.92
Maharashtra,Nashik,Central Mandi,Chilli,2023-10-01,9141.51,10731.33,9936.42
Maharashtra,Nashik,Agricultural Market,Chilli,2023-11-01,9351.67,10978.05,10164.86
Maharashtra,Nashik,Central Mandi,Chilli,2023-12-01,10165.51,11933.42,11049.46
Maharashtra,Nashik,Agricultural Market,Chilli,2024-01-01,10028.06,11772.07,10900.06
Maharashtra,Nashik,Agricultural Market,Chilli,2024-02-01,10885.81,12779.0,11832.4
Maharashtra,Nashik,Central Mandi,Chilli,2024-03-01,12279.92,14415.56,13347.74
Maharashtra,Nashik,Main Market,Chilli,2024-04-01,12499.96,14673.86,13586.91
Maharashtra,Nashik,Agricultural Market,Chilli,2024-05-01,10688.88,12547.81,11618.34
Maharashtra,Nashik,Main Market,Chilli,2024-06-01,12768.27,14988.84,13878.56
Maharashtra,Nashik,Agricultural Market,Chilli,2024-07-01,10115.92,11875.21,10995.56
Maharashtra,Nashik,Agricultural Market,Chilli,2024-08-01,9482.94,11132.15,10307.54
Maharashtra,Nashik,Agricultural Market,Chilli,2024-09-01,10159.59,11926.47,11043.03
Maharashtra,Nashik,Central Mandi,Chilli,2024-10-01,9883.01,11601.8,10742.4
Maharashtra,Nashik,Agricultural Market,Chilli,2024-11-01,8976.93,10538.13,9757.53
Maharashtra,Nashik,Central Mandi,Chilli,2024-12-01,9868.09,11584.28,10726.19
Maharashtra,Nashik,Main Market,Chilli,2025-01-01,10688.13,12546.93,11617.53
Maharashtra,Nashik,Central Mandi,Chilli,2025-02-01,12152.55,14266.03,13209.29
Maharashtra,Nashik,Central Mandi,Chilli,2025-03-01,12142.64,14254.4,13198.52
Maharashtra,Nashik,Agricultural Market,Chilli,2025-04-01,12559.64,14743.93,13651.78
Maharashtra,Nashik,Main Market,Chilli,2025-05-01,11548.5,13556.94,12552.72
Maharashtra,Nashik,Agricultural Market,Chilli,2025-06-01,11773.28,13820.8,12797.04
Maharashtra,Nashik,Main Market,Chilli,2025-07-01,10699.82,12560.65,11630.24
Maharashtra,Nashik,Main Market,Chilli,2025-08-01,10630.34,12479.1,11554.72
Maharashtra,Nashik,Central Mandi,Chilli,2025-09-01,10297.13,12087.93,11192.53
Maharashtra,Nashik,Main Market,Chilli,2025-10-01,10054.19,11802.74,10928.47
Maharashtra,Nashik,Central Mandi,Chilli,2025-11-01,10633.9,12483.27,11558.58
Maharashtra,Nashik,Main Market,Chilli,2025-12-01,10990.42,12901.8,11946.11
Maharashtra,Pune,Central Mandi,Rice,2020-01-01,2155.1,2529.9,2342.5
Maharashtra,Pune,Agricultural Market,Rice,2020-02-01,1948.03,2286.82,2117.43
Maharashtra,Pune,Central Mandi,Rice,2020-03-01,2141.5,2513.93,2327.72
Maharashtra,Pune,Agricultural Market,Rice,2020-04-01,2164.02,2540.37,2352.19
Maharashtra,Pune,Agricultural Market,Rice,2020-05-01,2423.39,2844.85,2634.12
Maharashtra,Pune,Agricultural Market,Rice,2020-06-01,2058.9,2416.97,2237.94
Maharashtra,Pune,Agricultural Market,Rice,2020-07-01,2127.68,2497.71,2312.7
Maharashtra,Pune,Agricultural Market,Rice,2020-08-01,1766.48,2073.69,1920.08
Maharashtra,Pune,Main Market,Rice,2020-09-01,1981.62,2326.25,2153.94
Maharashtra,Pune,Agricultural Market,Rice,2020-10-01,1662.31,1951.4,1806.85
Maharashtra,Pune,Central Mandi,Rice,2020-11-01,1957.94,2298.45,2128.19
Maharashtra,Pune,Central Mandi,Rice,2020-12-01,1860.18,2183.68,2021.93
Maharashtra,Pune,Main Market,Rice,2021-01-01,1942.43,2280.24,2111.34
Maharashtra,Pune,Main Market,Rice,2021-02-01,1990.45,2336.61,2163.53
Maharashtra,Pune,Main Market,Rice,2021-03-01,2407.02,2825.63,2616.33
Maharashtra,Pune,Agricultural Market,Rice,2021-04-01,2528.62,2968.37,2748.5
Maharashtra,Pune,Main Market,Rice,2021-05-01,2310.9,2712.79,2511.84
Maharashtra,Pune,Main Market,Rice,2021-06-01,2136.1,2507.59,2321.85
Maharashtra,Pune,Main Market,Rice,2021-07-01,2133.41,2504.44,2318.92
Maharashtra,Pune,Agricultural Market,Rice,2021-08-01,1985.08,2330.31,2157.7
Maharashtra,Pune,Agricultural Market,Rice,2021-09-01,1775.92,2084.78,1930.35
Maharashtra,Pune,Main Market,Rice,2021-10-01,1717.37,2016.04,1866.7
Maharashtra,Pune,Agricultural Market,Rice,2021-11-01,1719.01,2017.96,1868.48
Maharashtra,Pune,Main Market,Rice,2021-12-01,1875.79,2202.01,2038.9
Maharashtra,Pune,Agricultural Market,Rice,2022-01-01,2242.0,2631.92,2436.96
Maharashtra,Pune,Central Mandi,Rice,2022-02-01,2282.11,2678.99,2480.55
Maharashtra,Pune,Agricultural Market,Rice,2022-03-01,2271.12,2666.1,2468.61
Maharashtra,Pune,Central Mandi,Rice,2022-04-01,2379.77,2793.64,2586.7
Maharashtra,Pune,Agricultural Market,Rice,2022-05-01,2296.71,2696.14,2496.42
Maharashtra,Pune,Agricultural Market,Rice,2022-06-01,2258.64,2651.44,2455.04
Maharashtra,Pune,Agricultural Market,Rice,2022-07-01,2234.39,2622.98,2428.68
Maharashtra,Pune,Central Mandi,Rice,2022-08-01,2045.31,2401.02,2223.17
Maharashtra,Pune,Agricultural Market,Rice,2022-09-01,1814.35,2129.89,1972.12
Maharashtra,Pune,Main Market,Rice,2022-10-01,1795.4,2107.64,1951.52
Maharashtra,Pune,Agricultural Market,Rice,2022-11-01,1892.82,2222.0,2057.41
Maharashtra,Pune,Agricultural Market,Rice,2022-12-01,1893.56,2222.88,2058.22
Maharashtra,Pune,Central Mandi,Rice,2023-01-01,2034.8,2388.67,2211.73
Maharashtra,Pune,Central Mandi,Rice,2023-02-01,2250.0,2641.3,2445.65
Maharashtra,Pune,Main Market,Rice,2023-03-01,2400.65,2818.15,2609.4
Maharashtra,Pune,Central Mandi,Rice,2023-04-01,2152.67,2527.05,2339.86
Maharashtra,Pune,Main Market,Rice,2023-05-01,2350.91,2759.76,2555.33
Maharashtra,Pune,Main Market,Rice,2023-06-01,2391.0,2806.83,2598.91
Maharashtra,Pune,Agricultural Market,Rice,2023-07-01,2083.27,2445.58,2264.42
Maharashtra,Pune,Agricultural Market,Rice,2023-08-01,2209.46,2593.71,2401.58
Maharashtra,Pune,Central Mandi,Rice,2023-09-01,1906.59,2238.17,2072.38
Maharashtra,Pune,Main Market,Rice,2023-10-01,1968.05,2310.32,2139.18
Maharashtra,Pune,Central Mandi,Rice,2023-11-01,2252.76,2644.55,2448.66
Maharashtra,Pune,Agricultural Market,Rice,2023-12-01,2198.25,2580.55,2389.4
Maharashtra,Pune,Main Market,Rice,2024-01-01,2241.1,2630.86,2435.98
Maharashtra,Pune,Central Mandi,Rice,2024-02-01,2332.74,2738.44,2535.59
Maharashtra,Pune,Main Market,Rice,2024-03-01,2328.43,2733.37,2530.9
Maharashtra,Pune,Central Mandi,Rice,2024-04-01,2534.37,2975.14,2754.75
Maharashtra,Pune,Agricultural Market,Rice,2024-05-01,2200.43,2583.11,2391.77
Maharashtra,Pune,Main Market,Rice,2024-06-01,2297.31,2696.84,2497.07
Maharashtra,Pune,Central Mandi,Rice,2024-07-01,2250.59,2642.0,2446.29
Maharashtra,Pune,Main Market,Rice,2024-08-01,2115.94,2483.93,2299.94
Maharashtra,Pune,Main Market,Rice,2024-09-01,1932.72,2268.85,2100.79
Maharashtra,Pune,Agricultural Market,Rice,2024-10-01,2014.46,2364.8,2189.63
Maharashtra,Pune,Main Market,Rice,2024-11-01,2118.92,2487.43,2303.17
Maharashtra,Pune,Main Market,Rice,2024-12-01,2088.01,2451.14,2269.57
Maharashtra,Pune,Central Mandi,Rice,2025-01-01,2196.83,2578.89,2387.86
Maharashtra,Pune,Central Mandi,Rice,2025-02-01,2481.06,2912.55,2696.8
Maharashtra,Pune,Agricultural Market,Rice,2025-03-01,2379.0,2792.74,2585.87
Maharashtra,Pune,Agricultural Market,Rice,2025-04-01,2446.24,2871.67,2658.95
Maharashtra,Pune,Main Market,Rice,2025-05-01,2526.91,2966.37,2746.64
Maharashtra,Pune,Agricultural Market,Rice,2025-06-01,2440.45,2864.87,2652.66
Maharashtra,Pune,Agricultural Market,Rice,2025-07-01,1844.41,2165.17,2004.79
Maharashtra,Pune,Central Mandi,Rice,2025-08-01,2130.8,2501.37,2316.09
Maharashtra,Pune,Main Market,Rice,2025-09-01,1863.77,2187.91,2025.84
Maharashtra,Pune,Agricultural Market,Rice,2025-10-01,2044.77,2400.38,2222.57
Maharashtra,Pune,Central Mandi,Rice,2025-11-01,1996.55,2343.77,2170.16
Maharashtra,Pune,Agricultural Market,Rice,2025-12-01,2297.07,2696.56,2496.81
Maharashtra,Pune,Main Market,Maize,2020-01-01,1712.23,2010.01,1861.12
Maharashtra,Pune,Agricultural Market,Maize,2020-02-01,1881.51,2208.72,2045.11
Maharashtra,Pune,Agricultural Market,Maize,2020-03-01,1959.58,2300.38,2129.98
Maharashtra,Pune,Central Mandi,Maize,2020-04-01,1803.81,2117.52,1960.66
Maharashtra,Pune,Main Market,Maize,2020-05-01,1806.4,2120.56,1963.48
Maharashtra,Pune,Central Mandi,Maize,2020-06-01,1816.71,2132.66,1974.69
Maharashtra,Pune,Central Mandi,Maize,2020-07-01,1613.22,1893.77,1753.5
Maharashtra,Pune,Central Mandi,Maize,2020-08-01,1605.53,1884.75,1745.14
Maharashtra,Pune,Main Market,Maize,2020-09-01,1498.6,1759.22,1628.91
Maharashtra,Pune,Main Market,Maize,2020-10-01,1560.06,1831.37,1695.72
Maharashtra,Pune,Main Market,Maize,2020-11-01,1429.3,1677.87,1553.59
Maharashtra,Pune,Central Mandi,Maize,2020-12-01,1676.77,1968.38,1822.58
Maharashtra,Pune,Agricultural Market,Maize,2021-01-01,1769.95,2077.77,1923.86
Maharashtra,Pune,Agricultural Market,Maize,2021-02-01,1787.84,2098.77,1943.3
Maharashtra,Pune,Agricultural Market,Maize,2021-03-01,1857.24,2180.24,2018.74
Maharashtra,Pune,Central Mandi,Maize,2021-04-01,1977.36,2321.25,2149.31
Maharashtra,Pune,Main Market,Maize,2021-05-01,2005.41,2354.18,2179.79
Maharashtra,Pune,Main Market,Maize,2021-06-01,2051.35,2408.11,2229.73
Maharashtra,Pune,Central Mandi,Maize,2021-07-01,1808.9,2123.49,1966.19
Maharashtra,Pune,Main Market,Maize,2021-08-01,1735.41,2037.22,1886.32
Maharashtra,Pune,Central Mandi,Maize,2021-09-01,1529.17,1795.11,1662.14
Maharashtra,Pune,Central Mandi,Maize,2021-10-01,1636.77,1921.43,1779.1
Maharashtra,Pune,Main Market,Maize,2021-11-01,1522.23,1786.97,1654.6
Maharashtra,Pune,Agricultural Market,Maize,2021-12-01,1606.59,1885.99,1746.29
Maharashtra,Pune,Central Mandi,Maize,2022-01-01,1867.71,2192.53,2030.12
Maharashtra,Pune,Main Market,Maize,2022-02-01,1804.77,2118.64,1961.7
Maharashtra,Pune,Agricultural Market,Maize,2022-03-01,2024.85,2377.0,2200.93
Maharashtra,Pune,Main Market,Maize,2022-04-01,1951.39,2290.76,2121.07
Maharashtra,Pune,Central Mandi,Maize,2022-05-01,1987.77,2333.47,2160.62
Maharashtra,Pune,Central Mandi,Maize,2022-06-01,1839.26,2159.13,1999.2
Maharashtra,Pune,Central Mandi,Maize,2022-07-01,1831.68,2150.24,1990.96
Maharashtra,Pune,Main Market,Maize,2022-08-01,1833.51,2152.38,1992.94
Maharashtra,Pune,Main Market,Maize,2022-09-01,1570.67,1843.82,1707.25
Maharashtra,Pune,Central Mandi,Maize,2022-10-01,1750.93,2055.44,1903.18
Maharashtra,Pune,Agricultural Market,Maize,2022-11-01,1706.96,2003.82,1855.39
Maharashtra,Pune,Agricultural Market,Maize,2022-12-01,1783.13,2093.24,1938.19
Maharashtra,Pune,Agricultural Market,Maize,2023-01-01,1864.61,2188.89,2026.75
Maharashtra,Pune,Main Market,Maize,2023-02-01,2062.99,2421.77,2242.38
Maharashtra,Pune,Main Market,Maize,2023-03-01,1963.52,2305.0,2134.26
Maharashtra,Pune,Main Market,Maize,2023-04-01,2000.97,2348.96,2174.97
Maharashtra,Pune,Main Market,Maize,2023-05-01,2019.42,2370.63,2195.02
Maharashtra,Pune,Main Market,Maize,2023-06-01,2018.42,2369.45,2193.94
Maharashtra,Pune,Main Market,Maize,2023-07-01,1768.28,2075.81,1922.05
Maharashtra,Pune,Main Market,Maize,2023-08-01,1847.21,2168.46,2007.84
Maharashtra,Pune,Main Market,Maize,2023-09-01,1728.4,2029.0,1878.7
Maharashtra,Pune,Central Mandi,Maize,2023-10-01,1684.1,1976.99,1830.54
Maharashtra,Pune,Central Mandi,Maize,2023-11-01,1765.99,2073.12,1919.55
Maharashtra,Pune,Central Mandi,Maize,2023-12-01,1683.0,1975.69,1829.34
Maharashtra,Pune,Central Mandi,Maize,2024-01-01,2038.24,2392.71,2215.47
Maharashtra,Pune,Agricultural Market,Maize,2024-02-01,2071.28,2431.5,2251.39
Maharashtra,Pune,Central Mandi,Maize,2024-03-01,2289.2,2687.32,2488.26
Maharashtra,Pune,Agricultural Market,Maize,2024-04-01,2138.53,2510.45,2324.49
Maharashtra,Pune,Agricultural Market,Maize,2024-05-01,1946.28,2284.76,2115.52
Maharashtra,Pune,Central Mandi,Maize,2024-06-01,1961.07,2302.12,2131.6
Maharashtra,Pune,Agricultural Market,Maize,2024-07-01,1945.9,2284.31,2115.11
Maharashtra,Pune,Central Mandi,Maize,2024-08-01,1780.68,2090.36,1935.52
Maharashtra,Pune,Agricultural Market,Maize,2024-09-01,1635.18,1919.56,1777.37
Maharashtra,Pune,Central Mandi,Maize,2024-10-01,1642.41,1928.05,1785.23
Maharashtra,Pune,Agricultural Market,Maize,2024-11-01,1706.28,2003.02,1854.65
Maharashtra,Pune,Main Market,Maize,2024-12-01,1822.16,2139.05,1980.6
Maharashtra,Pune,Main Market,Maize,2025-01-01,2137.29,2508.99,2323.14
Maharashtra,Pune,Agricultural Market,Maize,2025-02-01,1937.92,2274.94,2106.43
Maharashtra,Pune,Central Mandi,Maize,2025-03-01,2163.71,2540.01,2351.86
Maharashtra,Pune,Agricultural Market,Maize,2025-04-01,2005.91,2354.76,2180.34
Maharashtra,Pune,Central Mandi,Maize,2025-05-01,2166.64,2543.44,2355.04
Maharashtra,Pune,Agricultural Market,Maize,2025-06-01,2024.06,2376.07,2200.07
Maharashtra,Pune,Main Market,Maize,2025-07-01,2011.08,2360.83,2185.96
Maharashtra,Pune,Central Mandi,Maize,2025-08-01,1767.4,2074.78,1921.09
Maharashtra,Pune,Agricultural Market,Maize,2025-09-01,1919.66,2253.51,2086.58
Maharashtra,Pune,Main Market,Maize,2025-10-01,1600.92,1879.34,1740.13
Maharashtra,Pune,Agricultural Market,Maize,2025-11-01,1686.21,1979.46,1832.84
Maharashtra,Pune,Agricultural Market,Maize,2025-12-01,1921.13,2255.24,2088.19
Maharashtra,Pune,Agricultural Market,Cotton,2020-01-01,6240.1,7325.34,6782.72
Maharashtra,Pune,Agricultural Market,Cotton,2020-02-01,6697.79,7862.62,7280.2
Maharashtra,Pune,Main Market,Cotton,2020-03-01,7199.46,8451.54,7825.5
Maharashtra,Pune,Agricultural Market,Cotton,2020-04-01,7211.04,8465.13,7838.08
Maharashtra,Pune,Main Market,Cotton,2020-05-01,7000.44,8217.91,7609.17
Maharashtra,Pune,Agricultural Market,Cotton,2020-06-01,6646.93,7802.92,7224.93
Maharashtra,Pune,Main Market,Cotton,2020-07-01,6492.32,7621.42,7056.87
Maharashtra,Pune,Agricultural Market,Cotton,2020-08-01,5751.81,6752.12,6251.96
Maharashtra,Pune,Agricultural Market,Cotton,2020-09-01,6477.58,7604.12,7040.85
Maharashtra,Pune,Agricultural Market,Cotton,2020-10-01,6259.03,7347.56,6803.29
Maharashtra,Pune,Central Mandi,Cotton,2020-11-01,5697.78,6688.7,6193.24
Maharashtra,Pune,Agricultural Market,Cotton,2020-12-01,5939.61,6972.58,6456.1
Maharashtra,Pune,Main Market,Cotton,2021-01-01,6736.08,7907.57,7321.83
Maharashtra,Pune,Central Mandi,Cotton,2021-02-01,7249.56,8510.35,7879.95
Maharashtra,Pune,Agricultural Market,Cotton,2021-03-01,7345.93,8623.49,7984.71
Maharashtra,Pune,Main Market,Cotton,2021-04-01,6624.22,7776.26,7200.24
Maharashtra,Pune,Main Market,Cotton,2021-05-01,6809.0,7993.18,7401.09
Maharashtra,Pune,Central Mandi,Cotton,2021-06-01,7180.74,8429.56,7805.15
Maharashtra,Pune,Main Market,Cotton,2021-07-01,6327.26,7427.65,6877.45
Maharashtra,Pune,Main Market,Cotton,2021-08-01,6340.29,7442.94,6891.61
Maharashtra,Pune,Central Mandi,Cotton,2021-09-01,5668.12,6653.88,6161.0
Maharashtra,Pune,Agricultural Market,Cotton,2021-10-01,5774.87,6779.2,6277.04
Maharashtra,Pune,Agricultural Market,Cotton,2021-11-01,4806.35,5642.24,5224.29
Maharashtra,Pune,Agricultural Market,Cotton,2021-12-01,5608.07,6583.39,6095.73
Maharashtra,Pune,Main Market,Cotton,2022-01-01,6819.49,8005.49,7412.49
Maharashtra,Pune,Central Mandi,Cotton,2022-02-01,7322.34,8595.79,7959.07
Maharashtra,Pune,Central Mandi,Cotton,2022-03-01,6613.82,7764.05,7188.94
Maharashtra,Pune,Agricultural Market,Cotton,2022-04-01,7200.28,8452.5,7826.39
Maharashtra,Pune,Main Market,Cotton,2022-05-01,7465.61,8763.98,8114.8
Maharashtra,Pune,Agricultural Market,Cotton,2022-06-01,7079.55,8310.78,7695.16
Maharashtra,Pune,Central Mandi,Cotton,2022-07-01,6218.96,7300.51,6759.73
Maharashtra,Pune,Agricultural Market,Cotton,2022-08-01,6259.0,7347.52,6803.26
Maharashtra,Pune,Main Market,Cotton,2022-09-01,6467.95,7592.81,7030.38
Maharashtra,Pune,Central Mandi,Cotton,2022-10-01,5834.95,6849.72,6342.34
Maharashtra,Pune,Agricultural Market,Cotton,2022-11-01,6109.55,7172.08,6640.81
Maharashtra,Pune,Central Mandi,Cotton,2022-12-01,6106.34,7168.31,6637.32
Maharashtra,Pune,Central Mandi,Cotton,2023-01-01,6933.57,8139.41,7536.49
Maharashtra,Pune,Main Market,Cotton,2023-02-01,6958.23,8168.35,7563.29
Maharashtra,Pune,Agricultural Market,Cotton,2023-03-01,7809.65,9167.85,8488.75
Maharashtra,Pune,Main Market,Cotton,2023-04-01,7613.07,8937.09,8275.08
Maharashtra,Pune,Central Mandi,Cotton,2023-05-01,7737.35,9082.97,8410.16
Maharashtra,Pune,Main Market,Cotton,2023-06-01,7372.13,8654.24,8013.19
Maharashtra,Pune,Central Mandi,Cotton,2023-07-01,6689.19,7852.53,7270.86
Maharashtra,Pune,Agricultural Market,Cotton,2023-08-01,6592.46,7738.98,7165.72
Maharashtra,Pune,Main Market,Cotton,2023-09-01,6436.97,7556.44,6996.71
Maharashtra,Pune,Central Mandi,Cotton,2023-10-01,5661.37,6645.96,6153.67
Maharashtra,Pune,Agricultural Market,Cotton,2023-11-01,6181.96,7257.08,6719.52
Maharashtra,Pune,Main Market,Cotton,2023-12-01,6292.1,7386.38,6839.24
Maharashtra,Pune,Main Market,Cotton,2024-01-01,6891.08,8089.53,7490.31
Maharashtra,Pune,Agricultural Market,Cotton,2024-02-01,7262.67,8525.74,7894.21
Maharashtra,Pune,Central Mandi,Cotton,2024-03-01,7145.17,8387.81,7766.49
Maharashtra,Pune,Agricultural Market,Cotton,2024-04-01,8180.54,9603.25,8891.89
Maharashtra,Pune,Main Market,Cotton,2024-05-01,8067.09,9470.06,8768.57
Maharashtra,Pune,Central Mandi,Cotton,2024-06-01,6679.17,7840.76,7259.96
Maharashtra,Pune,Central Mandi,Cotton,2024-07-01,6614.9,7765.32,7190.11
Maharashtra,Pune,Agricultural Market,Cotton,2024-08-01,6743.13,7915.85,7329.49
Maharashtra,Pune,Central Mandi,Cotton,2024-09-01,6628.55,7781.34,7204.95
Maharashtra,Pune,Central Mandi,Cotton,2024-10-01,5628.95,6607.9,6118.43
Maharashtra,Pune,Agricultural Market,Cotton,2024-11-01,5800.03,6808.73,6304.38
Maharashtra,Pune,Agricultural Market,Cotton,2024-12-01,6275.96,7367.43,6821.7
Maharashtra,Pune,Main Market,Cotton,2025-01-01,6861.09,8054.33,7457.71
Maharashtra,Pune,Main Market,Cotton,2025-02-01,7552.77,8866.29,8209.53
Maharashtra,Pune,Agricultural Market,Cotton,2025-03-01,7200.26,8452.48,7826.37
Maharashtra,Pune,Agricultural Market,Cotton,2025-04-01,8449.62,9919.11,9184.37
Maharashtra,Pune,Main Market,Cotton,2025-05-01,8069.26,9472.61,8770.94
Maharashtra,Pune,Central Mandi,Cotton,2025-06-01,7511.69,8818.07,8164.88
Maharashtra,Pune,Agricultural Market,Cotton,2025-07-01,7086.14,8318.52,7702.33
Maharashtra,Pune,Agricultural Market,Cotton,2025-08-01,7197.22,8448.91,7823.06
Maharashtra,Pune,Central Mandi,Cotton,2025-09-01,6729.32,7899.64,7314.48
Maharashtra,Pune,Main Market,Cotton,2025-10-01,5918.18,6947.43,6432.8
Maharashtra,Pune,Agricultural Market,Cotton,2025-11-01,5909.08,6936.74,6422.91
Maharashtra,Pune,Main Market,Cotton,2025-12-01,7212.88,8467.29,7840.08
Maharashtra,Pune,Main Market,Groundnut,2020-01-01,5090.33,5975.61,5532.97
Maharashtra,Pune,Agricultural Market,Groundnut,2020-02-01,5207.61,6113.28,5660.45
Maharashtra,Pune,Agricultural Market,Groundnut,2020-03-01,5651.81,6634.73,6143.27
Maharashtra,Pune,Agricultural Market,Groundnut,2020-04-01,5907.65,6935.07,6421.36
Maharashtra,Pune,Main Market,Groundnut,2020-05-01,5489.09,6443.72,5966.41
Maharashtra,Pune,Main Market,Groundnut,2020-06-01,5353.0,6283.96,5818.48
Maharashtra,Pune,Agricultural Market,Groundnut,2020-07-01,5198.45,6102.53,5650.49
Maharashtra,Pune,Agricultural Market,Groundnut,2020-08-01,4645.07,5452.9,5048.99
Maharashtra,Pune,Main Market,Groundnut,2020-09-01,4855.75,5700.23,5277.99
Maharashtra,Pune,Central Mandi,Groundnut,2020-10-01,4443.74,5216.56,4830.15
Maharashtra,Pune,Central Mandi,Groundnut,2020-11-01,3974.84,4666.11,4320.48
Maharashtra,Pune,Central Mandi,Groundnut,2020-12-01,4829.16,5669.01,5249.09
Maharashtra,Pune,Agricultural Market,Groundnut,2021-01-01,5354.34,6285.53,5819.93
Maharashtra,Pune,Central Mandi,Groundnut,2021-02-01,5387.09,6323.97,5855.53
Maharashtra,Pune,Main Market,Groundnut,2021-03-01,5867.85,6888.35,6378.1
Maharashtra,Pune,Central Mandi,Groundnut,2021-04-01,5985.21,7026.11,6505.66
Maharashtra,Pune,Agricultural Market,Groundnut,2021-05-01,5596.29,6569.56,6082.92
Maharashtra,Pune,Central Mandi,Groundnut,2021-06-01,5505.35,6462.8,5984.07
Maharashtra,Pune,Central Mandi,Groundnut,2021-07-01,5449.15,6396.83,5922.99
Maharashtra,Pune,Central Mandi,Groundnut,2021-08-01,4990.64,5858.57,5424.6
Maharashtra,Pune,Main Market,Groundnut,2021-09-01,4911.74,5765.95,5338.85
Maharashtra,Pune,Main Market,Groundnut,2021-10-01,5096.34,5982.66,5539.5
Maharashtra,Pune,Central Mandi,Groundnut,2021-11-01,4995.45,5864.22,5429.83
Maharashtra,Pune,Main Market,Groundnut,2021-12-01,5598.16,6571.76,6084.96
Maharashtra,Pune,Central Mandi,Groundnut,2022-01-01,5035.12,5910.8,5472.96
Maharashtra,Pune,Agricultural Market,Groundnut,2022-02-01,5750.03,6750.04,6250.04
Maharashtra,Pune,Main Market,Groundnut,2022-03-01,5890.53,6914.97,6402.75
Maharashtra,Pune,Main Market,Groundnut,2022-04-01,6884.25,8081.51,7482.88
Maharashtra,Pune,Main Market,Groundnut,2022-05-01,5710.92,6704.13,6207.53
Maharashtra,Pune,Main Market,Groundnut,2022-06-01,5178.18,6078.74,5628.46
Maharashtra,Pune,Main Market,Groundnut,2022-07-01,5605.54,6580.41,6092.98
Maharashtra,Pune,Main Market,Groundnut,2022-08-01,4385.98,5148.76,4767.37
Maharashtra,Pune,Central Mandi,Groundnut,2022-09-01,4672.7,5485.35,5079.02
Maharashtra,Pune,Agricultural Market,Groundnut,2022-10-01,4811.5,5648.28,5229.89
Maharashtra,Pune,Main Market,Groundnut,2022-11-01,4689.63,5505.22,5097.43
Maharashtra,Pune,Agricultural Market,Groundnut,2022-12-01,5021.45,5894.74,5458.09
Maharashtra,Pune,Main Market,Groundnut,2023-01-01,5905.47,6932.5,6418.99
Maharashtra,Pune,Main Market,Groundnut,2023-02-01,6243.63,7329.48,6786.56
Maharashtra,Pune,Agricultural Market,Groundnut,2023-03-01,6303.24,7399.45,6851.34
Maharashtra,Pune,Agricultural Market,Groundnut,2023-04-01,5533.74,6496.13,6014.93
Maharashtra,Pune,Main Market,Groundnut,2023-05-01,6129.7,7195.73,6662.72
Maharashtra,Pune,Central Mandi,Groundnut,2023-06-01,5754.11,6754.82,6254.46
Maharashtra,Pune,Agricultural Market,Groundnut,2023-07-01,5255.83,6169.89,5712.86
Maharashtra,Pune,Central Mandi,Groundnut,2023-08-01,5323.93,6249.83,5786.88
Maharashtra,Pune,Main Market,Groundnut,2023-09-01,5498.68,6454.97,5976.82
Maharashtra,Pune,Agricultural Market,Groundnut,2023-10-01,4340.44,5095.3,4717.87
Maharashtra,Pune,Agricultural Market,Groundnut,2023-11-01,4715.95,5536.12,5126.03
Maharashtra,Pune,Main Market,Groundnut,2023-12-01,5043.23,5920.32,5481.77
Maharashtra,Pune,Agricultural Market,Groundnut,2024-01-01,5738.12,6736.06,6237.09
Maharashtra,Pune,Central Mandi,Groundnut,2024-02-01,5529.92,6491.65,6010.78
Maharashtra,Pune,Main Market,Groundnut,2024-03-01,6056.07,7109.31,6582.69
Maharashtra,Pune,Agricultural Market,Groundnut,2024-04-01,6712.48,7879.86,7296.17
Maharashtra,Pune,Central Mandi,Groundnut,2024-05-01,6780.78,7960.05,7370.42
Maharashtra,Pune,Main Market,Groundnut,2024-06-01,5555.01,6521.09,6038.05
Maharashtra,Pune,Central Mandi,Groundnut,2024-07-01,5479.47,6432.42,5955.95
Maharashtra,Pune,Main Market,Groundnut,2024-08-01,5166.4,6064.9,5615.65
Maharashtra,Pune,Central Mandi,Groundnut,2024-09-01,4816.13,5653.72,5234.93
Maharashtra,Pune,Main Market,Groundnut,2024-10-01,5036.55,5912.47,5474.51
Maharashtra,Pune,Central Mandi,Groundnut,2024-11-01,4550.0,5341.3,4945.65
Maharashtra,Pune,Agricultural Market,Groundnut,2024-12-01,5483.52,6437.18,5960.35
Maharashtra,Pune,Main Market,Groundnut,2025-01-01,6395.78,7508.08,6951.93
Maharashtra,Pune,Main Market,Groundnut,2025-02-01,6223.29,7305.6,6764.44
Maharashtra,Pune,Central Mandi,Groundnut,2025-03-01,6509.18,7641.22,7075.2
Maharashtra,Pune,Central Mandi,Groundnut,2025-04-01,6714.34,7882.05,7298.2
Maharashtra,Pune,Main Market,Groundnut,2025-05-01,6151.56,7221.4,6686.48
Maharashtra,Pune,Central Mandi,Groundnut,2025-06-01,6473.6,7599.45,7036.53
Maharashtra,Pune,Central Mandi,Groundnut,2025-07-01,6026.77,7074.9,6550.84
Maharashtra,Pune,Main Market,Groundnut,2025-08-01,5276.71,6194.4,5735.56
Maharashtra,Pune,Central Mandi,Groundnut,2025-09-01,5297.22,6218.48,5757.85
Maharashtra,Pune,Central Mandi,Groundnut,2025-10-01,5426.63,6370.4,5898.51
Maharashtra,Pune,Central Mandi,Groundnut,2025-11-01,4919.62,5775.21,5347.41
Maharashtra,Pune,Central Mandi,Groundnut,2025-12-01,5094.05,5979.97,5537.01
Maharashtra,Pune,Agricultural Market,Chilli,2020-01-01,9691.8,11377.33,10534.57
Maharashtra,Pune,Main Market,Chilli,2020-02-01,10142.42,11906.32,11024.37
Maharashtra,Pune,Agricultural Market,Chilli,2020-03-01,10011.99,11753.21,10882.6
Maharashtra,Pune,Central Mandi,Chilli,2020-04-01,10847.14,12733.59,11790.36
Maharashtra,Pune,Main Market,Chilli,2020-05-01,9798.15,11502.18,10650.16
Maharashtra,Pune,Central Mandi,Chilli,2020-06-01,10119.01,11878.84,10998.92
Maharashtra,Pune,Central Mandi,Chilli,2020-07-01,9620.69,11293.86,10457.27
Maharashtra,Pune,Main Market,Chilli,2020-08-01,8875.98,10419.62,9647.8
Maharashtra,Pune,Central Mandi,Chilli,2020-09-01,9537.95,11196.73,10367.34
Maharashtra,Pune,Central Mandi,Chilli,2020-10-01,8362.01,9816.27,9089.14
Maharashtra,Pune,Central Mandi,Chilli,2020-11-01,8464.32,9936.38,9200.35
Maharashtra,Pune,Agricultural Market,Chilli,2020-12-01,8995.83,10560.33,9778.08
Maharashtra,Pune,Central Mandi,Chilli,2021-01-01,10623.07,12470.57,11546.82
Maharashtra,Pune,Main Market,Chilli,2021-02-01,9934.3,11662.01,10798.15
Maharashtra,Pune,Central Mandi,Chilli,2021-03-01,11616.31,13636.54,12626.43
Maharashtra,Pune,Agricultural Market,Chilli,2021-04-01,9200.02,10800.02,10000.02
Maharashtra,Pune,Agricultural Market,Chilli,2021-05-01,11403.3,13386.49,12394.89
Maharashtra,Pune,Main Market,Chilli,2021-06-01,10458.8,12277.73,11368.26
Maharashtra,Pune,Agricultural Market,Chilli,2021-07-01,9671.57,11353.58,10512.58
Maharashtra,Pune,Central Mandi,Chilli,2021-08-01,9169.63,10764.35,9966.99
Maharashtra,Pune,Agricultural Market,Chilli,2021-09-01,9371.6,11001.44,10186.52
Maharashtra,Pune,Main Market,Chilli,2021-10-01,8858.48,10399.08,9628.78
Maharashtra,Pune,Main Market,Chilli,2021-11-01,8695.99,10208.34,9452.17
Maharashtra,Pune,Central Mandi,Chilli,2021-12-01,9398.87,11033.46,10216.17
Maharashtra,Pune,Central Mandi,Chilli,2022-01-01,9060.43,10636.16,9848.3
Maharashtra,Pune,Main Market,Chilli,2022-02-01,10586.13,12427.19,11506.66
Maharashtra,Pune,Agricultural Market,Chilli,2022-03-01,10909.97,12807.36,11858.66
Maharashtra,Pune,Agricultural Market,Chilli,2022-04-01,10709.45,12571.96,11640.71
Maharashtra,Pune,Central Mandi,Chilli,2022-05-01,11815.0,13869.79,12842.4
Maharashtra,Pune,Agricultural Market,Chilli,2022-06-01,11075.91,13002.15,12039.03
Maharashtra,Pune,Main Market,Chilli,2022-07-01,10179.83,11950.23,11065.03
Maharashtra,Pune,Agricultural Market,Chilli,2022-08-01,8933.78,10487.49,9710.64
Maharashtra,Pune,Agricultural Market,Chilli,2022-09-01,8884.81,10430.0,9657.4
Maharashtra,Pune,Central Mandi,Chilli,2022-10-01,8806.24,10337.76,9572.0
Maharashtra,Pune,Agricultural Market,Chilli,2022-11-01,8755.02,10277.63,9516.33
Maharashtra,Pune,Agricultural Market,Chilli,2022-12-01,8408.64,9871.01,9139.83
Maharashtra,Pune,Main Market,Chilli,2023-01-01,10013.1,11754.51,10883.81
Maharashtra,Pune,Main Market,Chilli,2023-02-01,11439.2,13428.62,12433.91
Maharashtra,Pune,Central Mandi,Chilli,2023-03-01,9462.0,11107.57,10284.78
Maharashtra,Pune,Agricultural Market,Chilli,2023-04-01,11427.64,13415.05,12421.34
Maharashtra,Pune,Central Mandi,Chilli,2023-05-01,11620.21,13641.12,12630.67
Maharashtra,Pune,Main Market,Chilli,2023-06-01,10581.87,12422.2,11502.04
Maharashtra,Pune,Agricultural Market,Chilli,2023-07-01,10662.56,12516.92,11589.74
Maharashtra,Pune,Agricultural Market,Chilli,2023-08-01,10661.9,12516.15,11589.03
Maharashtra,Pune,Agricultural Market,Chilli,2023-09-01,9446.74,11089.65,10268.19
Maharashtra,Pune,Agricultural Market,Chilli,2023-10-01,9340.59,10965.04,10152.81
Maharashtra,Pune,Agricultural Market,Chilli,2023-11-01,9564.58,11227.98,10396.28
Maharashtra,Pune,Central Mandi,Chilli,2023-12-01,10358.41,12159.88,11259.15
Maharashtra,Pune,Central Mandi,Chilli,2024-01-01,11573.7,13586.52,12580.11
Maharashtra,Pune,Agricultural Market,Chilli,2024-02-01,10786.76,12662.72,11724.74
Maharashtra,Pune,Agricultural Market,Chilli,2024-03-01,11004.38,12918.19,11961.29
Maharashtra,Pune,Agricultural Market,Chilli,2024-04-01,11950.8,14029.21,12990.0
Maharashtra,Pune,Main Market,Chilli,2024-05-01,12365.83,14516.41,13441.12
Maharashtra,Pune,Main Market,Chilli,2024-06-01,11482.98,13480.02,12481.5
Maharashtra,Pune,Agricultural Market,Chilli,2024-07-01,10606.07,12450.6,11528.33
Maharashtra,Pune,Central Mandi,Chilli,2024-08-01,10144.25,11908.47,11026.36
Maharashtra,Pune,Agricultural Market,Chilli,2024-09-01,10943.45,12846.66,11895.05
Maharashtra,Pune,Central Mandi,Chilli,2024-10-01,10123.29,11883.87,11003.58
Maharashtra,Pune,Central Mandi,Chilli,2024-11-01,9027.04,10596.97,9812.0
Maharashtra,Pune,Central Mandi,Chilli,2024-12-01,10348.76,12148.54,11248.65
Maharashtra,Pune,Central Mandi,Chilli,2025-01-01,10811.15,12691.35,11751.25
Maharashtra,Pune,Main Market,Chilli,2025-02-01,11634.52,13657.91,12646.22
Maharashtra,Pune,Central Mandi,Chilli,2025-03-01,11038.78,12958.56,11998.67
Maharashtra,Pune,Main Market,Chilli,2025-04-01,12058.53,14155.67,13107.1
Maharashtra,Pune,Central Mandi,Chilli,2025-05-01,11763.53,13809.37,12786.45
Maharashtra,Pune,Main Market,Chilli,2025-06-01,11663.58,13692.03,12677.8
Maharashtra,Pune,Main Market,Chilli,2025-07-01,10597.4,12440.42,11518.91
Maharashtra,Pune,Central Mandi,Chilli,2025-08-01,11076.8,13003.21,12040.0
Maharashtra,Pune,Main Market,Chilli,2025-09-01,9646.73,11324.43,10485.58
Maharashtra,Pune,Agricultural Market,Chilli,2025-10-01,10061.03,11810.77,10935.9
Maharashtra,Pune,Central Mandi,Chilli,2025-11-01,9166.44,10760.6,9963.52
Maharashtra,Pune,Central Mandi,Chilli,2025-12-01,9646.16,11323.76,10484.96
Maharashtra,Nagpur,Agricultural Market,Rice,2020-01-01,2161.74,2537.7,2349.72
Maharashtra,Nagpur,Central Mandi,Rice,2020-02-01,2115.03,2482.86,2298.94
Maharashtra,Nagpur,Agricultural Market,Rice,2020-03-01,2300.21,2700.25,2500.23
Maharashtra,Nagpur,Agricultural Market,Rice,2020-04-01,2362.69,2773.59,2568.14
Maharashtra,Nagpur,Main Market,Rice,2020-05-01,2196.9,2578.97,2387.93
Maharashtra,Nagpur,Central Mandi,Rice,2020-06-01,2218.66,2604.51,2411.59
Maharashtra,Nagpur,Main Market,Rice,2020-07-01,2095.15,2459.52,2277.33
Maharashtra,Nagpur,Main Market,Rice,2020-08-01,1958.86,2299.53,2129.19
Maharashtra,Nagpur,Agricultural Market,Rice,2020-09-01,1819.99,2136.51,1978.25
Maharashtra,Nagpur,Agricultural Market,Rice,2020-10-01,1972.55,2315.6,2144.07
Maharashtra,Nagpur,Agricultural Market,Rice,2020-11-01,1845.21,2166.11,2005.66
Maharashtra,Nagpur,Agricultural Market,Rice,2020-12-01,2045.52,2401.26,2223.39
Maharashtra,Nagpur,Central Mandi,Rice,2021-01-01,2199.49,2582.01,2390.75
Maharashtra,Nagpur,Central Mandi,Rice,2021-02-01,2348.63,2757.09,2552.86
Maharashtra,Nagpur,Main Market,Rice,2021-03-01,2232.95,2621.29,2427.12
Maharashtra,Nagpur,Main Market,Rice,2021-04-01,2349.11,2757.65,2553.38
Maharashtra,Nagpur,Agricultural Market,Rice,2021-05-01,2199.7,2582.25,2390.98
Maharashtra,Nagpur,Agricultural Market,Rice,2021-06-01,2293.84,2692.76,2493.3
Maharashtra,Nagpur,Main Market,Rice,2021-07-01,2155.88,2530.82,2343.35
Maharashtra,Nagpur,Agricultural Market,Rice,2021-08-01,2012.46,2362.45,2187.45
Maharashtra,Nagpur,Agricultural Market,Rice,2021-09-01,2052.17,2409.07,2230.62
Maharashtra,Nagpur,Agricultural Market,Rice,2021-10-01,1826.79,2144.49,1985.64
Maharashtra,Nagpur,Central Mandi,Rice,2021-11-01,1791.47,2103.03,1947.25
Maharashtra,Nagpur,Agricultural Market,Rice,2021-12-01,1975.64,2319.23,2147.43
Maharashtra,Nagpur,Agricultural Market,Rice,2022-01-01,2240.01,2629.58,2434.8
Maharashtra,Nagpur,Central Mandi,Rice,2022-02-01,2252.16,2643.84,2448.0
Maharashtra,Nagpur,Main Market,Rice,2022-03-01,2262.84,2656.38,2459.61
Maharashtra,Nagpur,Main Market,Rice,2022-04-01,2284.73,2682.08,2483.4
Maharashtra,Nagpur,Agricultural Market,Rice,2022-05-01,2479.8,2911.07,2695.44
Maharashtra,Nagpur,Agricultural Market,Rice,2022-06-01,2577.5,3025.77,2801.64
Maharashtra,Nagpur,Central Mandi,Rice,2022-07-01,2174.29,2552.43,2363.36
Maharashtra,Nagpur,Central Mandi,Rice,2022-08-01,2017.91,2368.85,2193.38
Maharashtra,Nagpur,Agricultural Market,Rice,2022-09-01,1909.9,2242.05,2075.98
Maharashtra,Nagpur,Agricultural Market,Rice,2022-10-01,1849.86,2171.58,2010.72
Maharashtra,Nagpur,Agricultural Market,Rice,2022-11-01,1856.52,2179.39,2017.95
Maharashtra,Nagpur,Agricultural Market,Rice,2022-12-01,2096.39,2460.98,2278.69
Maharashtra,Nagpur,Agricultural Market,Rice,2023-01-01,2419.14,2839.86,2629.5
Maharashtra,Nagpur,Agricultural Market,Rice,2023-02-01,2367.98,2779.81,2573.9
Maharashtra,Nagpur,Central Mandi,Rice,2023-03-01,2297.79,2697.4,2497.6
Maharashtra,Nagpur,Central Mandi,Rice,2023-04-01,2295.1,2694.25,2494.68
Maharashtra,Nagpur,Central Mandi,Rice,2023-05-01,2430.89,2853.65,2642.27
Maharashtra,Nagpur,Central Mandi,Rice,2023-06-01,2310.83,2712.71,2511.77
Maharashtra,Nagpur,Central Mandi,Rice,2023-07-01,2295.32,2694.51,2494.92
Maharashtra,Nagpur,Central Mandi,Rice,2023-08-01,2178.32,2557.16,2367.74
Maharashtra,Nagpur,Agricultural Market,Rice,2023-09-01,1811.88,2126.99,1969.44
Maharashtra,Nagpur,Central Mandi,Rice,2023-10-01,1881.71,2208.96,2045.34
Maharashtra,Nagpur,Agricultural Market,Rice,2023-11-01,1765.28,2072.29,1918.79
Maharashtra,Nagpur,Agricultural Market,Rice,2023-12-01,2008.41,2357.69,2183.05
Maharashtra,Nagpur,Main Market,Rice,2024-01-01,2207.6,2591.53,2399.57
Maharashtra,Nagpur,Central Mandi,Rice,2024-02-01,2247.52,2638.39,2442.96
Maharashtra,Nagpur,Central Mandi,Rice,2024-03-01,2565.02,3011.11,2788.07
Maharashtra,Nagpur,Agricultural Market,Rice,2024-04-01,2444.09,2869.15,2656.62
Maharashtra,Nagpur,Central Mandi,Rice,2024-05-01,2580.35,3029.11,2804.73
Maharashtra,Nagpur,Agricultural Market,Rice,2024-06-01,2412.66,2832.26,2622.46
Maharashtra,Nagpur,Agricultural Market,Rice,2024-07-01,2259.92,2652.95,2456.44
Maharashtra,Nagpur,Agricultural Market,Rice,2024-08-01,2090.42,2453.97,2272.2
Maharashtra,Nagpur,Main Market,Rice,2024-09-01,2036.78,2391.0,2213.89
Maharashtra,Nagpur,Agricultural Market,Rice,2024-10-01,2033.66,2387.34,2210.5
Maharashtra,Nagpur,Main Market,Rice,2024-11-01,1937.5,2274.46,2105.98
Maharashtra,Nagpur,Central Mandi,Rice,2024-12-01,2210.07,2594.43,2402.25
Maharashtra,Nagpur,Main Market,Rice,2025-01-01,2247.78,2638.7,2443.24
Maharashtra,Nagpur,Main Market,Rice,2025-02-01,2607.99,3061.56,2834.77
Maharashtra,Nagpur,Agricultural Market,Rice,2025-03-01,2588.25,3038.38,2813.32
Maharashtra,Nagpur,Main Market,Rice,2025-04-01,2402.66,2820.52,2611.59
Maharashtra,Nagpur,Main Market,Rice,2025-05-01,2550.54,2994.12,2772.33
Maharashtra,Nagpur,Agricultural Market,Rice,2025-06-01,2375.88,2789.08,2582.48
Maharashtra,Nagpur,Main Market,Rice,2025-07-01,2340.57,2747.63,2544.1
Maharashtra,Nagpur,Agricultural Market,Rice,2025-08-01,2269.92,2664.69,2467.3
Maharashtra,Nagpur,Agricultural Market,Rice,2025-09-01,2048.46,2404.72,2226.59
Maharashtra,Nagpur,Main Market,Rice,2025-10-01,2258.86,2651.7,2455.28
Maharashtra,Nagpur,Central Mandi,Rice,2025-11-01,1887.99,2216.34,2052.16
Maharashtra,Nagpur,Main Market,Rice,2025-12-01,2259.08,2651.97,2455.53
Maharashtra,Nagpur,Agricultural Market,Maize,2020-01-01,1620.14,1901.9,1761.02
Maharashtra,Nagpur,Main Market,Maize,2020-02-01,1896.21,2225.99,2061.1
Maharashtra,Nagpur,Agricultural Market,Maize,2020-03-01,1822.27,2139.19,1980.73
Maharashtra,Nagpur,Central Mandi,Maize,2020-04-01,1938.3,2275.39,2106.84
Maharashtra,Nagpur,Main Market,Maize,2020-05-01,2117.42,2485.67,2301.55
Maharashtra,Nagpur,Main Market,Maize,2020-06-01,1647.41,1933.92,1790.67
Maharashtra,Nagpur,Agricultural Market,Maize,2020-07-01,1800.63,2113.78,1957.21
Maharashtra,Nagpur,Main Market,Maize,2020-08-01,1522.67,1787.48,1655.08
Maharashtra,Nagpur,Main Market,Maize,2020-09-01,1642.59,1928.26,1785.43
Maharashtra,Nagpur,Central Mandi,Maize,2020-10-01,1711.69,2009.38,1860.54
Maharashtra,Nagpur,Central Mandi,Maize,2020-11-01,1561.01,1832.49,1696.75
Maharashtra,Nagpur,Main Market,Maize,2020-12-01,1476.1,1732.81,1604.45
Maharashtra,Nagpur,Main Market,Maize,2021-01-01,1768.38,2075.93,1922.16
Maharashtra,Nagpur,Central Mandi,Maize,2021-02-01,1675.21,1966.55,1820.88
Maharashtra,Nagpur,Agricultural Market,Maize,2021-03-01,2122.59,2491.73,2307.16
Maharashtra,Nagpur,Agricultural Market,Maize,2021-04-01,1908.76,2240.72,2074.74
Maharashtra,Nagpur,Central Mandi,Maize,2021-05-01,1837.6,2157.19,1997.39
Maharashtra,Nagpur,Agricultural Market,Maize,2021-06-01,2030.16,2383.23,2206.7
Maharashtra,Nagpur,Central Mandi,Maize,2021-07-01,1682.34,1974.93,1828.64
Maharashtra,Nagpur,Central Mandi,Maize,2021-08-01,1662.28,1951.37,1806.83
Maharashtra,Nagpur,Central Mandi,Maize,2021-09-01,1507.52,1769.7,1638.61
Maharashtra,Nagpur,Agricultural Market,Maize,2021-10-01,1430.89,1679.74,1555.32
Maharashtra,Nagpur,Main Market,Maize,2021-11-01,1584.34,1859.88,1722.11
Maharashtra,Nagpur,Main Market,Maize,2021-12-01,1663.52,1952.83,1808.17
Maharashtra,Nagpur,Agricultural Market,Maize,2022-01-01,1727.4,2027.82,1877.61
Maharashtra,Nagpur,Agricultural Market,Maize,2022-02-01,1993.77,2340.52,2167.15
Maharashtra,Nagpur,Main Market,Maize,2022-03-01,1755.54,2060.86,1908.2
Maharashtra,Nagpur,Main Market,Maize,2022-04-01,2154.34,2529.0,2341.67
Maharashtra,Nagpur,Agricultural Market,Maize,2022-05-01,1979.46,2323.72,2151.59
Maharashtra,Nagpur,Central Mandi,Maize,2022-06-01,1958.75,2299.41,2129.08
Maharashtra,Nagpur,Central Mandi,Maize,2022-07-01,1779.06,2088.47,1933.76
Maharashtra,Nagpur,Main Market,Maize,2022-08-01,1708.84,2006.03,1857.44
Maharashtra,Nagpur,Main Market,Maize,2022-09-01,1677.55,1969.29,1823.42
Maharashtra,Nagpur,Agricultural Market,Maize,2022-10-01,1705.4,2001.99,1853.69
Maharashtra,Nagpur,Central Mandi,Maize,2022-11-01,1611.98,1892.32,1752.15
Maharashtra,Nagpur,Central Mandi,Maize,2022-12-01,1738.27,2040.58,1889.42
Maharashtra,Nagpur,Central Mandi,Maize,2023-01-01,1827.53,2145.37,1986.45
Maharashtra,Nagpur,Agricultural Market,Maize,2023-02-01,2016.63,2367.34,2191.99
Maharashtra,Nagpur,Main Market,Maize,2023-03-01,2046.79,2402.75,2224.77
Maharashtra,Nagpur,Main Market,Maize,2023-04-01,1980.48,2324.91,2152.7
Maharashtra,Nagpur,Agricultural Market,Maize,2023-05-01,2042.71,2397.96,2220.33
Maharashtra,Nagpur,Agricultural Market,Maize,2023-06-01,1995.71,2342.79,2169.25
Maharashtra,Nagpur,Main Market,Maize,2023-07-01,1820.68,2137.32,1979.0
Maharashtra,Nagpur,Main Market,Maize,2023-08-01,1796.59,2109.04,1952.81
Maharashtra,Nagpur,Central Mandi,Maize,2023-09-01,1719.02,2017.98,1868.5
Maharashtra,Nagpur,Agricultural Market,Maize,2023-10-01,1705.55,2002.17,1853.86
Maharashtra,Nagpur,Main Market,Maize,2023-11-01,1541.0,1809.0,1675.0
Maharashtra,Nagpur,Central Mandi,Maize,2023-12-01,1862.82,2186.79,2024.8
Maharashtra,Nagpur,Agricultural Market,Maize,2024-01-01,1938.66,2275.81,2107.24
Maharashtra,Nagpur,Central Mandi,Maize,2024-02-01,2092.53,2456.45,2274.49
Maharashtra,Nagpur,Main Market,Maize,2024-03-01,2062.45,2421.14,2241.79
Maharashtra,Nagpur,Central Mandi,Maize,2024-04-01,2156.69,2531.76,2344.22
Maharashtra,Nagpur,Central Mandi,Maize,2024-05-01,2082.25,2444.38,2263.32
Maharashtra,Nagpur,Central Mandi,Maize,2024-06-01,2079.75,2441.45,2260.6
Maharashtra,Nagpur,Main Market,Maize,2024-07-01,2028.25,2380.99,2204.62
Maharashtra,Nagpur,Agricultural Market,Maize,2024-08-01,1773.84,2082.33,1928.08
Maharashtra,Nagpur,Main Market,Maize,2024-09-01,1779.59,2089.09,1934.34
Maharashtra,Nagpur,Central Mandi,Maize,2024-10-01,1688.57,1982.24,1835.41
Maharashtra,Nagpur,Central Mandi,Maize,2024-11-01,1635.03,1919.38,1777.2
Maharashtra,Nagpur,Main Market,Maize,2024-12-01,1917.41,2250.87,2084.14
Maharashtra,Nagpur,Main Market,Maize,2025-01-01,1730.74,2031.74,1881.24
Maharashtra,Nagpur,Agricultural Market,Maize,2025-02-01,2077.97,2439.36,2258.67
Maharashtra,Nagpur,Agricultural Market,Maize,2025-03-01,2299.51,2699.43,2499.47
Maharashtra,Nagpur,Main Market,Maize,2025-04-01,2146.81,2520.17,2333.49
Maharashtra,Nagpur,Central Mandi,Maize,2025-05-01,2215.19,2600.44,2407.81
Maharashtra,Nagpur,Agricultural Market,Maize,2025-06-01,2086.58,2449.46,2268.02
Maharashtra,Nagpur,Main Market,Maize,2025-07-01,2034.95,2388.86,2211.91
Maharashtra,Nagpur,Central Mandi,Maize,2025-08-01,1975.68,2319.28,2147.48
Maharashtra,Nagpur,Central Mandi,Maize,2025-09-01,1826.11,2143.7,1984.9
Maharashtra,Nagpur,Main Market,Maize,2025-10-01,1613.39,1893.97,1753.68
Maharashtra,Nagpur,Agricultural Market,Maize,2025-11-01,1784.49,2094.84,1939.67
Maharashtra,Nagpur,Central Mandi,Maize,2025-12-01,1912.53,2245.14,2078.83
Maharashtra,Nagpur,Central Mandi,Cotton,2020-01-01,6669.61,7829.54,7249.58
Maharashtra,Nagpur,Agricultural Market,Cotton,2020-02-01,6597.11,7744.44,7170.77
Maharashtra,Nagpur,Central Mandi,Cotton,2020-03-01,7833.42,9195.76,8514.59
Maharashtra,Nagpur,Agricultural Market,Cotton,2020-04-01,7241.61,8501.02,7871.31
Maharashtra,Nagpur,Main Market,Cotton,2020-05-01,6624.36,7776.43,7200.39
Maharashtra,Nagpur,Main Market,Cotton,2020-06-01,6492.12,7621.18,7056.65
Maharashtra,Nagpur,Central Mandi,Cotton,2020-07-01,6100.0,7160.87,6630.44
Maharashtra,Nagpur,Central Mandi,Cotton,2020-08-01,6092.32,7151.86,6622.09
Maharashtra,Nagpur,Main Market,Cotton,2020-09-01,5297.67,6219.0,5758.33
Maharashtra,Nagpur,Main Market,Cotton,2020-10-01,5545.91,6510.42,6028.16
Maharashtra,Nagpur,Central Mandi,Cotton,2020-11-01,5743.99,6742.94,6243.47
Maharashtra,Nagpur,Main Market,Cotton,2020-12-01,6075.95,7132.64,6604.29
Maharashtra,Nagpur,Central Mandi,Cotton,2021-01-01,6031.15,7080.04,6555.59
Maharashtra,Nagpur,Agricultural Market,Cotton,2021-02-01,6599.94,7747.75,7173.84
Maharashtra,Nagpur,Central Mandi,Cotton,2021-03-01,7180.65,8429.46,7805.06
Maharashtra,Nagpur,Main Market,Cotton,2021-04-01,7330.16,8604.97,7967.57
Maharashtra,Nagpur,Central Mandi,Cotton,2021-05-01,7534.75,8845.14,8189.95
Maharashtra,Nagpur,Agricultural Market,Cotton,2021-06-01,6837.34,8026.44,7431.89
Maharashtra,Nagpur,Main Market,Cotton,2021-07-01,6417.73,7533.86,6975.8
Maharashtra,Nagpur,Agricultural Market,Cotton,2021-08-01,6139.15,7206.83,6672.99
Maharashtra,Nagpur,Central Mandi,Cotton,2021-09-01,5715.15,6709.09,6212.12
Maharashtra,Nagpur,Central Mandi,Cotton,2021-10-01,5172.55,6072.13,5622.34
Maharashtra,Nagpur,Central Mandi,Cotton,2021-11-01,4992.98,5861.32,5427.15
Maharashtra,Nagpur,Main Market,Cotton,2021-12-01,5662.54,6647.33,6154.94
Maharashtra,Nagpur,Main Market,Cotton,2022-01-01,6534.36,7670.77,7102.57
Maharashtra,Nagpur,Main Market,Cotton,2022-02-01,6747.34,7920.79,7334.06
Maharashtra,Nagpur,Agricultural Market,Cotton,2022-03-01,7527.42,8836.53,8181.98
Maharashtra,Nagpur,Agricultural Market,Cotton,2022-04-01,7417.23,8707.19,8062.21
Maharashtra,Nagpur,Central Mandi,Cotton,2022-05-01,7755.0,9103.7,8429.35
Maharashtra,Nagpur,Agricultural Market,Cotton,2022-06-01,6940.91,8148.02,7544.46
Maharashtra,Nagpur,Agricultural Market,Cotton,2022-07-01,6441.1,7561.3,7001.2
Maharashtra,Nagpur,Main Market,Cotton,2022-08-01,6102.69,7164.03,6633.36
Maharashtra,Nagpur,Agricultural Market,Cotton,2022-09-01,6065.38,7120.23,6592.81
Maharashtra,Nagpur,Central Mandi,Cotton,2022-10-01,5914.17,6942.72,6428.45
Maharashtra,Nagpur,Central Mandi,Cotton,2022-11-01,5912.72,6941.02,6426.87
Maharashtra,Nagpur,Central Mandi,Cotton,2022-12-01,6338.72,7441.11,6889.91
Maharashtra,Nagpur,Main Market,Cotton,2023-01-01,7187.75,8437.79,7812.77
Maharashtra,Nagpur,Agricultural Market,Cotton,2023-02-01,7107.97,8344.14,7726.06
Maharashtra,Nagpur,Central Mandi,Cotton,2023-03-01,7151.2,8394.88,7773.04
Maharashtra,Nagpur,Main Market,Cotton,2023-04-01,6954.51,8163.99,7559.25
Maharashtra,Nagpur,Agricultural Market,Cotton,2023-05-01,7297.59,8566.73,7932.16
Maharashtra,Nagpur,Main Market,Cotton,2023-06-01,7436.54,8729.86,8083.2
Maharashtra,Nagpur,Main Market,Cotton,2023-07-01,6691.61,7855.36,7273.49
Maharashtra,Nagpur,Central Mandi,Cotton,2023-08-01,6666.21,7825.55,7245.88
Maharashtra,Nagpur,Central Mandi,Cotton,2023-09-01,5589.25,6561.3,6075.27
Maharashtra,Nagpur,Agricultural Market,Cotton,2023-10-01,6271.97,7362.75,6817.36
Maharashtra,Nagpur,Central Mandi,Cotton,2023-11-01,6223.87,7306.28,6765.07
Maharashtra,Nagpur,Main Market,Cotton,2023-12-01,5991.34,7033.32,6512.33
Maharashtra,Nagpur,Agricultural Market,Cotton,2024-01-01,6643.06,7798.38,7220.72
Maharashtra,Nagpur,Central Mandi,Cotton,2024-02-01,6664.43,7823.46,7243.94
Maharashtra,Nagpur,Central Mandi,Cotton,2024-03-01,7280.14,8546.25,7913.19
Maharashtra,Nagpur,Central Mandi,Cotton,2024-04-01,7109.32,8345.73,7727.53
Maharashtra,Nagpur,Agricultural Market,Cotton,2024-05-01,7604.68,8927.23,8265.96
Maharashtra,Nagpur,Central Mandi,Cotton,2024-06-01,7310.33,8581.69,7946.01
Maharashtra,Nagpur,Main Market,Cotton,2024-07-01,6465.57,7590.02,7027.79
Maharashtra,Nagpur,Agricultural Market,Cotton,2024-08-01,7108.16,8344.36,7726.26
Maharashtra,Nagpur,Main Market,Cotton,2024-09-01,6057.25,7110.68,6583.97
Maharashtra,Nagpur,Main Market,Cotton,2024-10-01,5787.31,6793.79,6290.55
Maharashtra,Nagpur,Central Mandi,Cotton,2024-11-01,5343.95,6273.33,5808.64
Maharashtra,Nagpur,Main Market,Cotton,2024-12-01,7373.46,8655.8,8014.63
Maharashtra,Nagpur,Main Market,Cotton,2025-01-01,6790.01,7970.88,7380.44
Maharashtra,Nagpur,Agricultural Market,Cotton,2025-02-01,7907.74,9282.99,8595.37
Maharashtra,Nagpur,Agricultural Market,Cotton,2025-03-01,7819.97,9179.97,8499.97
Maharashtra,Nagpur,Main Market,Cotton,2025-04-01,7398.7,8685.43,8042.07
Maharashtra,Nagpur,Agricultural Market,Cotton,2025-05-01,8633.65,10135.16,9384.41
Maharashtra,Nagpur,Central Mandi,Cotton,2025-06-01,7756.23,9105.14,8430.68
Maharashtra,Nagpur,Main Market,Cotton,2025-07-01,7451.97,8747.97,8099.97
Maharashtra,Nagpur,Main Market,Cotton,2025-08-01,6614.21,7764.51,7189.36
Maharashtra,Nagpur,Main Market,Cotton,2025-09-01,6333.43,7434.9,6884.16
Maharashtra,Nagpur,Agricultural Market,Cotton,2025-10-01,5978.26,7017.96,6498.11
Maharashtra,Nagpur,Central Mandi,Cotton,2025-11-01,6131.66,7198.04,6664.85
Maharashtra,Nagpur,Main Market,Cotton,2025-12-01,6577.45,7721.36,7149.41
Maharashtra,Nagpur,Central Mandi,Groundnut,2020-01-01,5311.25,6234.94,5773.1
Maharashtra,Nagpur,Agricultural Market,Groundnut,2020-02-01,4913.89,5768.48,5341.18
Maharashtra,Nagpur,Agricultural Market,Groundnut,2020-03-01,5611.51,6587.42,6099.46
Maharashtra,Nagpur,Central Mandi,Groundnut,2020-04-01,5737.12,6734.88,6236.0
Maharashtra,Nagpur,Agricultural Market,Groundnut,2020-05-01,6028.64,7077.09,6552.87
Maharashtra,Nagpur,Agricultural Market,Groundnut,2020-06-01,5358.43,6290.33,5824.38
Maharashtra,Nagpur,Agricultural Market,Groundnut,2020-07-01,4751.58,5577.94,5164.76
Maharashtra,Nagpur,Agricultural Market,Groundnut,2020-08-01,5046.55,5924.21,5485.38
Maharashtra,Nagpur,Central Mandi,Groundnut,2020-09-01,4759.92,5587.73,5173.83
Maharashtra,Nagpur,Central Mandi,Groundnut,2020-10-01,4244.07,4982.17,4613.12
Maharashtra,Nagpur,Central Mandi,Groundnut,2020-11-01,4155.53,4878.23,4516.88
Maharashtra,Nagpur,Main Market,Groundnut,2020-12-01,5155.76,6052.41,5604.08
Maharashtra,Nagpur,Main Market,Groundnut,2021-01-01,4975.55,5840.86,5408.2
Maharashtra,Nagpur,Agricultural Market,Groundnut,2021-02-01,6086.0,7144.43,6615.22
Maharashtra,Nagpur,Agricultural Market,Groundnut,2021-03-01,5640.36,6621.29,6130.82
Maharashtra,Nagpur,Main Market,Groundnut,2021-04-01,5875.3,6897.09,6386.19
Maharashtra,Nagpur,Agricultural Market,Groundnut,2021-05-01,5598.78,6572.48,6085.63
Maharashtra,Nagpur,Central Mandi,Groundnut,2021-06-01,5566.18,6534.21,6050.2
Maharashtra,Nagpur,Main Market,Groundnut,2021-07-01,5149.23,6044.75,5596.99
Maharashtra,Nagpur,Central Mandi,Groundnut,2021-08-01,5320.38,6245.66,5783.02
Maharashtra,Nagpur,Main Market,Groundnut,2021-09-01,5085.51,5969.94,5527.73
Maharashtra,Nagpur,Central Mandi,Groundnut,2021-10-01,4242.52,4980.35,4611.44
Maharashtra,Nagpur,Central Mandi,Groundnut,2021-11-01,5360.2,6292.41,5826.31
Maharashtra,Nagpur,Main Market,Groundnut,2021-12-01,5378.13,6313.46,5845.79
Maharashtra,Nagpur,Agricultural Market,Groundnut,2022-01-01,5551.7,6517.21,6034.45
Maharashtra,Nagpur,Agricultural Market,Groundnut,2022-02-01,5444.89,6391.83,5918.36
Maharashtra,Nagpur,Main Market,Groundnut,2022-03-01,6235.93,7320.44,6778.19
Maharashtra,Nagpur,Main Market,Groundnut,2022-04-01,5960.94,6997.62,6479.28
Maharashtra,Nagpur,Agricultural Market,Groundnut,2022-05-01,5936.35,6968.76,6452.56
Maharashtra,Nagpur,Agricultural Market,Groundnut,2022-06-01,5791.52,6798.74,6295.13
Maharashtra,Nagpur,Agricultural Market,Groundnut,2022-07-01,6057.41,7110.88,6584.15
Maharashtra,Nagpur,Agricultural Market,Groundnut,2022-08-01,4574.62,5370.21,4972.41
Maharashtra,Nagpur,Agricultural Market,Groundnut,2022-09-01,4783.42,5615.32,5199.37
Maharashtra,Nagpur,Agricultural Market,Groundnut,2022-10-01,4078.81,4788.17,4433.49
Maharashtra,Nagpur,Main Market,Groundnut,2022-11-01,4808.99,5645.33,5227.16
Maharashtra,Nagpur,Central Mandi,Groundnut,2022-12-01,5046.78,5924.48,5485.63
Maharashtra,Nagpur,Central Mandi,Groundnut,2023-01-01,5836.09,6851.06,6343.57
Maharashtra,Nagpur,Agricultural Market,Groundnut,2023-02-01,5928.73,6959.81,6444.27
Maharashtra,Nagpur,Agricultural Market,Groundnut,2023-03-01,6355.61,7460.93,6908.27
Maharashtra,Nagpur,Agricultural Market,Groundnut,2023-04-01,6148.47,7217.77,6683.12
Maharashtra,Nagpur,Main Market,Groundnut,2023-05-01,6237.45,7322.22,6779.83
Maharashtra,Nagpur,Central Mandi,Groundnut,2023-06-01,5860.54,6879.77,6370.15
Maharashtra,Nagpur,Agricultural Market,Groundnut,2023-07-01,5513.09,6471.88,5992.48
Maharashtra,Nagpur,Central Mandi,Groundnut,2023-08-01,5520.11,6480.13,6000.12
Maharashtra,Nagpur,Main Market,Groundnut,2023-09-01,5302.7,6224.9,5763.8
Maharashtra,Nagpur,Central Mandi,Groundnut,2023-10-01,5098.71,5985.44,5542.08
Maharashtra,Nagpur,Main Market,Groundnut,2023-11-01,4987.06,5854.38,5420.72
Maharashtra,Nagpur,Agricultural Market,Groundnut,2023-12-01,5300.97,6222.87,5761.92
Maharashtra,Nagpur,Main Market,Groundnut,2024-01-01,5847.09,6863.97,6355.53
Maharashtra,Nagpur,Central Mandi,Groundnut,2024-02-01,5957.96,6994.13,6476.05
Maharashtra,Nagpur,Main Market,Groundnut,2024-03-01,7160.39,8405.67,7783.03
Maharashtra,Nagpur,Agricultural Market,Groundnut,2024-04-01,6933.78,8139.66,7536.72
Maharashtra,Nagpur,Agricultural Market,Groundnut,2024-05-01,6867.44,8061.78,7464.61
Maharashtra,Nagpur,Central Mandi,Groundnut,2024-06-01,5882.72,6905.8,6394.26
Maharashtra,Nagpur,Agricultural Market,Groundnut,2024-07-01,5830.04,6843.96,6337.0
Maharashtra,Nagpur,Main Market,Groundnut,2024-08-01,5195.73,6099.34,5647.53
Maharashtra,Nagpur,Agricultural Market,Groundnut,2024-09-01,4974.05,5839.1,5406.58
Maharashtra,Nagpur,Agricultural Market,Groundnut,2024-10-01,4644.61,5452.36,5048.49
Maharashtra,Nagpur,Central Mandi,Groundnut,2024-11-01,5106.58,5994.68,5550.63
Maharashtra,Nagpur,Agricultural Market,Groundnut,2024-12-01,5106.34,5994.39,5550.37
Maharashtra,Nagpur,Central Mandi,Groundnut,2025-01-01,5958.15,6994.35,6476.25
Maharashtra,Nagpur,Central Mandi,Groundnut,2025-02-01,6471.6,7597.1,7034.35
Maharashtra,Nagpur,Central Mandi,Groundnut,2025-03-01,6300.66,7396.43,6848.54
Maharashtra,Nagpur,Agricultural Market,Groundnut,2025-04-01,6686.35,7849.19,7267.77
Maharashtra,Nagpur,Main Market,Groundnut,2025-05-01,6395.15,7507.35,6951.25
Maharashtra,Nagpur,Main Market,Groundnut,2025-06-01,5630.65,6609.9,6120.27
Maharashtra,Nagpur,Central Mandi,Groundnut,2025-07-01,5562.91,6530.38,6046.64
Maharashtra,Nagpur,Central Mandi,Groundnut,2025-08-01,4993.04,5861.39,5427.21
Maharashtra,Nagpur,Main Market,Groundnut,2025-09-01,5099.55,5986.42,5542.98
Maharashtra,Nagpur,Main Market,Groundnut,2025-10-01,5278.18,6196.13,5737.16
Maharashtra,Nagpur,Agricultural Market,Groundnut,2025-11-01,5753.18,6753.74,6253.46
Maharashtra,Nagpur,Agricultural Market,Groundnut,2025-12-01,5278.14,6196.08,5737.11
Maharashtra,Nagpur,Central Mandi,Chilli,2020-01-01,10525.39,12355.89,11440.64
Maharashtra,Nagpur,Agricultural Market,Chilli,2020-02-01,9847.4,11559.99,10703.69
Maharashtra,Nagpur,Central Mandi,Chilli,2020-03-01,10737.23,12604.58,11670.91
Maharashtra,Nagpur,Agricultural Market,Chilli,2020-04-01,10954.35,12859.45,11906.9
Maharashtra,Nagpur,Agricultural Market,Chilli,2020-05-01,10294.63,12085.0,11189.82
Maharashtra,Nagpur,Main Market,Chilli,2020-06-01,9545.43,11205.51,10375.47
Maharashtra,Nagpur,Main Market,Chilli,2020-07-01,9980.76,11716.55,10848.66
Maharashtra,Nagpur,Main Market,Chilli,2020-08-01,9394.08,11027.83,10210.95
Maharashtra,Nagpur,Agricultural Market,Chilli,2020-09-01,8869.29,10411.77,9640.53
Maharashtra,Nagpur,Main Market,Chilli,2020-10-01,7865.07,9232.91,8548.99
Maharashtra,Nagpur,Main Market,Chilli,2020-11-01,9092.31,10673.58,9882.95
Maharashtra,Nagpur,Central Mandi,Chilli,2020-12-01,9502.38,11154.96,10328.67
Maharashtra,Nagpur,Main Market,Chilli,2021-01-01,11110.53,13042.8,12076.67
Maharashtra,Nagpur,Central Mandi,Chilli,2021-02-01,10514.77,12343.42,11429.09
Maharashtra,Nagpur,Main Market,Chilli,2021-03-01,11568.76,13580.72,12574.74
Maharashtra,Nagpur,Agricultural Market,Chilli,2021-04-01,10941.99,12844.94,11893.46
Maharashtra,Nagpur,Main Market,Chilli,2021-05-01,9976.88,11711.99,10844.44
Maharashtra,Nagpur,Main Market,Chilli,2021-06-01,9944.82,11674.36,10809.59
Maharashtra,Nagpur,Central Mandi,Chilli,2021-07-01,9370.04,10999.61,10184.82
Maharashtra,Nagpur,Main Market,Chilli,2021-08-01,8914.29,10464.6,9689.45
Maharashtra,Nagpur,Agricultural Market,Chilli,2021-09-01,8387.04,9845.66,9116.35
Maharashtra,Nagpur,Main Market,Chilli,2021-10-01,8605.12,10101.67,9353.39
Maharashtra,Nagpur,Agricultural Market,Chilli,2021-11-01,7991.09,9380.85,8685.97
Maharashtra,Nagpur,Agricultural Market,Chilli,2021-12-01,8632.37,10133.66,9383.02
Maharashtra,Nagpur,Agricultural Market,Chilli,2022-01-01,10438.28,12253.63,11345.95
Maharashtra,Nagpur,Central Mandi,Chilli,2022-02-01,11553.5,13562.8,12558.15
Maharashtra,Nagpur,Main Market,Chilli,2022-03-01,10889.08,12782.83,11835.95
Maharashtra,Nagpur,Agricultural Market,Chilli,2022-04-01,11692.57,13726.06,12709.32
Maharashtra,Nagpur,Agricultural Market,Chilli,2022-05-01,11773.75,13821.36,12797.56
Maharashtra,Nagpur,Agricultural Market,Chilli,2022-06-01,10637.68,12487.72,11562.7
Maharashtra,Nagpur,Central Mandi,Chilli,2022-07-01,9776.77,11477.07,10626.92
Maharashtra,Nagpur,Main Market,Chilli,2022-08-01,9068.63,10645.78,9857.2
Maharashtra,Nagpur,Agricultural Market,Chilli,2022-09-01,9071.83,10649.54,9860.68
Maharashtra,Nagpur,Central Mandi,Chilli,2022-10-01,8534.22,10018.43,9276.32
Maharashtra,Nagpur,Central Mandi,Chilli,2022-11-01,9121.64,10708.02,9914.83
Maharashtra,Nagpur,Main Market,Chilli,2022-12-01,9138.15,10727.39,9932.77
Maharashtra,Nagpur,Main Market,Chilli,2023-01-01,10374.03,12178.2,11276.12
Maharashtra,Nagpur,Central Mandi,Chilli,2023-02-01,10936.49,12838.49,11887.49
Maharashtra,Nagpur,Main Market,Chilli,2023-03-01,12014.16,14103.58,13058.87
Maharashtra,Nagpur,Central Mandi,Chilli,2023-04-01,12020.2,14110.67,13065.43
Maharashtra,Nagpur,Agricultural Market,Chilli,2023-05-01,11652.71,13679.27,12665.99
Maharashtra,Nagpur,Central Mandi,Chilli,2023-06-01,10005.22,11745.26,10875.24
Maharashtra,Nagpur,Agricultural Market,Chilli,2023-07-01,9487.69,11137.73,10312.71
Maharashtra,Nagpur,Main Market,Chilli,2023-08-01,10582.01,12422.35,11502.18
Maharashtra,Nagpur,Main Market,Chilli,2023-09-01,8998.57,10563.53,9781.05
Maharashtra,Nagpur,Main Market,Chilli,2023-10-01,9759.3,11456.57,10607.93
Maharashtra,Nagpur,Agricultural Market,Chilli,2023-11-01,10183.39,11954.42,11068.91
Maharashtra,Nagpur,Main Market,Chilli,2023-12-01,9811.52,11517.87,10664.7
Maharashtra,Nagpur,Central Mandi,Chilli,2024-01-01,10438.44,12253.82,11346.13
Maharashtra,Nagpur,Central Mandi,Chilli,2024-02-01,11293.21,13257.25,12275.23
Maharashtra,Nagpur,Agricultural Market,Chilli,2024-03-01,11246.99,13202.99,12224.99
Maharashtra,Nagpur,Central Mandi,Chilli,2024-04-01,11370.26,13347.7,12358.98
Maharashtra,Nagpur,Central Mandi,Chilli,2024-05-01,12268.86,14402.57,13335.72
Maharashtra,Nagpur,Central Mandi,Chilli,2024-06-01,11367.19,13344.1,12355.64
Maharashtra,Nagpur,Central Mandi,Chilli,2024-07-01,10749.46,12618.93,11684.2
Maharashtra,Nagpur,Central Mandi,Chilli,2024-08-01,10314.23,12108.01,11211.12
Maharashtra,Nagpur,Agricultural Market,Chilli,2024-09-01,9787.34,11489.49,10638.42
Maharashtra,Nagpur,Agricultural Market,Chilli,2024-10-01,9814.63,11521.52,10668.08
Maharashtra,Nagpur,Agricultural Market,Chilli,2024-11-01,9356.17,10983.34,10169.75
Maharashtra,Nagpur,Central Mandi,Chilli,2024-12-01,9850.23,11563.32,10706.77
Maharashtra,Nagpur,Agricultural Market,Chilli,2025-01-01,12251.1,14381.72,13316.41
Maharashtra,Nagpur,Main Market,Chilli,2025-02-01,11650.87,13677.11,12663.99
Maharashtra,Nagpur,Agricultural Market,Chilli,2025-03-01,11666.54,13695.5,12681.02
Maharashtra,Nagpur,Main Market,Chilli,2025-04-01,12112.41,14218.92,13165.67
Maharashtra,Nagpur,Agricultural Market,Chilli,2025-05-01,12616.81,14811.04,13713.93
Maharashtra,Nagpur,Main Market,Chilli,2025-06-01,10427.64,12241.15,11334.4
Maharashtra,Nagpur,Central Mandi,Chilli,2025-07-01,11017.0,12933.0,11975.0
Maharashtra,Nagpur,Central Mandi,Chilli,2025-08-01,10049.77,11797.55,10923.66
Maharashtra,Nagpur,Agricultural Market,Chilli,2025-09-01,10582.07,12422.43,11502.25
Maharashtra,Nagpur,Agricultural Market,Chilli,2025-10-01,9573.28,11238.2,10405.74
Maharashtra,Nagpur,Main Market,Chilli,2025-11-01,9607.1,11277.9,10442.5
Maharashtra,Nagpur,Central Mandi,Chilli,2025-12-01,9742.5,11436.85,10589.67
